SUBJECT,FOLDER,RECORDED_DATE,EVENT_CODE,DESCRIPTION,ONSET_DATE,STOP_DATE,SEVERITY,SERIOUS,SERIOUS_CODES,RELATIONSHIP,MEDDRA_LLT,MEDDRA_PT,MEDDRA_HLT,MEDDRA_HLGT,MEDDRA_SOC
701-1015,AELOG,26 DEC 2013,E01,PALPITATIONS,,,1,N,,,PALPITATIONS,PALPITATIONS,HLT_0493,HLGT_0593,CARDIAC DISORDERS
701-1015,AELOG,26 DEC 2013,E02,HEARTBURN,,,1,N,,,HEARTBURN,DYSPEPSIA,HLT_0244,HLGT_0716,GASTROINTESTINAL DISORDERS
701-1015,AELOG,26 DEC 2013,E03,HEADACHE,,,1,N,,,HEADACHE,HEADACHE,HLT_0064,HLGT_0344,NERVOUS SYSTEM DISORDERS
701-1015,AELOG,26 DEC 2013,E04,NUMBNESS IN LEG,,,1,N,,,NUMBNESS IN LEG,HYPOAESTHESIA,HLT_0014,HLGT_0528,NERVOUS SYSTEM DISORDERS
701-1015,AELOG,26 DEC 2013,E05,TINNITUS,,,1,N,,,TINNITUS,TINNITUS,HLT_0570,HLGT_0180,EAR AND LABYRINTH DISORDERS
701-1015,AELOG,16 JAN 2014,E06,DIARRHOEA,09 JAN 2014,11 JAN 2014,1,N,,2,DIARRHEA,DIARRHOEA,HLT_0148,HLGT_0588,GASTROINTESTINAL DISORDERS
701-1015,AELOG,16 JAN 2014,E07,APPLICATION SITE ERYTHEMA,03 JAN 2014,,1,N,,4,APPLICATION SITE REDNESS,APPLICATION SITE ERYTHEMA,HLT_0617,HLGT_0152,GENERAL DISORDERS AND ADMINISTRATION SITE CONDITIONS
701-1015,AELOG,16 JAN 2014,E08,APPLICATION SITE PRURITUS,03 JAN 2014,,1,N,,4,APPLICATION SITE ITCHING,APPLICATION SITE PRURITUS,HLT_0317,HLGT_0338,GENERAL DISORDERS AND ADMINISTRATION SITE CONDITIONS
701-1023,AELOG,22 JUL 2012,E01,DYSPNEA EXERTIONAL,,,1,N,,,DYSPNEA EXERTIONAL,DYSPNOEA EXERTIONAL,HLT_0465,HLGT_0475,"RESPIRATORY, THORACIC AND MEDIASTINAL DISORDERS"
701-1023,AELOG,22 JUL 2012,E02,GASTROESOPHAGEAL REFLUX,,,1,N,,,GASTROESOPHAGEAL REFLUX,GASTROOESOPHAGEAL REFLUX DISEASE,HLT_0407,HLGT_0304,GASTROINTESTINAL DISORDERS
701-1023,AELOG,22 JUL 2012,E03,HIATAL HERNIA,,,1,N,,,HIATAL HERNIA,HIATUS HERNIA,HLT_0159,HLGT_0109,GASTROINTESTINAL DISORDERS
701-1023,AELOG,22 JUL 2012,E04,INDIGESTION,,,1,N,,,INDIGESTION,DYSPEPSIA,HLT_0244,HLGT_0716,GASTROINTESTINAL DISORDERS
701-1023,AELOG,22 JUL 2012,E05,HEADACHE,,,1,N,,,HEADACHE,HEADACHE,HLT_0064,HLGT_0344,NERVOUS SYSTEM DISORDERS
701-1023,AELOG,22 JUL 2012,E06,MUSCULAR PAIN,,,1,N,,,MUSCULAR PAIN,MYALGIA,HLT_0700,HLGT_0121,MUSCULOSKELETAL AND CONNECTIVE TISSUE DISORDERS
701-1023,AELOG,22 JUL 2012,E07,MYOPIA,,,1,N,,,MYOPIA,MYOPIA,HLT_0282,HLGT_0271,EYE DISORDERS
701-1023,AELOG,27 AUG 2012,E08,ERYTHEMA,07 AUG 2012,30 AUG 2012,1,N,,3,ERYTHEMA,ERYTHEMA,HLT_0284,HLGT_0192,SKIN AND SUBCUTANEOUS TISSUE DISORDERS
701-1023,AELOG,02 SEP 2012,E08,ERYTHEMA,07 AUG 2012,30 AUG 2012,1,N,,3,ERYTHEMA,ERYTHEMA,HLT_0284,HLGT_0192,SKIN AND SUBCUTANEOUS TISSUE DISORDERS
701-1023,AELOG,27 AUG 2012,E09,erythema  ,07 AUG 2012,,2,N,,4,LOCALIZED ERYTHEMA,ERYTHEMA,HLT_0284,HLGT_0192,SKIN AND SUBCUTANEOUS TISSUE DISORDERS
701-1023,AELOG,27 AUG 2012,E10,ATRIOVENTRICULAR BLOCK SECOND DEGREE,26 AUG 2012,,1,N,,3,AV BLOCK SECOND DEGREE,ATRIOVENTRICULAR BLOCK SECOND DEGREE,HLT_0415,HLGT_0086,CARDIAC DISORDERS
701-1028,AELOG,11 JUL 2013,E01,LIPOMA,,,2,N,,,LIPOMA,LIPOMA,HLT_0487,HLGT_0591,"NEOPLASMS BENIGN, MALIGNANT AND UNSPECIFIED (INCL CYSTS AND POLYPS)"
701-1028,AELOG,11 JUL 2013,E02,ARTHRITIS,,,2,N,,,ARTHRITIS,ARTHRITIS,HLT_0019,HLGT_0587,MUSCULOSKELETAL AND CONNECTIVE TISSUE DISORDERS
701-1028,AELOG,11 JUL 2013,E03,PRESBYOPIA,,,1,N,,,PRESBYOPIA,PRESBYOPIA,HLT_0230,HLGT_0759,EYE DISORDERS
701-1028,AELOG,01 AUG 2013,E04,APPLICATION SITE ERYTHEMA,21 JUL 2013,,1,N,,3,APPLICATION SITE ERYTHEMA,APPLICATION SITE ERYTHEMA,HLT_0617,HLGT_0152,GENERAL DISORDERS AND ADMINISTRATION SITE CONDITIONS
701-1028,AELOG,14 AUG 2013,E05,APPLICATION SITE PRURITUS,08 AUG 2013,,1,N,,4,APPLICATION SITE ITCHING,APPLICATION SITE PRURITUS,HLT_0317,HLGT_0338,GENERAL DISORDERS AND ADMINISTRATION SITE CONDITIONS
701-1033,AELOG,10 MAR 2014,E01,ANKLE EDEMA,,,1,N,,,ANKLE EDEMA,OEDEMA PERIPHERAL,HLT_0661,HLGT_0137,GENERAL DISORDERS AND ADMINISTRATION SITE CONDITIONS
701-1033,AELOG,10 MAR 2014,E02,BENIGN PROSTATIC HYPERTROPHY,,,1,N,,,BENIGN PROSTATIC HYPERTROPHY,BENIGN PROSTATIC HYPERPLASIA,HLT_0215,HLGT_0568,REPRODUCTIVE SYSTEM AND BREAST DISORDERS
701-1033,AELOG,10 MAR 2014,E03,BALANCE DIFFICULTY,,,1,N,,,BALANCE DIFFICULTY,BALANCE DISORDER,HLT_0541,HLGT_0101,NERVOUS SYSTEM DISORDERS
701-1033,AELOG,10 MAR 2014,E04,GONARTHRITIS,,,1,N,,,GONARTHRITIS,MONARTHRITIS,HLT_0592,HLGT_0196,MUSCULOSKELETAL AND CONNECTIVE TISSUE DISORDERS
701-1033,AELOG,10 MAR 2014,E05,KNEE PAIN,,,1,N,,,KNEE PAIN,ARTHRALGIA,HLT_0375,HLGT_0610,MUSCULOSKELETAL AND CONNECTIVE TISSUE DISORDERS
701-1033,AELOG,10 MAR 2014,E06,MYOPIA,,,1,N,,,MYOPIA,MYOPIA,HLT_0282,HLGT_0271,EYE DISORDERS
701-1033,AELOG,10 MAR 2014,E07,NASAL CONGESTION,,,1,N,,,NASAL CONGESTION,NASAL CONGESTION,HLT_0118,HLGT_0549,"RESPIRATORY, THORACIC AND MEDIASTINAL DISORDERS"
701-1033,AELOG,10 MAR 2014,E08,COUGH,,,1,N,,,COUGH,COUGH,HLT_0701,HLGT_0280,"RESPIRATORY, THORACIC AND MEDIASTINAL DISORDERS"
701-1033,AELOG,10 MAR 2014,E09,ANGINA PECTORIS,,,1,N,,,ANGINA PECTORIS,ANGINA PECTORIS,HLT_0033,HLGT_0063,CARDIAC DISORDERS
701-1034,AELOG,24 JUN 2014,E01,ABDOMINAL PAIN,,,1,N,,,ABDOMINAL PAIN,ABDOMINAL PAIN,HLT_0217,HLGT_0419,GASTROINTESTINAL DISORDERS
701-1034,AELOG,24 JUN 2014,E02,CONSTIPATION,,,1,N,,,CONSTIPATION,CONSTIPATION,HLT_0402,HLGT_0635,GASTROINTESTINAL DISORDERS
701-1034,AELOG,24 JUN 2014,E03,HYPOTHYROIDISM,,,1,N,,,HYPOTHYROIDISM,HYPOTHYROIDISM,HLT_0454,HLGT_0558,ENDOCRINE DISORDERS
701-1034,AELOG,24 JUN 2014,E04,ARTHRITIS,,,1,N,,,ARTHRITIS,ARTHRITIS,HLT_0019,HLGT_0587,MUSCULOSKELETAL AND CONNECTIVE TISSUE DISORDERS
701-1034,AELOG,24 JUN 2014,E05,HYPEROPIA,,,1,N,,,HYPEROPIA,HYPERMETROPIA,HLT_0546,HLGT_0646,EYE DISORDERS
701-1034,AELOG,24 JUN 2014,E06,ARTHRITIS,,,1,N,,,ARTHRITIS,ARTHRITIS,HLT_0019,HLGT_0587,MUSCULOSKELETAL AND CONNECTIVE TISSUE DISORDERS
701-1034,AELOG,18 NOV 2014,E07,FATIGUE,02 NOV 2014,,1,No,,3,FATIGUE,FATIGUE,HLT_0043,HLGT_0181,GENERAL DISORDERS AND ADMINISTRATION SITE CONDITIONS
701-1034,AELOG,25 SEP 2014,E08,APPLICATION SITE PRURITUS,27 AUG 2014,,1,N,,4,APPLICATION SITE ITCHING,APPLICATION SITE PRURITUS,HLT_0317,HLGT_0338,GENERAL DISORDERS AND ADMINISTRATION SITE CONDITIONS
701-1047,AELOG,22 JAN 2013,E01,HIATAL HERNIA,,,1,N,,,HIATAL HERNIA,HIATUS HERNIA,HLT_0159,HLGT_0109,GASTROINTESTINAL DISORDERS
701-1047,AELOG,22 JAN 2013,E02,HYPOTHYROIDISM,,,1,N,,,HYPOTHYROIDISM,HYPOTHYROIDISM,HLT_0454,HLGT_0558,ENDOCRINE DISORDERS
701-1047,AELOG,22 JAN 2013,E03,PSORIASIS,,,1,N,,,PSORIASIS,PSORIASIS,HLT_0740,HLGT_0038,SKIN AND SUBCUTANEOUS TISSUE DISORDERS
701-1047,AELOG,22 JAN 2013,E04,ARTHRITIS,,,1,N,,,ARTHRITIS,ARTHRITIS,HLT_0019,HLGT_0587,MUSCULOSKELETAL AND CONNECTIVE TISSUE DISORDERS
701-1047,AELOG,22 JAN 2013,E05,SINUSITIS,,,1,N,,,SINUSITIS,SINUSITIS,HLT_0262,HLGT_0249,INFECTIONS AND INFESTATIONS
701-1047,AELOG,12 FEB 2013,E06,HIATUS HERNIA,12 FEB 2013,12 FEB 2013,2,N,,1,HERNIA HIATAL,HIATUS HERNIA,HLT_0159,HLGT_0109,GASTROINTESTINAL DISORDERS
701-1047,AELOG,25 FEB 2013,E06,HIATUS HERNIA,12 FEB 2013,12 FEB 2013,2,N,,1,HERNIA HIATAL,HIATUS HERNIA,HLT_0159,HLGT_0109,GASTROINTESTINAL DISORDERS
701-1047,AELOG,22 JAN 2013,E07,NUMBNESS IN HAND,,,1,N,,,NUMBNESS IN HAND,HYPOAESTHESIA,HLT_0014,HLGT_0528,NERVOUS SYSTEM DISORDERS
701-1047,AELOG,10 MAR 2013,E08,UPPER RESPIRATORY TRACT INFECTION,06 MAR 2013,,1,N,,1,UPPER RESPIRATORY INFECTION,UPPER RESPIRATORY TRACT INFECTION,HLT_0520,HLGT_0489,INFECTIONS AND INFESTATIONS
701-1047,AELOG,10 MAR 2013,E09,BUNDLE BRANCH BLOCK LEFT,10 MAR 2013,,1,No,,1,LEFT BUNDLE BRANCH BLOCK,BUNDLE BRANCH BLOCK LEFT,HLT_0281,HLGT_0721,CARDIAC DISORDERS
701-1047,AELOG,22 JAN 2013,E10,EDEMATOUS FEET,,,1,N,,,EDEMATOUS FEET,OEDEMA PERIPHERAL,HLT_0661,HLGT_0137,GENERAL DISORDERS AND ADMINISTRATION SITE CONDITIONS
701-1097,AELOG,23 DEC 2013,E01,GONARTHRITIS,,,1,N,,,GONARTHRITIS,MONARTHRITIS,HLT_0592,HLGT_0196,MUSCULOSKELETAL AND CONNECTIVE TISSUE DISORDERS
701-1097,AELOG,23 DEC 2013,E02,PRESBYOPIA,,,1,N,,,PRESBYOPIA,PRESBYOPIA,HLT_0230,HLGT_0759,EYE DISORDERS
701-1097,AELOG,23 DEC 2013,E03,SINUSITIS,,,1,N,,,SINUSITIS,SINUSITIS,HLT_0262,HLGT_0249,INFECTIONS AND INFESTATIONS
701-1097,AELOG,15 JAN 2014,E04,ERYTHEMA,03 JAN 2014,,1,N,,3,ERYTHEMA,ERYTHEMA,HLT_0284,HLGT_0192,SKIN AND SUBCUTANEOUS TISSUE DISORDERS
701-1097,AELOG,26 FEB 2014,E05,PRURITUS GENERALISED,20 FEB 2014,20 FEB 2014,2,N,,3,GENERALIZED PRURITUS,PRURITUS GENERALISED,HLT_0123,HLGT_0689,SKIN AND SUBCUTANEOUS TISSUE DISORDERS
701-1097,AELOG,26 FEB 2014,E06,APPLICATION SITE PRURITUS,21 FEB 2014,,1,N,,3,APPLICATION SITE ITCHING,APPLICATION SITE PRURITUS,HLT_0317,HLGT_0338,GENERAL DISORDERS AND ADMINISTRATION SITE CONDITIONS
701-1097,AELOG,21 MAY 2014,E06,APPLICATION SITE PRURITUS,21 FEB 2014,,2,N,,3,APPLICATION SITE ITCHING,APPLICATION SITE PRURITUS,HLT_0317,HLGT_0338,GENERAL DISORDERS AND ADMINISTRATION SITE CONDITIONS
701-1097,AELOG,26 FEB 2014,E07,APPLICATION SITE VESICLES,20 FEB 2014,22 FEB 2014,1,N,,4,APPLICATION SITE BLISTER,APPLICATION SITE VESICLES,HLT_0180,HLGT_0576,GENERAL DISORDERS AND ADMINISTRATION SITE CONDITIONS
701-1097,AELOG,26 MAR 2014,E08,PRURITUS GENERALISED,21 MAR 2014,21 MAR 2014,2,N,,3,GENERALIZED PRURITUS,PRURITUS GENERALISED,HLT_0123,HLGT_0689,SKIN AND SUBCUTANEOUS TISSUE DISORDERS
701-1097,AELOG,23 APR 2014,E09,PRURITUS GENERALISED,19 APR 2014,20 APR 2014,2,N,,3,GENERALIZED PRURITUS,PRURITUS GENERALISED,HLT_0123,HLGT_0689,SKIN AND SUBCUTANEOUS TISSUE DISORDERS
701-1097,AELOG,23 APR 2014,E10,PHARYNGOLARYNGEAL PAIN,19 APR 2014,22 APR 2014,1,N,,1,SORE THROAT,PHARYNGOLARYNGEAL PAIN,HLT_0130,HLGT_0402,"RESPIRATORY, THORACIC AND MEDIASTINAL DISORDERS"
701-1097,AELOG,23 APR 2014,E11,NASAL CONGESTION,19 APR 2014,22 APR 2014,1,N,,1,NASAL CONGESTION,NASAL CONGESTION,HLT_0118,HLGT_0549,"RESPIRATORY, THORACIC AND MEDIASTINAL DISORDERS"
701-1097,AELOG,23 APR 2014,E12,PRURITUS GENERALISED,31 MAR 2014,31 MAR 2014,2,N,,3,GENERALIZED PRURITUS,PRURITUS GENERALISED,HLT_0123,HLGT_0689,SKIN AND SUBCUTANEOUS TISSUE DISORDERS
701-1111,AELOG,25 AUG 2012,E01,HYPERTENSION,,,1,N,,,HYPERTENSION,HYPERTENSION,HLT_0228,HLGT_0476,VASCULAR DISORDERS
701-1111,AELOG,25 AUG 2012,E02,VARICOSE VEINS,,,1,N,,,VARICOSE VEINS,VARICOSE VEIN,HLT_0372,HLGT_0037,VASCULAR DISORDERS
701-1111,AELOG,25 AUG 2012,E03,ANKLE EDEMA,,,1,N,,,ANKLE EDEMA,OEDEMA PERIPHERAL,HLT_0661,HLGT_0137,GENERAL DISORDERS AND ADMINISTRATION SITE CONDITIONS
701-1111,AELOG,25 AUG 2012,E04,HIATAL HERNIA,,,1,N,,,HIATAL HERNIA,HIATUS HERNIA,HLT_0159,HLGT_0109,GASTROINTESTINAL DISORDERS
701-1111,AELOG,25 AUG 2012,E05,HYPOTHYROIDISM,,,1,N,,,HYPOTHYROIDISM,HYPOTHYROIDISM,HLT_0454,HLGT_0558,ENDOCRINE DISORDERS
701-1111,AELOG,25 AUG 2012,E06,LOCALIZED INFECTION,,,1,N,,,LOCALIZED INFECTION,LOCALISED INFECTION,HLT_0435,HLGT_0557,INFECTIONS AND INFESTATIONS
701-1111,AELOG,17 SEP 2012,E06,LOCALISED INFECTION,08 JUL 2012,,2,N,,1,LOCALIZED INFECTION,LOCALISED INFECTION,HLT_0435,HLGT_0557,INFECTIONS AND INFESTATIONS
701-1111,AELOG,25 AUG 2012,E07,ARTHRITIS,,,1,N,,,ARTHRITIS,ARTHRITIS,HLT_0019,HLGT_0587,MUSCULOSKELETAL AND CONNECTIVE TISSUE DISORDERS
701-1111,AELOG,25 AUG 2012,E08,BACK PAIN,,,1,N,,,BACK PAIN,BACK PAIN,HLT_0115,HLGT_0508,MUSCULOSKELETAL AND CONNECTIVE TISSUE DISORDERS
701-1111,AELOG,25 AUG 2012,E09,SINUSITIS,,,1,N,,,SINUSITIS,SINUSITIS,HLT_0262,HLGT_0249,INFECTIONS AND INFESTATIONS
701-1111,AELOG,25 AUG 2012,E10,EYEGLASSES WEARER,,,1,N,,,EYEGLASSES WEARER,CORRECTIVE LENS USER,HLT_0776,HLGT_0407,SOCIAL CIRCUMSTANCES
701-1111,AELOG,25 AUG 2012,E11,HEARING LOSS,,,1,N,,,HEARING LOSS,DEAFNESS,HLT_0234,HLGT_0025,EAR AND LABYRINTH DISORDERS
701-1111,AELOG,25 AUG 2012,E12,TINNITUS,,,1,N,,,TINNITUS,TINNITUS,HLT_0570,HLGT_0180,EAR AND LABYRINTH DISORDERS
701-1111,AELOG,25 AUG 2012,E13,OSTEOPOROSIS,,,1,N,,,OSTEOPOROSIS,OSTEOPOROSIS,HLT_0381,HLGT_0634,MUSCULOSKELETAL AND CONNECTIVE TISSUE DISORDERS
701-1111,AELOG,05 SEP 2012,E14,ERYTHEMA,02 SEP 2012,07 SEP 2012,1,N,,1,ERYTHEMA,ERYTHEMA,HLT_0284,HLGT_0192,SKIN AND SUBCUTANEOUS TISSUE DISORDERS
701-1111,AELOG,17 SEP 2012,E14,ERYTHEMA,02 SEP 2012,07 SEP 2012,1,N,,1,ERYTHEMA,ERYTHEMA,HLT_0284,HLGT_0192,SKIN AND SUBCUTANEOUS TISSUE DISORDERS
701-1111,AELOG,05 SEP 2012,E15,PRURITUS,02 SEP 2012,07 SEP 2012,1,N,,1,ITCHING,PRURITUS,HLT_0778,HLGT_0695,SKIN AND SUBCUTANEOUS TISSUE DISORDERS
701-1111,AELOG,17 SEP 2012,E15,PRURITUS,02 SEP 2012,07 SEP 2012,1,N,,1,ITCHING,PRURITUS,HLT_0778,HLGT_0695,SKIN AND SUBCUTANEOUS TISSUE DISORDERS
701-1111,AELOG,17 SEP 2012,E16,ARTHRALGIA,13 SEP 2012,,2,N,,1,GENERALIZED JOINT PAIN,ARTHRALGIA,HLT_0375,HLGT_0610,MUSCULOSKELETAL AND CONNECTIVE TISSUE DISORDERS
701-1111,AELOG,17 SEP 2012,E17,CELLULITIS,13 SEP 2012,,2,N,,1,CELLULITIS OF LEG,CELLULITIS,HLT_0613,HLGT_0066,INFECTIONS AND INFESTATIONS
701-1111,AELOG,17 SEP 2012,E18,MICTURITION URGENCY,07 SEP 2012,,1,N,,1,URINARY URGENCY,MICTURITION URGENCY,HLT_0294,HLGT_0483,RENAL AND URINARY DISORDERS
701-1115,AELOG,23 NOV 2012,E01,CONSTIPATION,,,1,N,,,CONSTIPATION,CONSTIPATION,HLT_0402,HLGT_0635,GASTROINTESTINAL DISORDERS
701-1115,AELOG,23 NOV 2012,E02,PROSTATITIS,,,1,N,,,PROSTATITIS,PROSTATITIS,HLT_0749,HLGT_0104,REPRODUCTIVE SYSTEM AND BREAST DISORDERS
701-1115,AELOG,23 NOV 2012,E03,POLYARTHRITIS,,,1,N,,,POLYARTHRITIS,POLYARTHRITIS,HLT_0134,HLGT_0167,MUSCULOSKELETAL AND CONNECTIVE TISSUE DISORDERS
701-1115,AELOG,23 NOV 2012,E04,HYPEROPIA,,,1,N,,,HYPEROPIA,HYPERMETROPIA,HLT_0546,HLGT_0646,EYE DISORDERS
701-1115,AELOG,23 NOV 2012,E05,DENTURE WEARER,,,1,N,,,DENTURE WEARER,DENTURE WEARER,HLT_0246,HLGT_0763,SOCIAL CIRCUMSTANCES
701-1115,AELOG,23 NOV 2012,E06,NOCTURIA,,,1,N,,,NOCTURIA,NOCTURIA,HLT_0509,HLGT_0605,RENAL AND URINARY DISORDERS
701-1115,AELOG,23 NOV 2012,E07,URINARY URGENCY,,,1,N,,,URINARY URGENCY,MICTURITION URGENCY,HLT_0294,HLGT_0483,RENAL AND URINARY DISORDERS
701-1115,AELOG,23 NOV 2012,E08,POLYARTHRITIS,,,1,N,,,POLYARTHRITIS,POLYARTHRITIS,HLT_0134,HLGT_0167,MUSCULOSKELETAL AND CONNECTIVE TISSUE DISORDERS
701-1115,AELOG,13 DEC 2012,E09,APPLICATION SITE ERYTHEMA,02 DEC 2012,,1,N,,4,APPLICATION SITE REDNESS,APPLICATION SITE ERYTHEMA,HLT_0617,HLGT_0152,GENERAL DISORDERS AND ADMINISTRATION SITE CONDITIONS
701-1115,AELOG,23 JAN 2013,E09,APPLICATION SITE ERYTHEMA,02 DEC 2012,,2,N,,4,APPLICATION SITE REDNESS,APPLICATION SITE ERYTHEMA,HLT_0617,HLGT_0152,GENERAL DISORDERS AND ADMINISTRATION SITE CONDITIONS
701-1115,AELOG,26 DEC 2012,E10,APPLICATION SITE IRRITATION,26 DEC 2012,26 DEC 2012,1,N,,3,APPLICATION SITE BURNING,APPLICATION SITE IRRITATION,HLT_0061,HLGT_0346,GENERAL DISORDERS AND ADMINISTRATION SITE CONDITIONS
701-1115,AELOG,28 DEC 2012,E10,APPLICATION SITE IRRITATION,26 DEC 2012,26 DEC 2012,1,N,,3,APPLICATION SITE BURNING,APPLICATION SITE IRRITATION,HLT_0061,HLGT_0346,GENERAL DISORDERS AND ADMINISTRATION SITE CONDITIONS
701-1115,AELOG,13 DEC 2012,E11,APPLICATION SITE PRURITUS,02 DEC 2012,,1,N,,4,APPLICATION SITE ITCHING,APPLICATION SITE PRURITUS,HLT_0317,HLGT_0338,GENERAL DISORDERS AND ADMINISTRATION SITE CONDITIONS
701-1115,AELOG,23 JAN 2013,E11,APPLICATION SITE PRURITUS,02 DEC 2012,,2,N,,4,APPLICATION SITE ITCHING,APPLICATION SITE PRURITUS,HLT_0317,HLGT_0338,GENERAL DISORDERS AND ADMINISTRATION SITE CONDITIONS
701-1115,AELOG,23 JAN 2013,E11,APPLICATION SITE PRURITUS,02 DEC 2012,,2,N,,4,APPLICATION SITE ITCHING,APPLICATION SITE PRURITUS,HLT_0317,HLGT_0338,GENERAL DISORDERS AND ADMINISTRATION SITE CONDITIONS
701-1115,AELOG,23 JAN 2013,E12,APPLICATION SITE IRRITATION,19 JAN 2013,,2,N,,4,APPLICATION SITE BURNING,APPLICATION SITE IRRITATION,HLT_0061,HLGT_0346,GENERAL DISORDERS AND ADMINISTRATION SITE CONDITIONS
701-1115,AELOG,23 JAN 2013,E13,FATIGUE,14 JAN 2013,,2,N,,2,FATIGUE,FATIGUE,HLT_0043,HLGT_0181,GENERAL DISORDERS AND ADMINISTRATION SITE CONDITIONS
701-1115,AELOG,23 JAN 2013,E14,APPLICATION SITE DERMATITIS,19 JAN 2013,,2,N,,4,APPLICATION SITE RASH,APPLICATION SITE DERMATITIS,HLT_0343,HLGT_0241,GENERAL DISORDERS AND ADMINISTRATION SITE CONDITIONS
701-1118,AELOG,27 FEB 2014,E01,INDIGESTION,,,1,N,,,INDIGESTION,DYSPEPSIA,HLT_0244,HLGT_0716,GASTROINTESTINAL DISORDERS
701-1118,AELOG,27 FEB 2014,E02,HEMORRHOIDS,,,1,N,,,HEMORRHOIDS,HAEMORRHOIDS,HLT_0681,HLGT_0485,GASTROINTESTINAL DISORDERS
701-1118,AELOG,27 FEB 2014,E03,HEADACHE,,,2,N,,,HEADACHE,HEADACHE,HLT_0064,HLGT_0344,NERVOUS SYSTEM DISORDERS
701-1118,AELOG,27 FEB 2014,E04,SINUSITIS,,,1,N,,,SINUSITIS,SINUSITIS,HLT_0262,HLGT_0249,INFECTIONS AND INFESTATIONS
701-1118,AELOG,27 FEB 2014,E05,HYPEROPIA,,,1,N,,,HYPEROPIA,HYPERMETROPIA,HLT_0546,HLGT_0646,EYE DISORDERS
701-1118,AELOG,10 MAR 2014,E06,COUGH,UN UNK 2003,,1,N,,1,COUGH,COUGH,HLT_0701,HLGT_0280,"RESPIRATORY, THORACIC AND MEDIASTINAL DISORDERS"
701-1130,AELOG,09 FEB 2014,E01,TINGLING,,,1,N,,,TINGLING,PARAESTHESIA,HLT_0481,HLGT_0534,NERVOUS SYSTEM DISORDERS
701-1130,AELOG,09 FEB 2014,E02,DRY SKIN,,,1,N,,,DRY SKIN,DRY SKIN,HLT_0028,HLGT_0096,SKIN AND SUBCUTANEOUS TISSUE DISORDERS
701-1130,AELOG,09 FEB 2014,E03,HEARING LOSS UNILATERAL,,,1,N,,,HEARING LOSS UNILATERAL,DEAFNESS UNILATERAL,HLT_0521,HLGT_0683,EAR AND LABYRINTH DISORDERS
701-1130,AELOG,09 FEB 2014,E04,DENTURE WEARER,,,1,N,,,DENTURE WEARER,DENTURE WEARER,HLT_0246,HLGT_0763,SOCIAL CIRCUMSTANCES
701-1130,AELOG,09 FEB 2014,E05,ASTIGMATISM,,,1,N,,,ASTIGMATISM,ASTIGMATISM,HLT_0494,HLGT_0369,EYE DISORDERS
701-1130,AELOG,15 MAR 2014,E06,URINARY TRACT INFECTION,09 MAR 2014,16 MAR 2014,1,N,,1,URINARY TRACT INFECTION,URINARY TRACT INFECTION,HLT_0161,HLGT_0093,INFECTIONS AND INFESTATIONS
701-1130,AELOG,17 MAR 2014,E06,URINARY TRACT INFECTION,09 MAR 2014,16 MAR 2014,1,N,,1,URINARY TRACT INFECTION,URINARY TRACT INFECTION,HLT_0161,HLGT_0093,INFECTIONS AND INFESTATIONS
701-1130,AELOG,15 MAR 2014,E07,PYREXIA,09 MAR 2014,09 MAR 2014,1,N,,1,FEVER,PYREXIA,HLT_0310,HLGT_0652,GENERAL DISORDERS AND ADMINISTRATION SITE CONDITIONS
701-1130,AELOG,16 MAY 2014,E08,EYE SWELLING,09 MAY 2014,09 MAY 2014,1,N,,1,EYES SWOLLEN,EYE SWELLING,HLT_0008,HLGT_0466,EYE DISORDERS
701-1130,AELOG,16 MAY 2014,E09,EYE ALLERGY,09 MAY 2014,09 MAY 2014,1,N,,1,EYE ALLERGY,EYE ALLERGY,HLT_0256,HLGT_0071,EYE DISORDERS
701-1130,AELOG,07 JUN 2014,E10,EYE PRURITUS,22 MAY 2014,,1,N,,2,EYE ITCHING,EYE PRURITUS,HLT_0523,HLGT_0240,EYE DISORDERS
701-1130,AELOG,07 JUN 2014,E11,PRURITUS,22 MAY 2014,,1,N,,2,ITCHING BOTH HANDS,PRURITUS,HLT_0778,HLGT_0695,SKIN AND SUBCUTANEOUS TISSUE DISORDERS
701-1130,AELOG,07 JUN 2014,E12,NASAL CONGESTION,22 MAY 2014,,1,N,,2,NASAL CONGESTION,NASAL CONGESTION,HLT_0118,HLGT_0549,"RESPIRATORY, THORACIC AND MEDIASTINAL DISORDERS"
701-1133,AELOG,23 OCT 2012,E01,POLYARTHRITIS,,,1,N,,,POLYARTHRITIS,POLYARTHRITIS,HLT_0134,HLGT_0167,MUSCULOSKELETAL AND CONNECTIVE TISSUE DISORDERS
701-1133,AELOG,23 OCT 2012,E02,HYPEROPIA,,,1,N,,,HYPEROPIA,HYPERMETROPIA,HLT_0546,HLGT_0646,EYE DISORDERS
701-1133,AELOG,23 OCT 2012,E03,DENTURE WEARER,,,1,N,,,DENTURE WEARER,DENTURE WEARER,HLT_0246,HLGT_0763,SOCIAL CIRCUMSTANCES
701-1133,AELOG,22 JAN 2013,E04,APPLICATION SITE ERYTHEMA,27 DEC 2012,,1,N,,4,APPLICATION SITE REDNESS,APPLICATION SITE ERYTHEMA,HLT_0617,HLGT_0152,GENERAL DISORDERS AND ADMINISTRATION SITE CONDITIONS
701-1133,AELOG,18 FEB 2013,E04,APPLICATION SITE ERYTHEMA,27 DEC 2012,,2,N,,4,APPLICATION SITE REDNESS,APPLICATION SITE ERYTHEMA,HLT_0617,HLGT_0152,GENERAL DISORDERS AND ADMINISTRATION SITE CONDITIONS
701-1133,AELOG,22 JAN 2013,E05,APPLICATION SITE PRURITUS,27 DEC 2012,,1,N,,4,APPLICATION SITE ITCHING,APPLICATION SITE PRURITUS,HLT_0317,HLGT_0338,GENERAL DISORDERS AND ADMINISTRATION SITE CONDITIONS
701-1133,AELOG,18 FEB 2013,E05,APPLICATION SITE PRURITUS,27 DEC 2012,,2,N,,4,APPLICATION SITE ITCHING,APPLICATION SITE PRURITUS,HLT_0317,HLGT_0338,GENERAL DISORDERS AND ADMINISTRATION SITE CONDITIONS
701-1146,AELOG,07 MAY 2013,E01,CONSTIPATION,,,1,N,,,CONSTIPATION,CONSTIPATION,HLT_0402,HLGT_0635,GASTROINTESTINAL DISORDERS
701-1146,AELOG,07 MAY 2013,E02,POLYARTHRITIS,,,1,N,,,POLYARTHRITIS,POLYARTHRITIS,HLT_0134,HLGT_0167,MUSCULOSKELETAL AND CONNECTIVE TISSUE DISORDERS
701-1146,AELOG,07 MAY 2013,E03,KNEE PAIN,,,1,N,,,KNEE PAIN,ARTHRALGIA,HLT_0375,HLGT_0610,MUSCULOSKELETAL AND CONNECTIVE TISSUE DISORDERS
701-1146,AELOG,07 MAY 2013,E04,SINUSITIS,,,1,N,,,SINUSITIS,SINUSITIS,HLT_0262,HLGT_0249,INFECTIONS AND INFESTATIONS
701-1146,AELOG,07 MAY 2013,E05,HEARING LOSS,,,1,N,,,HEARING LOSS,DEAFNESS,HLT_0234,HLGT_0025,EAR AND LABYRINTH DISORDERS
701-1146,AELOG,07 MAY 2013,E06,DEPRESSION,,,1,N,,,DEPRESSION,DEPRESSION,HLT_0167,HLGT_0582,PSYCHIATRIC DISORDERS
701-1146,AELOG,07 MAY 2013,E07,DIARRHEA,,,1,N,,,DIARRHEA,DIARRHOEA,HLT_0148,HLGT_0588,GASTROINTESTINAL DISORDERS
701-1146,AELOG,07 MAY 2013,E08,HEART MURMUR,,,1,N,,,HEART MURMUR,CARDIAC MURMUR,HLT_0085,HLGT_0133,INVESTIGATIONS
701-1146,AELOG,18 MAY 2013,E09,RASH,16 MAY 2013,02 JUN 2013,1,N,,1,RASH,RASH,HLT_0762,HLGT_0198,SKIN AND SUBCUTANEOUS TISSUE DISORDERS
701-1146,AELOG,03 JUN 2013,E09,RASH,16 MAY 2013,02 JUN 2013,1,N,,1,RASH,RASH,HLT_0762,HLGT_0198,SKIN AND SUBCUTANEOUS TISSUE DISORDERS
701-1146,AELOG,03 JUN 2013,E10,APPLICATION SITE IRRITATION,01 JUN 2013,02 JUN 2013,1,N,,4,APPLICATION SITE IRRITATION,APPLICATION SITE IRRITATION,HLT_0061,HLGT_0346,GENERAL DISORDERS AND ADMINISTRATION SITE CONDITIONS
701-1146,AELOG,03 JUN 2013,E11,FATIGUE,03 JUN 2013,,1,N,,3,FATIGUE,FATIGUE,HLT_0043,HLGT_0181,GENERAL DISORDERS AND ADMINISTRATION SITE CONDITIONS
701-1146,AELOG,16 JUN 2013,E12,APPLICATION SITE ERYTHEMA,10 JUN 2013,,1,N,,4,APPLICATION SITE ERYTHEMA,APPLICATION SITE ERYTHEMA,HLT_0617,HLGT_0152,GENERAL DISORDERS AND ADMINISTRATION SITE CONDITIONS
701-1146,AELOG,30 JUN 2013,E12,APPLICATION SITE ERYTHEMA,10 JUN 2013,,2,N,,4,APPLICATION SITE ERYTHEMA,APPLICATION SITE ERYTHEMA,HLT_0617,HLGT_0152,GENERAL DISORDERS AND ADMINISTRATION SITE CONDITIONS
701-1146,AELOG,16 JUN 2013,E13,APPLICATION SITE PRURITUS,10 JUN 2013,,1,N,,4,APPLICATION SITE ITCHING,APPLICATION SITE PRURITUS,HLT_0317,HLGT_0338,GENERAL DISORDERS AND ADMINISTRATION SITE CONDITIONS
701-1146,AELOG,30 JUN 2013,E13,APPLICATION SITE PRURITUS,10 JUN 2013,,2,N,,4,APPLICATION SITE ITCHING,APPLICATION SITE PRURITUS,HLT_0317,HLGT_0338,GENERAL DISORDERS AND ADMINISTRATION SITE CONDITIONS
701-1146,AELOG,30 JUN 2013,E14,APPLICATION SITE PAIN,22 JUN 2013,,2,N,,4,APPLICATION SITE PAIN,APPLICATION SITE PAIN,HLT_0342,HLGT_0085,GENERAL DISORDERS AND ADMINISTRATION SITE CONDITIONS
701-1146,AELOG,30 JUN 2013,E15,APPLICATION SITE VESICLES,26 JUN 2013,,2,N,,4,APPLICATION SITE VESICLES,APPLICATION SITE VESICLES,HLT_0180,HLGT_0576,GENERAL DISORDERS AND ADMINISTRATION SITE CONDITIONS
701-1146,AELOG,30 JUN 2013,E16,APPLICATION SITE IRRITATION,26 JUN 2013,,2,N,,4,APPLICATION SITE BURNING,APPLICATION SITE IRRITATION,HLT_0061,HLGT_0346,GENERAL DISORDERS AND ADMINISTRATION SITE CONDITIONS
701-1148,AELOG,14 AUG 2013,E01,PALPITATIONS,,,1,N,,,PALPITATIONS,PALPITATIONS,HLT_0493,HLGT_0593,CARDIAC DISORDERS
701-1148,AELOG,14 AUG 2013,E02,SHORTNESS OF BREATH,,,1,N,,,SHORTNESS OF BREATH,DYSPNOEA,HLT_0296,HLGT_0255,"RESPIRATORY, THORACIC AND MEDIASTINAL DISORDERS"
701-1148,AELOG,14 AUG 2013,E03,INDIGESTION,,,1,N,,,INDIGESTION,DYSPEPSIA,HLT_0244,HLGT_0716,GASTROINTESTINAL DISORDERS
701-1148,AELOG,08 FEB 2014,E03,DYSPEPSIA,UN FEB 2012,,2,N,,1,INDIGESTION,DYSPEPSIA,HLT_0244,HLGT_0716,GASTROINTESTINAL DISORDERS
701-1148,AELOG,14 AUG 2013,E04,HEADACHE,,,1,N,,,HEADACHE,HEADACHE,HLT_0064,HLGT_0344,NERVOUS SYSTEM DISORDERS
701-1148,AELOG,14 AUG 2013,E05,NUMBNESS OF UPPER ARM,,,1,N,,,NUMBNESS OF UPPER ARM,HYPOAESTHESIA,HLT_0014,HLGT_0528,NERVOUS SYSTEM DISORDERS
701-1148,AELOG,14 AUG 2013,E06,NUMBNESS IN FINGERS,,,1,N,,,NUMBNESS IN FINGERS,HYPOAESTHESIA,HLT_0014,HLGT_0528,NERVOUS SYSTEM DISORDERS
701-1148,AELOG,14 AUG 2013,E07,NUMBNESS IN SHOULDER,,,1,N,,,NUMBNESS IN SHOULDER,HYPOAESTHESIA,HLT_0014,HLGT_0528,NERVOUS SYSTEM DISORDERS
701-1148,AELOG,14 AUG 2013,E08,DIZZINESS,,,1,N,,,DIZZINESS,DIZZINESS,HLT_0619,HLGT_0751,NERVOUS SYSTEM DISORDERS
701-1148,AELOG,14 AUG 2013,E09,POLYARTHRITIS,,,1,N,,,POLYARTHRITIS,POLYARTHRITIS,HLT_0134,HLGT_0167,MUSCULOSKELETAL AND CONNECTIVE TISSUE DISORDERS
701-1148,AELOG,14 AUG 2013,E10,BACK PAIN,,,1,N,,,BACK PAIN,BACK PAIN,HLT_0115,HLGT_0508,MUSCULOSKELETAL AND CONNECTIVE TISSUE DISORDERS
701-1148,AELOG,14 AUG 2013,E11,MUSCULAR PAIN,,,1,N,,,MUSCULAR PAIN,MYALGIA,HLT_0700,HLGT_0121,MUSCULOSKELETAL AND CONNECTIVE TISSUE DISORDERS
701-1148,AELOG,14 AUG 2013,E12,NERVE PAIN,,,1,N,,,NERVE PAIN,NEURALGIA,HLT_0486,HLGT_0172,NERVOUS SYSTEM DISORDERS
701-1148,AELOG,14 AUG 2013,E13,SINUSITIS,,,1,N,,,SINUSITIS,SINUSITIS,HLT_0262,HLGT_0249,INFECTIONS AND INFESTATIONS
701-1148,AELOG,14 AUG 2013,E14,HEARING LOSS BILATERAL,,,1,N,,,HEARING LOSS BILATERAL,DEAFNESS BILATERAL,HLT_0567,HLGT_0426,EAR AND LABYRINTH DISORDERS
701-1148,AELOG,14 AUG 2013,E15,MUSCULAR PAIN,,,1,N,,,MUSCULAR PAIN,MYALGIA,HLT_0700,HLGT_0121,MUSCULOSKELETAL AND CONNECTIVE TISSUE DISORDERS
701-1148,AELOG,14 AUG 2013,E16,NERVE PAIN,,,1,N,,,NERVE PAIN,NEURALGIA,HLT_0486,HLGT_0172,NERVOUS SYSTEM DISORDERS
701-1148,AELOG,14 AUG 2013,E17,TINNITUS,,,1,N,,,TINNITUS,TINNITUS,HLT_0570,HLGT_0180,EAR AND LABYRINTH DISORDERS
701-1148,AELOG,14 AUG 2013,E18,ASTIGMATISM,,,1,N,,,ASTIGMATISM,ASTIGMATISM,HLT_0494,HLGT_0369,EYE DISORDERS
701-1148,AELOG,14 AUG 2013,E19,FELT FAINT,,,1,N,,,FELT FAINT,DIZZINESS,HLT_0619,HLGT_0751,NERVOUS SYSTEM DISORDERS
701-1148,AELOG,05 SEP 2013,E20,APPLICATION SITE ERYTHEMA,25 AUG 2013,,1,N,,4,APPLICATION SITE REDNESS,APPLICATION SITE ERYTHEMA,HLT_0617,HLGT_0152,GENERAL DISORDERS AND ADMINISTRATION SITE CONDITIONS
701-1148,AELOG,05 SEP 2013,E21,APPLICATION SITE PRURITUS,25 AUG 2013,,1,N,,4,APPLICATION SITE ITCHING,APPLICATION SITE PRURITUS,HLT_0317,HLGT_0338,GENERAL DISORDERS AND ADMINISTRATION SITE CONDITIONS
701-1148,AELOG,14 AUG 2013,E22,HAY FEVER,,,1,N,,,HAY FEVER,SEASONAL ALLERGY,HLT_0714,HLGT_0782,IMMUNE SYSTEM DISORDERS
701-1148,AELOG,18 OCT 2013,E23,LOWER RESPIRATORY TRACT INFECTION,12 OCT 2013,10 NOV 2013,2,N,,1,CHEST COLD,LOWER RESPIRATORY TRACT INFECTION,HLT_0052,HLGT_0217,INFECTIONS AND INFESTATIONS
701-1148,AELOG,17 NOV 2013,E23,LOWER RESPIRATORY TRACT INFECTION,12 OCT 2013,10 NOV 2013,2,N,,1,CHEST COLD,LOWER RESPIRATORY TRACT INFECTION,HLT_0052,HLGT_0217,INFECTIONS AND INFESTATIONS
701-1148,AELOG,10 JAN 2014,E24,FLANK PAIN,15 DEC 2013,17 DEC 2013,2,N,,1,FLANK PAIN,FLANK PAIN,HLT_0484,HLGT_0543,MUSCULOSKELETAL AND CONNECTIVE TISSUE DISORDERS
701-1148,AELOG,10 JAN 2014,E25,CALCULUS URETHRAL,17 DEC 2013,17 DEC 2013,2,N,,1,URETHRAL CALCULUS,CALCULUS URETHRAL,HLT_0550,HLGT_0414,RENAL AND URINARY DISORDERS
701-1148,AELOG,14 AUG 2013,E26,DEPRESSED MOOD,,,1,N,,,DEPRESSED MOOD,DEPRESSED MOOD,HLT_0784,HLGT_0122,PSYCHIATRIC DISORDERS
701-1148,AELOG,08 FEB 2014,E26,DEPRESSED MOOD,29 JUL 2013,,2,N,,1,DEPRESSED MOOD,DEPRESSED MOOD,HLT_0784,HLGT_0122,PSYCHIATRIC DISORDERS
701-1148,AELOG,20 FEB 2014,E27,ACTINIC KERATOSIS,12 FEB 2014,,1,N,,1,ACTINIC KERATOSIS,ACTINIC KERATOSIS,HLT_0609,HLGT_0490,SKIN AND SUBCUTANEOUS TISSUE DISORDERS
701-1148,AELOG,10 JAN 2014,E28,EPISTAXIS,03 JAN 2014,03 JAN 2014,1,N,,1,NOSE BLEED,EPISTAXIS,HLT_0386,HLGT_0577,"RESPIRATORY, THORACIC AND MEDIASTINAL DISORDERS"
701-1153,AELOG,06 SEP 2013,E01,ANKLE EDEMA,,,1,N,,,ANKLE EDEMA,OEDEMA PERIPHERAL,HLT_0661,HLGT_0137,GENERAL DISORDERS AND ADMINISTRATION SITE CONDITIONS
701-1153,AELOG,06 SEP 2013,E02,HEADACHE,,,1,N,,,HEADACHE,HEADACHE,HLT_0064,HLGT_0344,NERVOUS SYSTEM DISORDERS
701-1153,AELOG,06 SEP 2013,E03,INCREASED TENDENCY TO BRUISE,,,1,N,,,INCREASED TENDENCY TO BRUISE,INCREASED TENDENCY TO BRUISE,HLT_0359,HLGT_0091,SKIN AND SUBCUTANEOUS TISSUE DISORDERS
701-1153,AELOG,06 SEP 2013,E04,NECK PAIN,,,1,N,,,NECK PAIN,NECK PAIN,HLT_0203,HLGT_0367,MUSCULOSKELETAL AND CONNECTIVE TISSUE DISORDERS
701-1153,AELOG,06 SEP 2013,E05,ASTIGMATISM,,,1,N,,,ASTIGMATISM,ASTIGMATISM,HLT_0494,HLGT_0369,EYE DISORDERS
701-1153,AELOG,19 OCT 2013,E06,INCREASED APPETITE,13 OCT 2013,06 NOV 2013,1,N,,3,INCREASED APPETITE,INCREASED APPETITE,HLT_0566,HLGT_0769,METABOLISM AND NUTRITION DISORDERS
701-1153,AELOG,18 NOV 2013,E06,INCREASED APPETITE,13 OCT 2013,06 NOV 2013,1,N,,3,INCREASED APPETITE,INCREASED APPETITE,HLT_0566,HLGT_0769,METABOLISM AND NUTRITION DISORDERS
701-1180,AELOG,12 FEB 2013,E01,VOMITING,12 FEB 2013,12 FEB 2013,1,N,,1,VOMITING,VOMITING,HLT_0016,HLGT_0350,GASTROINTESTINAL DISORDERS
701-1180,AELOG,25 FEB 2013,E01,VOMITING,12 FEB 2013,12 FEB 2013,1,N,,1,VOMITING,VOMITING,HLT_0016,HLGT_0350,GASTROINTESTINAL DISORDERS
701-1180,AELOG,25 FEB 2013,E02,MICTURITION URGENCY,15 FEB 2013,19 MAR 2013,1,N,,3,URINARY URGENCY,MICTURITION URGENCY,HLT_0294,HLGT_0483,RENAL AND URINARY DISORDERS
701-1180,AELOG,23 MAR 2013,E02,MICTURITION URGENCY,15 FEB 2013,19 MAR 2013,1,N,,3,URINARY URGENCY,MICTURITION URGENCY,HLT_0294,HLGT_0483,RENAL AND URINARY DISORDERS
701-1180,AELOG,11 MAR 2013,E03,NASOPHARYNGITIS,06 MAR 2013,07 MAR 2013,1,N,,1,COLD,NASOPHARYNGITIS,HLT_0036,HLGT_0709,INFECTIONS AND INFESTATIONS
701-1180,AELOG,28 JAN 2013,E04,HEADACHE,,,1,N,,,HEADACHE,HEADACHE,HLT_0064,HLGT_0344,NERVOUS SYSTEM DISORDERS
701-1180,AELOG,11 MAR 2013,E04,HEADACHE,UN UNK 2002,,2,N,,1,HEADACHE,HEADACHE,HLT_0064,HLGT_0344,NERVOUS SYSTEM DISORDERS
701-1180,AELOG,23 MAR 2013,E05,APPLICATION SITE VESICLES,19 MAR 2013,,2,N,,3,APPLICATION SITE BLISTER,APPLICATION SITE VESICLES,HLT_0180,HLGT_0576,GENERAL DISORDERS AND ADMINISTRATION SITE CONDITIONS
701-1180,AELOG,23 MAR 2013,E06,APPLICATION SITE PRURITUS,19 MAR 2013,,2,N,,3,APPLICATION SITE ITCHING,APPLICATION SITE PRURITUS,HLT_0317,HLGT_0338,GENERAL DISORDERS AND ADMINISTRATION SITE CONDITIONS
701-1180,AELOG,23 MAR 2013,E07,APPLICATION SITE ERYTHEMA,19 MAR 2013,,2,N,,3,APPLICATION SITE ERYTHEMA,APPLICATION SITE ERYTHEMA,HLT_0617,HLGT_0152,GENERAL DISORDERS AND ADMINISTRATION SITE CONDITIONS
701-1181,AELOG,26 NOV 2013,E01,HEADACHE,,,1,N,,,HEADACHE,HEADACHE,HLT_0064,HLGT_0344,NERVOUS SYSTEM DISORDERS
701-1181,AELOG,26 NOV 2013,E02,DIZZINESS,,,1,N,,,DIZZINESS,DIZZINESS,HLT_0619,HLGT_0751,NERVOUS SYSTEM DISORDERS
701-1181,AELOG,26 NOV 2013,E03,NOCTURNAL CONFUSION,,,1,N,,,NOCTURNAL CONFUSION,CONFUSIONAL STATE,HLT_0642,HLGT_0329,PSYCHIATRIC DISORDERS
701-1181,AELOG,26 NOV 2013,E04,PAIN TRAUMA ACTIVATED,,,1,N,,,PAIN TRAUMA ACTIVATED,PAIN TRAUMA ACTIVATED,HLT_0579,HLGT_0732,"INJURY, POISONING AND PROCEDURAL COMPLICATIONS"
701-1181,AELOG,26 NOV 2013,E05,PAIN TRAUMA ACTIVATED,,,1,N,,,PAIN TRAUMA ACTIVATED,PAIN TRAUMA ACTIVATED,HLT_0579,HLGT_0732,"INJURY, POISONING AND PROCEDURAL COMPLICATIONS"
701-1181,AELOG,26 NOV 2013,E06,FINGER DEFORMITY,,,1,N,,,FINGER DEFORMITY,FINGER DEFORMITY,HLT_0600,HLGT_0600,MUSCULOSKELETAL AND CONNECTIVE TISSUE DISORDERS
701-1181,AELOG,26 NOV 2013,E07,FINGER AMPUTATION,,,1,N,,,FINGER AMPUTATION,FINGER AMPUTATION,HLT_0746,HLGT_0244,SURGICAL AND MEDICAL PROCEDURES
701-1181,AELOG,26 NOV 2013,E08,BONE INJURY,,,1,N,,,BONE INJURY,SKELETAL INJURY,HLT_0679,HLGT_0099,"INJURY, POISONING AND PROCEDURAL COMPLICATIONS"
701-1181,AELOG,26 NOV 2013,E09,SHOULDER PAIN,,,1,N,,,SHOULDER PAIN,SHOULDER PAIN,HLT_0527,HLGT_0288,MUSCULOSKELETAL AND CONNECTIVE TISSUE DISORDERS
701-1181,AELOG,26 NOV 2013,E10,PAIN IN HIP,,,1,N,,,PAIN IN HIP,ARTHRALGIA,HLT_0375,HLGT_0610,MUSCULOSKELETAL AND CONNECTIVE TISSUE DISORDERS
701-1181,AELOG,26 NOV 2013,E11,KNEE PAIN,,,1,N,,,KNEE PAIN,ARTHRALGIA,HLT_0375,HLGT_0610,MUSCULOSKELETAL AND CONNECTIVE TISSUE DISORDERS
701-1181,AELOG,26 NOV 2013,E13,HEARING LOSS BILATERAL,,,1,N,,,HEARING LOSS BILATERAL,DEAFNESS BILATERAL,HLT_0567,HLGT_0426,EAR AND LABYRINTH DISORDERS
701-1181,AELOG,26 NOV 2013,E14,PRESBYOPIA,,,1,N,,,PRESBYOPIA,PRESBYOPIA,HLT_0230,HLGT_0759,EYE DISORDERS
701-1181,AELOG,26 NOV 2013,E15,DENTURE WEARER,,,1,N,,,DENTURE WEARER,DENTURE WEARER,HLT_0246,HLGT_0763,SOCIAL CIRCUMSTANCES
701-1181,AELOG,12 DEC 2013,E16,AGITATION,09 DEC 2013,09 DEC 2013,2,N,,1,AGITATION,AGITATION,HLT_0140,HLGT_0170,PSYCHIATRIC DISORDERS
701-1181,AELOG,26 NOV 2013,E17,ANKLE EDEMA,,,1,N,,,ANKLE EDEMA,OEDEMA PERIPHERAL,HLT_0661,HLGT_0137,GENERAL DISORDERS AND ADMINISTRATION SITE CONDITIONS
701-1188,AELOG,03 FEB 2013,E01,DRY SKIN,,,1,N,,,DRY SKIN,DRY SKIN,HLT_0028,HLGT_0096,SKIN AND SUBCUTANEOUS TISSUE DISORDERS
701-1188,AELOG,03 FEB 2013,E02,GANGLION,,,1,N,,,GANGLION,GANGLION,HLT_0674,HLGT_0046,MUSCULOSKELETAL AND CONNECTIVE TISSUE DISORDERS
701-1188,AELOG,03 FEB 2013,E03,PRESBYOPIA,,,1,N,,,PRESBYOPIA,PRESBYOPIA,HLT_0230,HLGT_0759,EYE DISORDERS
701-1188,AELOG,02 MAR 2013,E04,ERYTHEMA,16 FEB 2013,,1,N,,4,ERYTHEMA,ERYTHEMA,HLT_0284,HLGT_0192,SKIN AND SUBCUTANEOUS TISSUE DISORDERS
701-1188,AELOG,16 MAR 2013,E04,ERYTHEMA,16 FEB 2013,,2,N,,4,ERYTHEMA,ERYTHEMA,HLT_0284,HLGT_0192,SKIN AND SUBCUTANEOUS TISSUE DISORDERS
701-1188,AELOG,02 MAR 2013,E05,PRURITUS,16 FEB 2013,,1,N,,4,ITCHING,PRURITUS,HLT_0778,HLGT_0695,SKIN AND SUBCUTANEOUS TISSUE DISORDERS
701-1188,AELOG,16 MAR 2013,E05,PRURITUS,16 FEB 2013,,2,N,,4,ITCHING,PRURITUS,HLT_0778,HLGT_0695,SKIN AND SUBCUTANEOUS TISSUE DISORDERS
701-1188,AELOG,16 MAR 2013,E06,URTICARIA,04 MAR 2013,,1,N,,4,WELTS,URTICARIA,HLT_0420,HLGT_0705,SKIN AND SUBCUTANEOUS TISSUE DISORDERS
701-1188,AELOG,25 MAR 2013,E06,URTICARIA,04 MAR 2013,,2,N,,4,WELTS,URTICARIA,HLT_0420,HLGT_0705,SKIN AND SUBCUTANEOUS TISSUE DISORDERS
701-1188,AELOG,25 MAR 2013,E09,APPLICATION SITE URTICARIA,21 MAR 2013,,1,N,,4,APPLICATION SITE URTICARIA,APPLICATION SITE URTICARIA,HLT_0196,HLGT_0233,GENERAL DISORDERS AND ADMINISTRATION SITE CONDITIONS
701-1188,AELOG,25 MAR 2013,E10,URTICARIA,21 MAR 2013,,1,N,,4,WELTS,URTICARIA,HLT_0420,HLGT_0705,SKIN AND SUBCUTANEOUS TISSUE DISORDERS
701-1192,AELOG,08 JUL 2012,E01,COUGH,,,1,N,,,COUGH,COUGH,HLT_0701,HLGT_0280,"RESPIRATORY, THORACIC AND MEDIASTINAL DISORDERS"
701-1192,AELOG,23 SEP 2012,E01,COUGH,UN JUN 2010,,2,N,,1,COUGH,COUGH,HLT_0701,HLGT_0280,"RESPIRATORY, THORACIC AND MEDIASTINAL DISORDERS"
701-1192,AELOG,14 OCT 2012,E01,COUGH,UN JUN 2010,,1,N,,1,COUGH,COUGH,HLT_0701,HLGT_0280,"RESPIRATORY, THORACIC AND MEDIASTINAL DISORDERS"
701-1192,AELOG,08 JUL 2012,E02,THYROID ENLARGED,,,2,N,,,THYROID ENLARGED,GOITRE,HLT_0573,HLGT_0499,ENDOCRINE DISORDERS
701-1192,AELOG,08 JUL 2012,E03,ARTHRITIS,,,1,N,,,ARTHRITIS,ARTHRITIS,HLT_0019,HLGT_0587,MUSCULOSKELETAL AND CONNECTIVE TISSUE DISORDERS
701-1192,AELOG,08 JUL 2012,E04,HEARING LOSS BILATERAL,,,1,N,,,HEARING LOSS BILATERAL,DEAFNESS BILATERAL,HLT_0567,HLGT_0426,EAR AND LABYRINTH DISORDERS
701-1192,AELOG,08 JUL 2012,E05,PRESBYOPIA,,,1,N,,,PRESBYOPIA,PRESBYOPIA,HLT_0230,HLGT_0759,EYE DISORDERS
701-1192,AELOG,07 AUG 2012,E06,NASAL MUCOSA BIOPSY,03 AUG 2012,03 AUG 2012,1,N,,1,NASAL MUCOSA BIOPSY,NASAL MUCOSA BIOPSY,HLT_0680,HLGT_0396,INVESTIGATIONS
701-1192,AELOG,08 JUL 2012,E07,DELAYED HEALING OF WOUND,,,1,N,,,DELAYED HEALING OF WOUND,IMPAIRED HEALING,HLT_0424,HLGT_0459,GENERAL DISORDERS AND ADMINISTRATION SITE CONDITIONS
701-1192,AELOG,07 AUG 2012,E08,SECRETION DISCHARGE,07 AUG 2012,14 SEP 2012,1,N,,1,SECRETION DISCHARGE,SECRETION DISCHARGE,HLT_0683,HLGT_0575,GENERAL DISORDERS AND ADMINISTRATION SITE CONDITIONS
701-1192,AELOG,23 SEP 2012,E08,SECRETION DISCHARGE,07 AUG 2012,14 SEP 2012,1,N,,1,SECRETION DISCHARGE,SECRETION DISCHARGE,HLT_0683,HLGT_0575,GENERAL DISORDERS AND ADMINISTRATION SITE CONDITIONS
701-1192,AELOG,07 AUG 2012,E09,ERYTHEMA,07 AUG 2012,14 SEP 2012,1,N,,1,ERYTHEMA FACIAL,ERYTHEMA,HLT_0284,HLGT_0192,SKIN AND SUBCUTANEOUS TISSUE DISORDERS
701-1192,AELOG,23 SEP 2012,E09,ERYTHEMA,07 AUG 2012,14 SEP 2012,1,N,,1,ERYTHEMA FACIAL,ERYTHEMA,HLT_0284,HLGT_0192,SKIN AND SUBCUTANEOUS TISSUE DISORDERS
701-1192,AELOG,23 SEP 2012,E10,PNEUMONIA,07 SEP 2012,06 OCT 2012,2,N,4,1,PNEUMONIA,PNEUMONIA,HLT_0251,HLGT_0671,INFECTIONS AND INFESTATIONS
701-1192,AELOG,14 OCT 2012,E10,PNEUMONIA,07 SEP 2012,06 OCT 2012,2,N,4,1,PNEUMONIA,PNEUMONIA,HLT_0251,HLGT_0671,INFECTIONS AND INFESTATIONS
701-1192,AELOG,23 SEP 2012,E11,MUSCULAR WEAKNESS,07 SEP 2012,30 SEP 2012,2,N,,1,MUSCULAR WEAKNESS,MUSCULAR WEAKNESS,HLT_0444,HLGT_0211,MUSCULOSKELETAL AND CONNECTIVE TISSUE DISORDERS
701-1192,AELOG,14 OCT 2012,E11,MUSCULAR WEAKNESS,07 SEP 2012,30 SEP 2012,2,N,,1,MUSCULAR WEAKNESS,MUSCULAR WEAKNESS,HLT_0444,HLGT_0211,MUSCULOSKELETAL AND CONNECTIVE TISSUE DISORDERS
701-1192,AELOG,13 DEC 2012,E12,APPLICATION SITE IRRITATION,05 DEC 2012,16 DEC 2012,1,N,,4,APPLICATION SITE BURNING,APPLICATION SITE IRRITATION,HLT_0061,HLGT_0346,GENERAL DISORDERS AND ADMINISTRATION SITE CONDITIONS
701-1192,AELOG,11 JAN 2013,E12,APPLICATION SITE IRRITATION,05 DEC 2012,16 DEC 2012,1,N,,4,APPLICATION SITE BURNING,APPLICATION SITE IRRITATION,HLT_0061,HLGT_0346,GENERAL DISORDERS AND ADMINISTRATION SITE CONDITIONS
701-1192,AELOG,13 DEC 2012,E13,APPLICATION SITE ERYTHEMA,05 DEC 2012,,1,N,,4,APPLICATION SITE REDNESS,APPLICATION SITE ERYTHEMA,HLT_0617,HLGT_0152,GENERAL DISORDERS AND ADMINISTRATION SITE CONDITIONS
701-1192,AELOG,13 DEC 2012,E14,APPLICATION SITE PRURITUS,05 DEC 2012,,1,N,,4,APPLICATION SITE ITCHING,APPLICATION SITE PRURITUS,HLT_0317,HLGT_0338,GENERAL DISORDERS AND ADMINISTRATION SITE CONDITIONS
701-1192,AELOG,08 JUL 2012,E15,INFERIOR MYOCARDIAL INFARCTION,,,1,N,,,INFERIOR MYOCARDIAL INFARCTION,MYOCARDIAL INFARCTION,HLT_0649,HLGT_0688,CARDIAC DISORDERS
701-1203,AELOG,25 JAN 2013,E01,POLYARTHRITIS,,,2,N,,,POLYARTHRITIS,POLYARTHRITIS,HLT_0134,HLGT_0167,MUSCULOSKELETAL AND CONNECTIVE TISSUE DISORDERS
701-1203,AELOG,25 JAN 2013,E02,KNEE PAIN,,,1,N,,,KNEE PAIN,ARTHRALGIA,HLT_0375,HLGT_0610,MUSCULOSKELETAL AND CONNECTIVE TISSUE DISORDERS
701-1203,AELOG,25 JAN 2013,E03,GLAUCOMA,,,2,N,,,GLAUCOMA,GLAUCOMA,HLT_0556,HLGT_0734,EYE DISORDERS
701-1203,AELOG,25 JAN 2013,E04,PRESBYOPIA,,,2,N,,,PRESBYOPIA,PRESBYOPIA,HLT_0230,HLGT_0759,EYE DISORDERS
701-1203,AELOG,30 MAR 2013,E05,EYE LASER SURGERY,21 MAR 2013,21 MAR 2013,1,N,,1,EYE LASER SURGERY,EYE LASER SURGERY,HLT_0355,HLGT_0189,SURGICAL AND MEDICAL PROCEDURES
701-1211,AELOG,30 OCT 2012,E01,NON-INSULIN-DEPENDENT DIABETES MELLITUS,,,1,N,,,NON-INSULIN-DEPENDENT DIABETES MELLITUS,DIABETES MELLITUS NON-INSULIN-DEPENDENT,HLT_0706,HLGT_0092,METABOLISM AND NUTRITION DISORDERS
701-1211,AELOG,30 OCT 2012,E02,DENTURE WEARER,,,1,N,,,DENTURE WEARER,DENTURE WEARER,HLT_0246,HLGT_0763,SOCIAL CIRCUMSTANCES
701-1211,AELOG,28 NOV 2012,E03,JOINT DISLOCATION,21 NOV 2012,21 NOV 2012,2,N,,1,SHOULDER DISLOCATION,JOINT DISLOCATION,HLT_0035,HLGT_0227,"INJURY, POISONING AND PROCEDURAL COMPLICATIONS"
701-1211,AELOG,28 NOV 2012,E04,SHOULDER PAIN,21 NOV 2012,,1,N,,1,SHOULDER PAIN,SHOULDER PAIN,HLT_0527,HLGT_0288,MUSCULOSKELETAL AND CONNECTIVE TISSUE DISORDERS
701-1211,AELOG,11 DEC 2012,E05,APPLICATION SITE ERYTHEMA,29 NOV 2012,,1,N,,3,APPLICATION SITE REDNESS,APPLICATION SITE ERYTHEMA,HLT_0617,HLGT_0152,GENERAL DISORDERS AND ADMINISTRATION SITE CONDITIONS
701-1211,AELOG,11 DEC 2012,E06,SKIN LACERATION,09 DEC 2012,,1,N,,1,LACERATION OF FACE,SKIN LACERATION,HLT_0075,HLGT_0118,"INJURY, POISONING AND PROCEDURAL COMPLICATIONS"
701-1211,AELOG,30 OCT 2012,E07,NOISES IN HEAD,,,1,N,,,NOISES IN HEAD,TINNITUS,HLT_0570,HLGT_0180,EAR AND LABYRINTH DISORDERS
701-1211,AELOG,28 NOV 2012,E08,APPLICATION SITE PRURITUS,16 NOV 2012,,1,N,,3,APPLICATION SITE ITCHING,APPLICATION SITE PRURITUS,HLT_0317,HLGT_0338,GENERAL DISORDERS AND ADMINISTRATION SITE CONDITIONS
701-1211,AELOG,28 NOV 2012,E09,INCONTINENCE,22 NOV 2012,,1,N,,1,INCONTINENCE,INCONTINENCE,HLT_0560,HLGT_0503,RENAL AND URINARY DISORDERS
701-1211,AELOG,30 OCT 2012,E10,DIARRHEA,,,1,N,,,DIARRHEA,DIARRHOEA,HLT_0148,HLGT_0588,GASTROINTESTINAL DISORDERS
701-1211,AELOG,14 JAN 2013,E11,SUDDEN DEATH,14 JAN 2013,14 JAN 2013,3,N,"1,2",1,SUDDEN DEATH,SUDDEN DEATH,HLT_0142,HLGT_0272,GENERAL DISORDERS AND ADMINISTRATION SITE CONDITIONS
701-1211,AELOG,14 JAN 2013,E12,CONFUSIONAL STATE,11 JAN 2013,,2,N,,1,CONFUSION,CONFUSIONAL STATE,HLT_0642,HLGT_0329,PSYCHIATRIC DISORDERS
701-1211,AELOG,14 JAN 2013,E13,DYSPNOEA,11 JAN 2013,,2,N,,1,SHORTNESS OF BREATH,DYSPNOEA,HLT_0296,HLGT_0255,"RESPIRATORY, THORACIC AND MEDIASTINAL DISORDERS"
701-1234,AELOG,20 MAR 2013,E01,PRESBYOPIA,,,1,N,,,PRESBYOPIA,PRESBYOPIA,HLT_0230,HLGT_0759,EYE DISORDERS
701-1239,AELOG,28 DEC 2013,E01,EDEMA,,,1,N,,,EDEMA,OEDEMA,HLT_0656,HLGT_0036,GENERAL DISORDERS AND ADMINISTRATION SITE CONDITIONS
701-1239,AELOG,28 DEC 2013,E02,DIZZINESS,,,1,N,,,DIZZINESS,DIZZINESS,HLT_0619,HLGT_0751,NERVOUS SYSTEM DISORDERS
701-1239,AELOG,28 DEC 2013,E03,TYPE II DIABETES MELLITUS,,,1,N,,,TYPE II DIABETES MELLITUS,DIABETES MELLITUS NON-INSULIN-DEPENDENT,HLT_0706,HLGT_0092,METABOLISM AND NUTRITION DISORDERS
701-1239,AELOG,28 DEC 2013,E04,TINGLING FEET/HANDS,,,1,N,,,TINGLING FEET/HANDS,PARAESTHESIA,HLT_0481,HLGT_0534,NERVOUS SYSTEM DISORDERS
701-1239,AELOG,28 DEC 2013,E05,GOUT,,,1,N,,,GOUT,GOUT,HLT_0396,HLGT_0479,METABOLISM AND NUTRITION DISORDERS
701-1239,AELOG,28 DEC 2013,E06,POLYARTHRITIS,,,1,N,,,POLYARTHRITIS,POLYARTHRITIS,HLT_0134,HLGT_0167,MUSCULOSKELETAL AND CONNECTIVE TISSUE DISORDERS
701-1239,AELOG,28 DEC 2013,E07,HEARING LOSS,,,1,N,,,HEARING LOSS,DEAFNESS,HLT_0234,HLGT_0025,EAR AND LABYRINTH DISORDERS
701-1239,AELOG,28 DEC 2013,E08,MYOPIA,,,1,N,,,MYOPIA,MYOPIA,HLT_0282,HLGT_0271,EYE DISORDERS
701-1239,AELOG,28 DEC 2013,E10,HAIR LOSS,,,1,N,,,HAIR LOSS,ALOPECIA,HLT_0077,HLGT_0234,SKIN AND SUBCUTANEOUS TISSUE DISORDERS
701-1239,AELOG,25 JAN 2014,E11,ERYTHEMA,12 JAN 2014,,1,N,,3,ERYTHEMA,ERYTHEMA,HLT_0284,HLGT_0192,SKIN AND SUBCUTANEOUS TISSUE DISORDERS
701-1239,AELOG,19 FEB 2014,E11,ERYTHEMA,12 JAN 2014,,2,N,,3,ERYTHEMA,ERYTHEMA,HLT_0284,HLGT_0192,SKIN AND SUBCUTANEOUS TISSUE DISORDERS
701-1239,AELOG,25 JAN 2014,E12,PRURITUS,13 JAN 2014,,1,N,,3,ITCHING,PRURITUS,HLT_0778,HLGT_0695,SKIN AND SUBCUTANEOUS TISSUE DISORDERS
701-1239,AELOG,25 JAN 2014,E13,APPLICATION SITE IRRITATION,20 JAN 2014,08 FEB 2014,1,N,,4,APPLICATION SITE IRRITATION,APPLICATION SITE IRRITATION,HLT_0061,HLGT_0346,GENERAL DISORDERS AND ADMINISTRATION SITE CONDITIONS
701-1239,AELOG,10 FEB 2014,E13,APPLICATION SITE IRRITATION,20 JAN 2014,08 FEB 2014,1,N,,4,APPLICATION SITE IRRITATION,APPLICATION SITE IRRITATION,HLT_0061,HLGT_0346,GENERAL DISORDERS AND ADMINISTRATION SITE CONDITIONS
701-1239,AELOG,06 MAR 2014,E14,UPPER RESPIRATORY TRACT INFECTION,20 FEB 2014,12 MAR 2014,1,N,,1,UPPER RESPIRATORY INFECTION,UPPER RESPIRATORY TRACT INFECTION,HLT_0520,HLGT_0489,INFECTIONS AND INFESTATIONS
701-1239,AELOG,02 APR 2014,E14,UPPER RESPIRATORY TRACT INFECTION,20 FEB 2014,12 MAR 2014,1,N,,1,UPPER RESPIRATORY INFECTION,UPPER RESPIRATORY TRACT INFECTION,HLT_0520,HLGT_0489,INFECTIONS AND INFESTATIONS
701-1239,AELOG,25 JAN 2014,E15,SKIN ODOUR ABNORMAL,12 JAN 2014,,1,N,,2,SKIN ODOR ABNORMAL,SKIN ODOUR ABNORMAL,HLT_0510,HLGT_0184,SKIN AND SUBCUTANEOUS TISSUE DISORDERS
701-1239,AELOG,02 APR 2014,E16,FATIGUE,UN MAR 2014,,1,N,,2,FATIGUE,FATIGUE,HLT_0043,HLGT_0181,GENERAL DISORDERS AND ADMINISTRATION SITE CONDITIONS
701-1239,AELOG,02 MAY 2014,E17,HORDEOLUM,UN APR 2014,,1,N,,1,STYE,HORDEOLUM,HLT_0604,HLGT_0290,INFECTIONS AND INFESTATIONS
701-1275,AELOG,25 JAN 2014,E01,NOCTURIA,,,1,N,,,NOCTURIA,NOCTURIA,HLT_0509,HLGT_0605,RENAL AND URINARY DISORDERS
701-1275,AELOG,25 JAN 2014,E02,HEADACHE,,,1,N,,,HEADACHE,HEADACHE,HLT_0064,HLGT_0344,NERVOUS SYSTEM DISORDERS
701-1275,AELOG,25 JAN 2014,E03,HYPEROPIA,,,1,N,,,HYPEROPIA,HYPERMETROPIA,HLT_0546,HLGT_0646,EYE DISORDERS
701-1275,AELOG,22 FEB 2014,E04,NAUSEA,13 FEB 2014,03 JUN 2014,1,N,,3,NAUSEA,NAUSEA,HLT_0742,HLGT_0326,GASTROINTESTINAL DISORDERS
701-1275,AELOG,14 JUN 2014,E04,NAUSEA,13 FEB 2014,03 JUN 2014,1,N,,3,NAUSEA,NAUSEA,HLT_0742,HLGT_0326,GASTROINTESTINAL DISORDERS
701-1275,AELOG,07 MAR 2014,E05,VOMITING,23 FEB 2014,23 FEB 2014,1,N,,3,VOMITING,VOMITING,HLT_0016,HLGT_0350,GASTROINTESTINAL DISORDERS
701-1275,AELOG,07 MAR 2014,E06,ERYTHEMA,24 FEB 2014,12 JUN 2014,1,N,,3,ERYTHEMA,ERYTHEMA,HLT_0284,HLGT_0192,SKIN AND SUBCUTANEOUS TISSUE DISORDERS
701-1275,AELOG,14 JUN 2014,E06,ERYTHEMA,24 FEB 2014,12 JUN 2014,1,N,,3,ERYTHEMA,ERYTHEMA,HLT_0284,HLGT_0192,SKIN AND SUBCUTANEOUS TISSUE DISORDERS
701-1275,AELOG,07 MAR 2014,E07,SALIVARY HYPERSECRETION,24 FEB 2014,03 JUN 2014,1,N,,3,HYPERSALIVATION,SALIVARY HYPERSECRETION,HLT_0374,HLGT_0488,GASTROINTESTINAL DISORDERS
701-1275,AELOG,14 JUN 2014,E07,SALIVARY HYPERSECRETION,24 FEB 2014,03 JUN 2014,1,N,,3,HYPERSALIVATION,SALIVARY HYPERSECRETION,HLT_0374,HLGT_0488,GASTROINTESTINAL DISORDERS
701-1275,AELOG,07 MAR 2014,E08,PAROSMIA,24 FEB 2014,03 JUN 2014,1,N,,3,STRANGE SMELL SENSATION,PAROSMIA,HLT_0258,HLGT_0471,NERVOUS SYSTEM DISORDERS
701-1275,AELOG,14 JUN 2014,E08,PAROSMIA,24 FEB 2014,03 JUN 2014,1,N,,3,STRANGE SMELL SENSATION,PAROSMIA,HLT_0258,HLGT_0471,NERVOUS SYSTEM DISORDERS
701-1275,AELOG,22 MAR 2014,E09,COUGH,12 MAR 2014,27 MAR 2014,1,N,,1,COUGH,COUGH,HLT_0701,HLGT_0280,"RESPIRATORY, THORACIC AND MEDIASTINAL DISORDERS"
701-1275,AELOG,05 APR 2014,E09,COUGH,12 MAR 2014,27 MAR 2014,1,N,,1,COUGH,COUGH,HLT_0701,HLGT_0280,"RESPIRATORY, THORACIC AND MEDIASTINAL DISORDERS"
701-1275,AELOG,22 MAR 2014,E10,NASAL CONGESTION,12 MAR 2014,27 MAR 2014,1,N,,1,NASAL CONGESTION,NASAL CONGESTION,HLT_0118,HLGT_0549,"RESPIRATORY, THORACIC AND MEDIASTINAL DISORDERS"
701-1275,AELOG,05 APR 2014,E10,NASAL CONGESTION,12 MAR 2014,27 MAR 2014,1,N,,1,NASAL CONGESTION,NASAL CONGESTION,HLT_0118,HLGT_0549,"RESPIRATORY, THORACIC AND MEDIASTINAL DISORDERS"
701-1275,AELOG,07 MAR 2014,E11,PRURITUS,24 FEB 2014,12 JUN 2014,1,N,,3,ITCHING,PRURITUS,HLT_0778,HLGT_0695,SKIN AND SUBCUTANEOUS TISSUE DISORDERS
701-1275,AELOG,14 JUN 2014,E11,PRURITUS,24 FEB 2014,12 JUN 2014,1,N,,3,ITCHING,PRURITUS,HLT_0778,HLGT_0695,SKIN AND SUBCUTANEOUS TISSUE DISORDERS
701-1287,AELOG,17 JAN 2014,E01,MYOPIA,,,1,N,,,MYOPIA,MYOPIA,HLT_0282,HLGT_0271,EYE DISORDERS
701-1287,AELOG,11 FEB 2014,E02,SALIVARY HYPERSECRETION,26 JAN 2014,,1,N,,1,INCREASED SALIVATION,SALIVARY HYPERSECRETION,HLT_0374,HLGT_0488,GASTROINTESTINAL DISORDERS
701-1287,AELOG,06 MAR 2014,E03,APPLICATION SITE PRURITUS,22 FEB 2014,,1,N,,3,APPLICATION SITE ITCHING,APPLICATION SITE PRURITUS,HLT_0317,HLGT_0338,GENERAL DISORDERS AND ADMINISTRATION SITE CONDITIONS
701-1287,AELOG,21 MAR 2014,E04,APPLICATION SITE ERYTHEMA,09 MAR 2014,,1,N,,4,APPLICATION SITE REDNESS,APPLICATION SITE ERYTHEMA,HLT_0617,HLGT_0152,GENERAL DISORDERS AND ADMINISTRATION SITE CONDITIONS
701-1287,AELOG,12 JUL 2014,E05,RHINORRHOEA,09 JUL 2014,12 JUL 2014,1,N,,1,RUNNY NOSE,RHINORRHOEA,HLT_0635,HLGT_0460,"RESPIRATORY, THORACIC AND MEDIASTINAL DISORDERS"
701-1287,AELOG,26 JUL 2014,E05,RHINORRHOEA,09 JUL 2014,12 JUL 2014,1,N,,1,RUNNY NOSE,RHINORRHOEA,HLT_0635,HLGT_0460,"RESPIRATORY, THORACIC AND MEDIASTINAL DISORDERS"
701-1294,AELOG,17 MAR 2013,E01,GENITAL HERPES,,,1,N,,,GENITAL HERPES,HERPES SIMPLEX,HLT_0715,HLGT_0438,INFECTIONS AND INFESTATIONS
701-1294,AELOG,17 MAR 2013,E02,POLYARTHRITIS,,,1,N,,,POLYARTHRITIS,POLYARTHRITIS,HLT_0134,HLGT_0167,MUSCULOSKELETAL AND CONNECTIVE TISSUE DISORDERS
701-1294,AELOG,17 MAR 2013,E03,ARTHRITIS OF NECK,,,1,N,,,ARTHRITIS OF NECK,SPONDYLITIS,HLT_0418,HLGT_0708,MUSCULOSKELETAL AND CONNECTIVE TISSUE DISORDERS
701-1294,AELOG,17 MAR 2013,E04,SINUSITIS,,,1,N,,,SINUSITIS,SINUSITIS,HLT_0262,HLGT_0249,INFECTIONS AND INFESTATIONS
701-1294,AELOG,17 MAR 2013,E05,VISION DECREASED,,,1,N,,,VISION DECREASED,VISUAL ACUITY REDUCED,HLT_0421,HLGT_0524,EYE DISORDERS
701-1294,AELOG,24 MAR 2013,E06,APPLICATION SITE PRURITUS,22 MAR 2013,23 MAR 2013,2,N,,1,APPLICATION SITE ITCHING,APPLICATION SITE PRURITUS,HLT_0317,HLGT_0338,GENERAL DISORDERS AND ADMINISTRATION SITE CONDITIONS
701-1294,AELOG,22 MAY 2013,E07,APPLICATION SITE PRURITUS,19 MAY 2013,,1,N,,3,APPLICATION SITE ITCHING,APPLICATION SITE PRURITUS,HLT_0317,HLGT_0338,GENERAL DISORDERS AND ADMINISTRATION SITE CONDITIONS
701-1294,AELOG,14 JUN 2013,E07,APPLICATION SITE PRURITUS,19 MAY 2013,,2,N,,3,APPLICATION SITE ITCHING,APPLICATION SITE PRURITUS,HLT_0317,HLGT_0338,GENERAL DISORDERS AND ADMINISTRATION SITE CONDITIONS
701-1294,AELOG,22 MAY 2013,E08,APPLICATION SITE ERYTHEMA,19 MAY 2013,,1,N,,4,APPLICATION SITE REDNESS,APPLICATION SITE ERYTHEMA,HLT_0617,HLGT_0152,GENERAL DISORDERS AND ADMINISTRATION SITE CONDITIONS
701-1294,AELOG,14 JUN 2013,E08,APPLICATION SITE ERYTHEMA,19 MAY 2013,,2,N,,4,APPLICATION SITE REDNESS,APPLICATION SITE ERYTHEMA,HLT_0617,HLGT_0152,GENERAL DISORDERS AND ADMINISTRATION SITE CONDITIONS
701-1294,AELOG,14 JUN 2013,E09,RASH ERYTHEMATOUS,10 JUN 2013,,2,N,,4,ERYTHEMATOUS RASH,RASH ERYTHEMATOUS,HLT_0336,HLGT_0701,SKIN AND SUBCUTANEOUS TISSUE DISORDERS
701-1302,AELOG,20 AUG 2013,E01,OPHTHALMIC MIGRAINE,,,1,N,,,OPHTHALMIC MIGRAINE,MIGRAINE WITH AURA,HLT_0029,HLGT_0710,NERVOUS SYSTEM DISORDERS
701-1302,AELOG,20 AUG 2013,E02,HEADACHE,,,1,N,,,HEADACHE,HEADACHE,HLT_0064,HLGT_0344,NERVOUS SYSTEM DISORDERS
701-1302,AELOG,20 AUG 2013,E03,DILATED VEINS,,,1,N,,,DILATED VEINS,VASODILATATION,HLT_0453,HLGT_0394,VASCULAR DISORDERS
701-1302,AELOG,20 AUG 2013,E04,HERPES LESION INTRA-ORAL,,,1,N,,,HERPES LESION INTRA-ORAL,HERPES SIMPLEX,HLT_0715,HLGT_0438,INFECTIONS AND INFESTATIONS
701-1302,AELOG,20 AUG 2013,E05,WHIPLASH INJURY,,,1,N,,,WHIPLASH INJURY,WHIPLASH INJURY,HLT_0632,HLGT_0653,"INJURY, POISONING AND PROCEDURAL COMPLICATIONS"
701-1302,AELOG,20 AUG 2013,E06,LOW BACK PAIN,,,1,N,,,LOW BACK PAIN,BACK PAIN,HLT_0115,HLGT_0508,MUSCULOSKELETAL AND CONNECTIVE TISSUE DISORDERS
701-1302,AELOG,20 AUG 2013,E07,MYOPIA,,,1,N,,,MYOPIA,MYOPIA,HLT_0282,HLGT_0271,EYE DISORDERS
701-1302,AELOG,20 AUG 2013,E08,HEARING LOSS,,,1,N,,,HEARING LOSS,DEAFNESS,HLT_0234,HLGT_0025,EAR AND LABYRINTH DISORDERS
701-1302,AELOG,20 AUG 2013,E09,DENTURE WEARER,,,1,N,,,DENTURE WEARER,DENTURE WEARER,HLT_0246,HLGT_0763,SOCIAL CIRCUMSTANCES
701-1302,AELOG,20 AUG 2013,E10,DENTURE WEARER,,,1,N,,,DENTURE WEARER,DENTURE WEARER,HLT_0246,HLGT_0763,SOCIAL CIRCUMSTANCES
701-1302,AELOG,20 AUG 2013,E11,CONSTIPATION,,,1,N,,,CONSTIPATION,CONSTIPATION,HLT_0402,HLGT_0635,GASTROINTESTINAL DISORDERS
701-1302,AELOG,20 AUG 2013,E12,ENLARGED PROSTATE,,,1,N,,,ENLARGED PROSTATE,BENIGN PROSTATIC HYPERPLASIA,HLT_0215,HLGT_0568,REPRODUCTIVE SYSTEM AND BREAST DISORDERS
701-1302,AELOG,15 SEP 2013,E13,NASAL CONGESTION,01 SEP 2013,,1,N,,1,NASAL CONGESTION,NASAL CONGESTION,HLT_0118,HLGT_0549,"RESPIRATORY, THORACIC AND MEDIASTINAL DISORDERS"
701-1302,AELOG,15 SEP 2013,E14,PHARYNGOLARYNGEAL PAIN,02 SEP 2013,,1,N,,1,SORE THROAT,PHARYNGOLARYNGEAL PAIN,HLT_0130,HLGT_0402,"RESPIRATORY, THORACIC AND MEDIASTINAL DISORDERS"
701-1302,AELOG,15 SEP 2013,E15,PRODUCTIVE COUGH,02 SEP 2013,,1,N,,1,PRODUCTIVE COUGH,PRODUCTIVE COUGH,HLT_0545,HLGT_0681,"RESPIRATORY, THORACIC AND MEDIASTINAL DISORDERS"
701-1302,AELOG,15 SEP 2013,E16,MALAISE,02 SEP 2013,,1,N,,2,MALAISE,MALAISE,HLT_0456,HLGT_0178,GENERAL DISORDERS AND ADMINISTRATION SITE CONDITIONS
701-1302,AELOG,05 NOV 2013,E16,MALAISE,02 SEP 2013,,2,N,,2,MALAISE,MALAISE,HLT_0456,HLGT_0178,GENERAL DISORDERS AND ADMINISTRATION SITE CONDITIONS
701-1302,AELOG,15 SEP 2013,E17,DIZZINESS,02 SEP 2013,03 SEP 2013,2,N,,2,DIZZY,DIZZINESS,HLT_0619,HLGT_0751,NERVOUS SYSTEM DISORDERS
701-1302,AELOG,15 SEP 2013,E18,MYALGIA,02 SEP 2013,,1,N,,3,MYALGIA,MYALGIA,HLT_0700,HLGT_0121,MUSCULOSKELETAL AND CONNECTIVE TISSUE DISORDERS
701-1302,AELOG,15 SEP 2013,E19,CONTUSION,05 SEP 2013,08 OCT 2013,1,N,,2,BRUISE,CONTUSION,HLT_0713,HLGT_0381,"INJURY, POISONING AND PROCEDURAL COMPLICATIONS"
701-1302,AELOG,22 OCT 2013,E19,CONTUSION,05 SEP 2013,08 OCT 2013,1,N,,2,BRUISE,CONTUSION,HLT_0713,HLGT_0381,"INJURY, POISONING AND PROCEDURAL COMPLICATIONS"
701-1302,AELOG,15 SEP 2013,E20,DIZZINESS,04 SEP 2013,,1,N,,3,LIGHTHEADEDNESS,DIZZINESS,HLT_0619,HLGT_0751,NERVOUS SYSTEM DISORDERS
701-1302,AELOG,15 SEP 2013,E21,APPLICATION SITE PERSPIRATION,30 AUG 2013,,1,N,,3,APPLICATION SITE PERSPIRATION,APPLICATION SITE PERSPIRATION,HLT_0283,HLGT_0403,GENERAL DISORDERS AND ADMINISTRATION SITE CONDITIONS
701-1302,AELOG,15 SEP 2013,E22,PAIN,31 AUG 2013,,1,N,,3,STINGING,PAIN,HLT_0314,HLGT_0478,GENERAL DISORDERS AND ADMINISTRATION SITE CONDITIONS
701-1302,AELOG,15 SEP 2013,E23,HEADACHE,15 SEP 2013,,1,N,,1,HEADACHE,HEADACHE,HLT_0064,HLGT_0344,NERVOUS SYSTEM DISORDERS
701-1302,AELOG,15 SEP 2013,E24,HYPERHIDROSIS,30 AUG 2013,,1,N,,3,PERSPIRATION EXCESSIVE,HYPERHIDROSIS,HLT_0587,HLGT_0005,SKIN AND SUBCUTANEOUS TISSUE DISORDERS
701-1302,AELOG,08 OCT 2013,E25,EPISTAXIS,30 SEP 2013,,1,N,,2,NOSE BLEED,EPISTAXIS,HLT_0386,HLGT_0577,"RESPIRATORY, THORACIC AND MEDIASTINAL DISORDERS"
701-1302,AELOG,15 SEP 2013,E26,STOMACH DISCOMFORT,30 AUG 2013,,1,N,,3,STOMACH UPSET,STOMACH DISCOMFORT,HLT_0065,HLGT_0183,GASTROINTESTINAL DISORDERS
701-1302,AELOG,22 OCT 2013,E27,APPLICATION SITE ERYTHEMA,15 OCT 2013,,1,N,,4,APPLICATION SITE REDNESS,APPLICATION SITE ERYTHEMA,HLT_0617,HLGT_0152,GENERAL DISORDERS AND ADMINISTRATION SITE CONDITIONS
701-1302,AELOG,22 OCT 2013,E28,APPLICATION SITE PRURITUS,15 OCT 2013,,1,N,,4,APPLICATION SITE ITCHING,APPLICATION SITE PRURITUS,HLT_0317,HLGT_0338,GENERAL DISORDERS AND ADMINISTRATION SITE CONDITIONS
701-1302,AELOG,05 NOV 2013,E29,RESPIRATORY TRACT CONGESTION,23 OCT 2013,,1,N,,1,RESPIRATORY TRACT CONGESTION,RESPIRATORY TRACT CONGESTION,HLT_0330,HLGT_0424,"RESPIRATORY, THORACIC AND MEDIASTINAL DISORDERS"
701-1302,AELOG,05 NOV 2013,E30,RHINITIS,23 OCT 2013,,1,N,,1,CORYZA,RHINITIS,HLT_0239,HLGT_0322,INFECTIONS AND INFESTATIONS
701-1302,AELOG,05 NOV 2013,E31,FEELING ABNORMAL,24 OCT 2013,,1,N,,3,FOGGY FEELING IN HEAD,FEELING ABNORMAL,HLT_0524,HLGT_0749,GENERAL DISORDERS AND ADMINISTRATION SITE CONDITIONS
701-1302,AELOG,05 NOV 2013,E32,LISTLESS,24 OCT 2013,,1,N,,3,LISTLESSNESS,LISTLESS,HLT_0657,HLGT_0124,PSYCHIATRIC DISORDERS
701-1302,AELOG,05 NOV 2013,E33,LIBIDO DECREASED,24 OCT 2013,,1,N,,3,LIBIDO DECREASED,LIBIDO DECREASED,HLT_0338,HLGT_0496,PSYCHIATRIC DISORDERS
701-1317,AELOG,10 MAY 2014,E01,HEMORRHOIDS,,,1,N,,,HEMORRHOIDS,HAEMORRHOIDS,HLT_0681,HLGT_0485,GASTROINTESTINAL DISORDERS
701-1317,AELOG,10 MAY 2014,E02,HEARTBURN,,,1,N,,,HEARTBURN,DYSPEPSIA,HLT_0244,HLGT_0716,GASTROINTESTINAL DISORDERS
701-1317,AELOG,10 MAY 2014,E03,NOCTURIA,,,1,N,,,NOCTURIA,NOCTURIA,HLT_0509,HLGT_0605,RENAL AND URINARY DISORDERS
701-1317,AELOG,10 MAY 2014,E04,HEADACHE,,,1,N,,,HEADACHE,HEADACHE,HLT_0064,HLGT_0344,NERVOUS SYSTEM DISORDERS
701-1317,AELOG,10 MAY 2014,E05,GENITAL HERPES,,,1,N,,,GENITAL HERPES,HERPES SIMPLEX,HLT_0715,HLGT_0438,INFECTIONS AND INFESTATIONS
701-1317,AELOG,10 MAY 2014,E06,SKIN NODULE,,,1,N,,,SKIN NODULE,SKIN NODULE,HLT_0540,HLGT_0334,SKIN AND SUBCUTANEOUS TISSUE DISORDERS
701-1317,AELOG,10 MAY 2014,E07,RHEUMATOID ARTHRITIS,,,1,N,,,RHEUMATOID ARTHRITIS,RHEUMATOID ARTHRITIS,HLT_0390,HLGT_0743,MUSCULOSKELETAL AND CONNECTIVE TISSUE DISORDERS
701-1317,AELOG,10 MAY 2014,E08,HEARING LOSS,,,1,N,,,HEARING LOSS,DEAFNESS,HLT_0234,HLGT_0025,EAR AND LABYRINTH DISORDERS
701-1317,AELOG,10 MAY 2014,E09,NEARSIGHTED,,,1,N,,,NEARSIGHTED,MYOPIA,HLT_0282,HLGT_0271,EYE DISORDERS
701-1317,AELOG,10 MAY 2014,E10,TOOTHACHE,,,1,N,,,TOOTHACHE,TOOTHACHE,HLT_0470,HLGT_0525,GASTROINTESTINAL DISORDERS
701-1317,AELOG,20 MAY 2014,E11,ONYCHOMYCOSIS,13 MAY 2014,,1,N,,1,ONYCHOMYCOSIS,ONYCHOMYCOSIS,HLT_0275,HLGT_0243,INFECTIONS AND INFESTATIONS
701-1317,AELOG,20 MAY 2014,E12,CYST,13 MAY 2014,,1,N,,1,CYST,CYST,HLT_0763,HLGT_0341,GENERAL DISORDERS AND ADMINISTRATION SITE CONDITIONS
701-1317,AELOG,03 JUL 2014,E13,APPLICATION SITE ERYTHEMA,23 JUN 2014,,1,N,,3,APPLICATION SITE REDNESS,APPLICATION SITE ERYTHEMA,HLT_0617,HLGT_0152,GENERAL DISORDERS AND ADMINISTRATION SITE CONDITIONS
701-1317,AELOG,03 JUL 2014,E14,APPLICATION SITE PRURITUS,23 JUN 2014,,1,N,,3,APPLICATION SITE ITCHING,APPLICATION SITE PRURITUS,HLT_0317,HLGT_0338,GENERAL DISORDERS AND ADMINISTRATION SITE CONDITIONS
701-1317,AELOG,03 JUL 2014,E15,APPLICATION SITE URTICARIA,23 JUN 2014,,1,N,,3,APPLICATION SITE URTICARIA,APPLICATION SITE URTICARIA,HLT_0196,HLGT_0233,GENERAL DISORDERS AND ADMINISTRATION SITE CONDITIONS
701-1317,AELOG,22 JUL 2014,E16,DEPRESSED MOOD,04 JUL 2014,,1,N,,3,DEPRESSED MOOD,DEPRESSED MOOD,HLT_0784,HLGT_0122,PSYCHIATRIC DISORDERS
701-1317,AELOG,09 OCT 2014,E16,DEPRESSED MOOD,04 JUL 2014,,2,N,,3,DEPRESSED MOOD,DEPRESSED MOOD,HLT_0784,HLGT_0122,PSYCHIATRIC DISORDERS
701-1317,AELOG,09 OCT 2014,E17,FATIGUE,12 SEP 2014,,1,N,,2,TIREDNESS,FATIGUE,HLT_0043,HLGT_0181,GENERAL DISORDERS AND ADMINISTRATION SITE CONDITIONS
701-1317,AELOG,06 NOV 2014,E18,DYSPHONIA,03 NOV 2014,,1,N,,2,HOARSENESS,DYSPHONIA,HLT_0073,HLGT_0274,"RESPIRATORY, THORACIC AND MEDIASTINAL DISORDERS"
701-1324,AELOG,16 SEP 2012,E01,TINNITUS,,,1,N,,,TINNITUS,TINNITUS,HLT_0570,HLGT_0180,EAR AND LABYRINTH DISORDERS
701-1324,AELOG,16 SEP 2012,E02,HYPEROPIA,,,2,N,,,HYPEROPIA,HYPERMETROPIA,HLT_0546,HLGT_0646,EYE DISORDERS
701-1324,AELOG,16 SEP 2012,E03,CATARACTS,,,1,N,,,CATARACTS,CATARACT,HLT_0090,HLGT_0498,EYE DISORDERS
701-1324,AELOG,30 OCT 2012,E04,APPLICATION SITE ERYTHEMA,22 OCT 2012,,1,N,,4,APPLICATION SITE ERYTHEMA,APPLICATION SITE ERYTHEMA,HLT_0617,HLGT_0152,GENERAL DISORDERS AND ADMINISTRATION SITE CONDITIONS
701-1324,AELOG,25 DEC 2012,E05,APPLICATION SITE VESICLES,25 DEC 2012,16 JAN 2013,1,N,,4,APPLICATION SITE BLISTER,APPLICATION SITE VESICLES,HLT_0180,HLGT_0576,GENERAL DISORDERS AND ADMINISTRATION SITE CONDITIONS
701-1324,AELOG,22 JAN 2013,E05,APPLICATION SITE VESICLES,25 DEC 2012,16 JAN 2013,1,N,,4,APPLICATION SITE BLISTER,APPLICATION SITE VESICLES,HLT_0180,HLGT_0576,GENERAL DISORDERS AND ADMINISTRATION SITE CONDITIONS
701-1324,AELOG,25 DEC 2012,E06,APPLICATION SITE PRURITUS,02 DEC 2012,,1,N,,4,APPLICATION SITE ITCHING,APPLICATION SITE PRURITUS,HLT_0317,HLGT_0338,GENERAL DISORDERS AND ADMINISTRATION SITE CONDITIONS
701-1341,AELOG,22 DEC 2012,E01,HYPERTENSION,,,1,N,,,HYPERTENSION,HYPERTENSION,HLT_0228,HLGT_0476,VASCULAR DISORDERS
701-1341,AELOG,22 DEC 2012,E02,EDEMA HANDS,,,1,N,,,EDEMA HANDS,OEDEMA PERIPHERAL,HLT_0661,HLGT_0137,GENERAL DISORDERS AND ADMINISTRATION SITE CONDITIONS
701-1341,AELOG,22 DEC 2012,E03,COUGH NONPRODUCTIVE,,,1,N,,,COUGH NONPRODUCTIVE,COUGH,HLT_0701,HLGT_0280,"RESPIRATORY, THORACIC AND MEDIASTINAL DISORDERS"
701-1341,AELOG,22 DEC 2012,E04,LIGHTHEADEDNESS,,,1,N,,,LIGHTHEADEDNESS,DIZZINESS,HLT_0619,HLGT_0751,NERVOUS SYSTEM DISORDERS
701-1341,AELOG,22 DEC 2012,E05,POLYARTHRITIS,,,1,N,,,POLYARTHRITIS,POLYARTHRITIS,HLT_0134,HLGT_0167,MUSCULOSKELETAL AND CONNECTIVE TISSUE DISORDERS
701-1341,AELOG,22 DEC 2012,E06,HYPEROPIA,,,1,N,,,HYPEROPIA,HYPERMETROPIA,HLT_0546,HLGT_0646,EYE DISORDERS
701-1341,AELOG,22 DEC 2012,E07,DEPRESSION,,,1,N,,,DEPRESSION,DEPRESSION,HLT_0167,HLGT_0582,PSYCHIATRIC DISORDERS
701-1341,AELOG,22 DEC 2012,E08,ARTHRITIS,,,1,N,,,ARTHRITIS,ARTHRITIS,HLT_0019,HLGT_0587,MUSCULOSKELETAL AND CONNECTIVE TISSUE DISORDERS
701-1341,AELOG,07 FEB 2013,E09,APPLICATION SITE PRURITUS,19 JAN 2013,,2,N,,4,APPLICATION SITE ITCHING,APPLICATION SITE PRURITUS,HLT_0317,HLGT_0338,GENERAL DISORDERS AND ADMINISTRATION SITE CONDITIONS
701-1341,AELOG,07 FEB 2013,E10,APPLICATION SITE ERYTHEMA,19 JAN 2013,,2,N,,4,APPLICATION SITE REDNESS,APPLICATION SITE ERYTHEMA,HLT_0617,HLGT_0152,GENERAL DISORDERS AND ADMINISTRATION SITE CONDITIONS
701-1341,AELOG,07 FEB 2013,E11,APPLICATION SITE PRURITUS,26 JAN 2013,30 JAN 2013,2,N,,4,APPLICATION SITE ITCHING,APPLICATION SITE PRURITUS,HLT_0317,HLGT_0338,GENERAL DISORDERS AND ADMINISTRATION SITE CONDITIONS
701-1341,AELOG,07 FEB 2013,E12,APPLICATION SITE ERYTHEMA,26 JAN 2013,,2,N,,4,APPLICATION SITE REDNESS,APPLICATION SITE ERYTHEMA,HLT_0617,HLGT_0152,GENERAL DISORDERS AND ADMINISTRATION SITE CONDITIONS
701-1341,AELOG,07 FEB 2013,E13,APPLICATION SITE IRRITATION,26 JAN 2013,30 JAN 2013,2,N,,4,APPLICATION SITE BURNING,APPLICATION SITE IRRITATION,HLT_0061,HLGT_0346,GENERAL DISORDERS AND ADMINISTRATION SITE CONDITIONS
701-1345,AELOG,01 OCT 2013,E01,PRESBYOPIA,,,1,N,,,PRESBYOPIA,PRESBYOPIA,HLT_0230,HLGT_0759,EYE DISORDERS
701-1360,AELOG,24 JUL 2013,E01,HEADACHE,,,1,N,,,HEADACHE,HEADACHE,HLT_0064,HLGT_0344,NERVOUS SYSTEM DISORDERS
701-1360,AELOG,24 JUL 2013,E02,PSORIASIS,,,1,N,,,PSORIASIS,PSORIASIS,HLT_0740,HLGT_0038,SKIN AND SUBCUTANEOUS TISSUE DISORDERS
701-1360,AELOG,24 JUL 2013,E03,ARTHRITIS,,,2,N,,,ARTHRITIS,ARTHRITIS,HLT_0019,HLGT_0587,MUSCULOSKELETAL AND CONNECTIVE TISSUE DISORDERS
701-1360,AELOG,24 JUL 2013,E04,JOINT SWELLING,,,1,N,,,JOINT SWELLING,JOINT SWELLING,HLT_0171,HLGT_0417,MUSCULOSKELETAL AND CONNECTIVE TISSUE DISORDERS
701-1360,AELOG,24 JUL 2013,E05,TINNITUS,,,1,N,,,TINNITUS,TINNITUS,HLT_0570,HLGT_0180,EAR AND LABYRINTH DISORDERS
701-1360,AELOG,24 JUL 2013,E06,HYPEROPIA,,,1,N,,,HYPEROPIA,HYPERMETROPIA,HLT_0546,HLGT_0646,EYE DISORDERS
701-1360,AELOG,24 JUL 2013,E07,DENTURE WEARER,,,1,N,,,DENTURE WEARER,DENTURE WEARER,HLT_0246,HLGT_0763,SOCIAL CIRCUMSTANCES
701-1360,AELOG,14 AUG 2013,E08,APPLICATION SITE ERYTHEMA,02 AUG 2013,,2,N,,4,APPLICATION SITE ERYTHEMA,APPLICATION SITE ERYTHEMA,HLT_0617,HLGT_0152,GENERAL DISORDERS AND ADMINISTRATION SITE CONDITIONS
701-1360,AELOG,14 AUG 2013,E09,APPLICATION SITE PRURITUS,02 AUG 2013,,2,N,,4,APPLICATION SITE ITCHING,APPLICATION SITE PRURITUS,HLT_0317,HLGT_0338,GENERAL DISORDERS AND ADMINISTRATION SITE CONDITIONS
701-1360,AELOG,14 AUG 2013,E10,APPLICATION SITE VESICLES,05 AUG 2013,,2,N,,4,APPLICATION SITE BLISTER,APPLICATION SITE VESICLES,HLT_0180,HLGT_0576,GENERAL DISORDERS AND ADMINISTRATION SITE CONDITIONS
701-1363,AELOG,20 MAY 2013,E01,INDIGESTION,,,1,N,,,INDIGESTION,DYSPEPSIA,HLT_0244,HLGT_0716,GASTROINTESTINAL DISORDERS
701-1363,AELOG,20 MAY 2013,E02,CONSTIPATION,,,1,N,,,CONSTIPATION,CONSTIPATION,HLT_0402,HLGT_0635,GASTROINTESTINAL DISORDERS
701-1363,AELOG,20 MAY 2013,E03,HEADACHE,,,1,N,,,HEADACHE,HEADACHE,HLT_0064,HLGT_0344,NERVOUS SYSTEM DISORDERS
701-1363,AELOG,24 JUL 2013,E03,HEADACHE,UN UNK 1986,,2,N,,3,HEADACHE,HEADACHE,HLT_0064,HLGT_0344,NERVOUS SYSTEM DISORDERS
701-1363,AELOG,14 OCT 2013,E03,HEADACHE,UN UNK 1986,,1,N,,3,HEADACHE,HEADACHE,HLT_0064,HLGT_0344,NERVOUS SYSTEM DISORDERS
701-1363,AELOG,20 MAY 2013,E04,ANEMIA,,,1,N,,,ANEMIA,ANAEMIA,HLT_0378,HLGT_0230,BLOOD AND LYMPHATIC SYSTEM DISORDERS
701-1363,AELOG,20 MAY 2013,E05,MYOPIA,,,1,N,,,MYOPIA,MYOPIA,HLT_0282,HLGT_0271,EYE DISORDERS
701-1363,AELOG,20 MAY 2013,E06,HEARING LOSS,,,1,N,,,HEARING LOSS,DEAFNESS,HLT_0234,HLGT_0025,EAR AND LABYRINTH DISORDERS
701-1363,AELOG,20 MAY 2013,E07,SHOULDER PAIN,,,1,N,,,SHOULDER PAIN,SHOULDER PAIN,HLT_0527,HLGT_0288,MUSCULOSKELETAL AND CONNECTIVE TISSUE DISORDERS
701-1363,AELOG,20 MAY 2013,E08,ARTHRITIS,,,1,N,,,ARTHRITIS,ARTHRITIS,HLT_0019,HLGT_0587,MUSCULOSKELETAL AND CONNECTIVE TISSUE DISORDERS
701-1363,AELOG,25 JUN 2013,E09,NAUSEA,14 JUN 2013,15 JUN 2013,1,N,,2,NAUSEA,NAUSEA,HLT_0742,HLGT_0326,GASTROINTESTINAL DISORDERS
701-1363,AELOG,24 JUL 2013,E11,APPLICATION SITE PRURITUS,16 JUL 2013,,1,N,,4,APPLICATION SITE ITCHING,APPLICATION SITE PRURITUS,HLT_0317,HLGT_0338,GENERAL DISORDERS AND ADMINISTRATION SITE CONDITIONS
701-1363,AELOG,14 OCT 2013,E13,BACK PAIN,13 OCT 2013,15 OCT 2013,1,N,,1,BACKACHE,BACK PAIN,HLT_0115,HLGT_0508,MUSCULOSKELETAL AND CONNECTIVE TISSUE DISORDERS
701-1363,AELOG,13 NOV 2013,E13,BACK PAIN,13 OCT 2013,15 OCT 2013,1,N,,1,BACKACHE,BACK PAIN,HLT_0115,HLGT_0508,MUSCULOSKELETAL AND CONNECTIVE TISSUE DISORDERS
701-1383,AELOG,22 JAN 2013,E01,CONSTIPATION,,,1,N,,,CONSTIPATION,CONSTIPATION,HLT_0402,HLGT_0635,GASTROINTESTINAL DISORDERS
701-1383,AELOG,22 JAN 2013,E02,TINNITUS,,,1,N,,,TINNITUS,TINNITUS,HLT_0570,HLGT_0180,EAR AND LABYRINTH DISORDERS
701-1383,AELOG,22 JAN 2013,E03,HYPEROPIA,,,1,N,,,HYPEROPIA,HYPERMETROPIA,HLT_0546,HLGT_0646,EYE DISORDERS
701-1383,AELOG,19 FEB 2013,E04,APPLICATION SITE PRURITUS,07 FEB 2013,07 FEB 2013,1,N,,4,APPLICATION SITE ITCHING,APPLICATION SITE PRURITUS,HLT_0317,HLGT_0338,GENERAL DISORDERS AND ADMINISTRATION SITE CONDITIONS
701-1383,AELOG,19 FEB 2013,E05,APPLICATION SITE PAIN,07 FEB 2013,07 FEB 2013,1,N,,4,APPLICATION SITE PAIN,APPLICATION SITE PAIN,HLT_0342,HLGT_0085,GENERAL DISORDERS AND ADMINISTRATION SITE CONDITIONS
701-1383,AELOG,02 APR 2013,E06,APPLICATION SITE ERYTHEMA,23 MAR 2013,26 MAR 2013,1,N,,3,APPLICATION SITE ERYTHEMA,APPLICATION SITE ERYTHEMA,HLT_0617,HLGT_0152,GENERAL DISORDERS AND ADMINISTRATION SITE CONDITIONS
701-1383,AELOG,02 APR 2013,E07,APPLICATION SITE PRURITUS,23 MAR 2013,,1,N,,3,APPLICATION SITE ITCHING,APPLICATION SITE PRURITUS,HLT_0317,HLGT_0338,GENERAL DISORDERS AND ADMINISTRATION SITE CONDITIONS
701-1383,AELOG,30 MAY 2013,E07,APPLICATION SITE PRURITUS,23 MAR 2013,,2,N,,3,APPLICATION SITE ITCHING,APPLICATION SITE PRURITUS,HLT_0317,HLGT_0338,GENERAL DISORDERS AND ADMINISTRATION SITE CONDITIONS
701-1383,AELOG,30 APR 2013,E08,APPLICATION SITE ERYTHEMA,12 APR 2013,,1,N,,3,APPLICATION SITE ERYTHEMA,APPLICATION SITE ERYTHEMA,HLT_0617,HLGT_0152,GENERAL DISORDERS AND ADMINISTRATION SITE CONDITIONS
701-1383,AELOG,30 APR 2013,E09,APPLICATION SITE IRRITATION,12 APR 2013,,1,N,,3,APPLICATION SITE BURNING,APPLICATION SITE IRRITATION,HLT_0061,HLGT_0346,GENERAL DISORDERS AND ADMINISTRATION SITE CONDITIONS
701-1383,AELOG,30 MAY 2013,E09,APPLICATION SITE IRRITATION,12 APR 2013,,2,N,,3,APPLICATION SITE BURNING,APPLICATION SITE IRRITATION,HLT_0061,HLGT_0346,GENERAL DISORDERS AND ADMINISTRATION SITE CONDITIONS
701-1383,AELOG,30 MAY 2013,E10,APPLICATION SITE VESICLES,07 MAY 2013,24 MAY 2013,1,N,,3,APPLICATION SITE BLISTER,APPLICATION SITE VESICLES,HLT_0180,HLGT_0576,GENERAL DISORDERS AND ADMINISTRATION SITE CONDITIONS
701-1383,AELOG,25 JUN 2013,E11,CHEST DISCOMFORT,24 JUN 2013,24 JUN 2013,1,N,,1,CHEST PRESSURE,CHEST DISCOMFORT,HLT_0593,HLGT_0441,GENERAL DISORDERS AND ADMINISTRATION SITE CONDITIONS
701-1383,AELOG,25 JUN 2013,E12,HEADACHE,24 JUN 2013,24 JUN 2013,1,N,,1,FULLNESS HEAD,HEADACHE,HLT_0064,HLGT_0344,NERVOUS SYSTEM DISORDERS
701-1383,AELOG,30 JUL 2013,E13,COUGH,17 JUL 2013,26 JUL 2013,2,N,,1,COUGH,COUGH,HLT_0701,HLGT_0280,"RESPIRATORY, THORACIC AND MEDIASTINAL DISORDERS"
701-1387,AELOG,23 FEB 2014,E01,ANKLE EDEMA,,,1,N,,,ANKLE EDEMA,OEDEMA PERIPHERAL,HLT_0661,HLGT_0137,GENERAL DISORDERS AND ADMINISTRATION SITE CONDITIONS
701-1387,AELOG,23 FEB 2014,E02,DIZZINESS POSTURAL,,,1,N,,,DIZZINESS POSTURAL,DIZZINESS POSTURAL,HLT_0214,HLGT_0070,NERVOUS SYSTEM DISORDERS
701-1387,AELOG,23 FEB 2014,E03,NUMBNESS IN HAND,,,1,N,,,NUMBNESS IN HAND,HYPOAESTHESIA,HLT_0014,HLGT_0528,NERVOUS SYSTEM DISORDERS
701-1387,AELOG,23 FEB 2014,E04,POLYARTHRITIS,,,1,N,,,POLYARTHRITIS,POLYARTHRITIS,HLT_0134,HLGT_0167,MUSCULOSKELETAL AND CONNECTIVE TISSUE DISORDERS
701-1387,AELOG,23 FEB 2014,E05,CATARACTS,,,1,N,,,CATARACTS,CATARACT,HLT_0090,HLGT_0498,EYE DISORDERS
701-1387,AELOG,23 FEB 2014,E06,SNIFFLES,,,1,N,,,SNIFFLES,RHINORRHOEA,HLT_0635,HLGT_0460,"RESPIRATORY, THORACIC AND MEDIASTINAL DISORDERS"
701-1387,AELOG,23 FEB 2014,E07,DENTURE WEARER,,,1,N,,,DENTURE WEARER,DENTURE WEARER,HLT_0246,HLGT_0763,SOCIAL CIRCUMSTANCES
701-1387,AELOG,25 MAR 2014,E08,DIARRHOEA,18 MAR 2014,18 MAR 2014,1,N,,2,DIARRHEA,DIARRHOEA,HLT_0148,HLGT_0588,GASTROINTESTINAL DISORDERS
701-1387,AELOG,25 MAR 2014,E09,HYPERHIDROSIS,18 MAR 2014,18 MAR 2014,1,N,,2,SWEATING,HYPERHIDROSIS,HLT_0587,HLGT_0005,SKIN AND SUBCUTANEOUS TISSUE DISORDERS
701-1392,AELOG,17 OCT 2012,E01,HYPERTENSION,,,1,N,,,HYPERTENSION,HYPERTENSION,HLT_0228,HLGT_0476,VASCULAR DISORDERS
701-1392,AELOG,17 OCT 2012,E02,ASTIGMATISM,,,1,N,,,ASTIGMATISM,ASTIGMATISM,HLT_0494,HLGT_0369,EYE DISORDERS
701-1392,AELOG,17 OCT 2012,E03,DENTURE WEARER,,,1,N,,,DENTURE WEARER,DENTURE WEARER,HLT_0246,HLGT_0763,SOCIAL CIRCUMSTANCES
701-1392,AELOG,17 MAR 2013,E04,UPPER RESPIRATORY TRACT INFECTION,16 MAR 2013,21 MAR 2013,1,N,,2,UPPER RESPIRATORY INFECTION,UPPER RESPIRATORY TRACT INFECTION,HLT_0520,HLGT_0489,INFECTIONS AND INFESTATIONS
701-1392,AELOG,15 APR 2013,E04,UPPER RESPIRATORY TRACT INFECTION,16 MAR 2013,21 MAR 2013,1,N,,2,UPPER RESPIRATORY INFECTION,UPPER RESPIRATORY TRACT INFECTION,HLT_0520,HLGT_0489,INFECTIONS AND INFESTATIONS
701-1415,AELOG,15 SEP 2013,E01,DYSPNEA EXERTIONAL,,,1,N,,,DYSPNEA EXERTIONAL,DYSPNOEA EXERTIONAL,HLT_0465,HLGT_0475,"RESPIRATORY, THORACIC AND MEDIASTINAL DISORDERS"
701-1415,AELOG,15 SEP 2013,E02,HEADACHE,,,1,N,,,HEADACHE,HEADACHE,HLT_0064,HLGT_0344,NERVOUS SYSTEM DISORDERS
701-1415,AELOG,15 SEP 2013,E03,PARESTHESIA HAND,,,1,N,,,PARESTHESIA HAND,PARAESTHESIA,HLT_0481,HLGT_0534,NERVOUS SYSTEM DISORDERS
701-1415,AELOG,15 SEP 2013,E04,ARTHRITIS RHEUMATOID,,,1,N,,,ARTHRITIS RHEUMATOID,RHEUMATOID ARTHRITIS,HLT_0390,HLGT_0743,MUSCULOSKELETAL AND CONNECTIVE TISSUE DISORDERS
701-1415,AELOG,15 SEP 2013,E05,BUNION,,,1,N,,,BUNION,BUNION,HLT_0325,HLGT_0256,MUSCULOSKELETAL AND CONNECTIVE TISSUE DISORDERS
701-1415,AELOG,15 SEP 2013,E06,HYPEROPIA,,,1,N,,,HYPEROPIA,HYPERMETROPIA,HLT_0546,HLGT_0646,EYE DISORDERS
701-1415,AELOG,15 SEP 2013,E07,MACULAR DEGENERATION,,,1,N,,,MACULAR DEGENERATION,MACULAR DEGENERATION,HLT_0401,HLGT_0370,EYE DISORDERS
701-1415,AELOG,15 SEP 2013,E08,EPISTAXIS,,,1,N,,,EPISTAXIS,EPISTAXIS,HLT_0386,HLGT_0577,"RESPIRATORY, THORACIC AND MEDIASTINAL DISORDERS"
701-1415,AELOG,22 OCT 2013,E09,UPPER RESPIRATORY TRACT INFECTION,21 OCT 2013,04 NOV 2013,1,N,,1,UPPER RESPIRATORY INFECTION,UPPER RESPIRATORY TRACT INFECTION,HLT_0520,HLGT_0489,INFECTIONS AND INFESTATIONS
701-1415,AELOG,21 NOV 2013,E09,UPPER RESPIRATORY TRACT INFECTION,21 OCT 2013,04 NOV 2013,1,N,,1,UPPER RESPIRATORY INFECTION,UPPER RESPIRATORY TRACT INFECTION,HLT_0520,HLGT_0489,INFECTIONS AND INFESTATIONS
701-1415,AELOG,21 DEC 2013,E10,MICTURITION URGENCY,02 DEC 2013,,1,N,,1,URINARY URGENCY,MICTURITION URGENCY,HLT_0294,HLGT_0483,RENAL AND URINARY DISORDERS
701-1415,AELOG,10 FEB 2014,E11,UPPER RESPIRATORY TRACT INFECTION,21 JAN 2014,10 FEB 2014,1,N,,2,UPPER RESPIRATORY INFECTION,UPPER RESPIRATORY TRACT INFECTION,HLT_0520,HLGT_0489,INFECTIONS AND INFESTATIONS
701-1415,AELOG,10 MAR 2014,E11,UPPER RESPIRATORY TRACT INFECTION,21 JAN 2014,10 FEB 2014,1,N,,2,UPPER RESPIRATORY INFECTION,UPPER RESPIRATORY TRACT INFECTION,HLT_0520,HLGT_0489,INFECTIONS AND INFESTATIONS
701-1415,AELOG,10 MAR 2014,E12,DIARRHOEA,09 MAR 2014,09 MAR 2014,1,N,,1,DIARRHEA,DIARRHOEA,HLT_0148,HLGT_0588,GASTROINTESTINAL DISORDERS
701-1429,AELOG,25 FEB 2013,E01,HEADACHE,,,1,N,,,HEADACHE,HEADACHE,HLT_0064,HLGT_0344,NERVOUS SYSTEM DISORDERS
701-1429,AELOG,25 FEB 2013,E02,BENIGN NEOPLASM OF EYE,,,2,N,,,BENIGN NEOPLASM OF EYE,BENIGN NEOPLASM OF EYE,HLT_0038,HLGT_0014,"NEOPLASMS BENIGN, MALIGNANT AND UNSPECIFIED (INCL CYSTS AND POLYPS)"
701-1440,AELOG,24 JUL 2013,E01,PRESBYOPIA,,,1,N,,,PRESBYOPIA,PRESBYOPIA,HLT_0230,HLGT_0759,EYE DISORDERS
701-1442,AELOG,17 OCT 2013,E01,HEADACHE,,,1,N,,,HEADACHE,HEADACHE,HLT_0064,HLGT_0344,NERVOUS SYSTEM DISORDERS
701-1442,AELOG,17 OCT 2013,E02,MYOPIA,,,1,N,,,MYOPIA,MYOPIA,HLT_0282,HLGT_0271,EYE DISORDERS
701-1442,AELOG,18 JAN 2014,E03,APPLICATION SITE PRURITUS,10 JAN 2014,,1,N,,4,APPLICATION SITE ITCHING,APPLICATION SITE PRURITUS,HLT_0317,HLGT_0338,GENERAL DISORDERS AND ADMINISTRATION SITE CONDITIONS
701-1444,AELOG,31 DEC 2012,E01,HIATAL HERNIA,,,1,N,,,HIATAL HERNIA,HIATUS HERNIA,HLT_0159,HLGT_0109,GASTROINTESTINAL DISORDERS
701-1444,AELOG,31 DEC 2012,E02,EXTERNAL HEMORRHOIDS,,,1,N,,,EXTERNAL HEMORRHOIDS,HAEMORRHOIDS,HLT_0681,HLGT_0485,GASTROINTESTINAL DISORDERS
701-1444,AELOG,31 DEC 2012,E03,ENLARGED PROSTATE,,,1,N,,,ENLARGED PROSTATE,BENIGN PROSTATIC HYPERPLASIA,HLT_0215,HLGT_0568,REPRODUCTIVE SYSTEM AND BREAST DISORDERS
701-1444,AELOG,31 DEC 2012,E04,HEADACHE,,,1,N,,,HEADACHE,HEADACHE,HLT_0064,HLGT_0344,NERVOUS SYSTEM DISORDERS
701-1444,AELOG,31 DEC 2012,E05,ELBOW OSTEOARTHRITIS,,,1,N,,,ELBOW OSTEOARTHRITIS,OSTEOARTHRITIS,HLT_0247,HLGT_0462,MUSCULOSKELETAL AND CONNECTIVE TISSUE DISORDERS
701-1444,AELOG,31 DEC 2012,E06,HEARING LOSS BILATERAL,,,1,N,,,HEARING LOSS BILATERAL,DEAFNESS BILATERAL,HLT_0567,HLGT_0426,EAR AND LABYRINTH DISORDERS
701-1444,AELOG,31 DEC 2012,E07,HYPEROPIA,,,1,N,,,HYPEROPIA,HYPERMETROPIA,HLT_0546,HLGT_0646,EYE DISORDERS
701-1444,AELOG,31 DEC 2012,E08,DENTAL OPERATION,,,1,N,,,DENTAL OPERATION,DENTAL OPERATION,HLT_0341,HLGT_0059,SURGICAL AND MEDICAL PROCEDURES
701-1444,AELOG,31 DEC 2012,E09,SHOULDER OSTEOARTHRITIS,,,1,N,,,SHOULDER OSTEOARTHRITIS,OSTEOARTHRITIS,HLT_0247,HLGT_0462,MUSCULOSKELETAL AND CONNECTIVE TISSUE DISORDERS
701-1444,AELOG,31 DEC 2012,E10,CONSTIPATION,,,1,N,,,CONSTIPATION,CONSTIPATION,HLT_0402,HLGT_0635,GASTROINTESTINAL DISORDERS
701-1444,AELOG,31 JAN 2013,E11,APPLICATION SITE ERYTHEMA,19 JAN 2013,,1,N,,3,APPLICATION SITE ERYTHEMA,APPLICATION SITE ERYTHEMA,HLT_0617,HLGT_0152,GENERAL DISORDERS AND ADMINISTRATION SITE CONDITIONS
701-1444,AELOG,13 FEB 2013,E11,APPLICATION SITE ERYTHEMA,19 JAN 2013,,2,N,,3,APPLICATION SITE ERYTHEMA,APPLICATION SITE ERYTHEMA,HLT_0617,HLGT_0152,GENERAL DISORDERS AND ADMINISTRATION SITE CONDITIONS
701-1444,AELOG,31 JAN 2013,E12,APPLICATION SITE PRURITUS,19 JAN 2013,,1,N,,4,APPLICATION SITE ITCHING,APPLICATION SITE PRURITUS,HLT_0317,HLGT_0338,GENERAL DISORDERS AND ADMINISTRATION SITE CONDITIONS
701-1444,AELOG,13 FEB 2013,E12,APPLICATION SITE PRURITUS,19 JAN 2013,,2,N,,4,APPLICATION SITE ITCHING,APPLICATION SITE PRURITUS,HLT_0317,HLGT_0338,GENERAL DISORDERS AND ADMINISTRATION SITE CONDITIONS
701-1444,AELOG,31 JAN 2013,E13,SALIVARY HYPERSECRETION,19 JAN 2013,,1,N,,3,HYPERSALIVATION,SALIVARY HYPERSECRETION,HLT_0374,HLGT_0488,GASTROINTESTINAL DISORDERS
701-1444,AELOG,13 FEB 2013,E14,PARAESTHESIA,08 FEB 2013,08 FEB 2013,1,N,,1,TINGLING,PARAESTHESIA,HLT_0481,HLGT_0534,NERVOUS SYSTEM DISORDERS
701-1444,AELOG,13 FEB 2013,E15,APPLICATION SITE IRRITATION,04 FEB 2013,,2,N,,4,APPLICATION SITE BURNING,APPLICATION SITE IRRITATION,HLT_0061,HLGT_0346,GENERAL DISORDERS AND ADMINISTRATION SITE CONDITIONS
701-1444,AELOG,13 FEB 2013,E16,APPLICATION SITE VESICLES,04 FEB 2013,,2,N,,4,APPLICATION SITE BLISTER,APPLICATION SITE VESICLES,HLT_0180,HLGT_0576,GENERAL DISORDERS AND ADMINISTRATION SITE CONDITIONS
702-1082,AELOG,03 JUL 2013,E01,CARDIAC PACEMAKER INSERTION,,,1,N,,,CARDIAC PACEMAKER INSERTION,CARDIAC PACEMAKER INSERTION,HLT_0474,HLGT_0501,SURGICAL AND MEDICAL PROCEDURES
702-1082,AELOG,24 JUL 2013,E02,WHITE BLOOD CELL COUNT INCREASED,07 JUL 2013,26 JUL 2013,1,N,,1,WBC INCREASED,WHITE BLOOD CELL COUNT INCREASED,HLT_0417,HLGT_0465,INVESTIGATIONS
702-1082,AELOG,08 AUG 2013,E02,WHITE BLOOD CELL COUNT INCREASED,07 JUL 2013,26 JUL 2013,1,N,,1,WBC INCREASED,WHITE BLOOD CELL COUNT INCREASED,HLT_0417,HLGT_0465,INVESTIGATIONS
702-1082,AELOG,24 JUL 2013,E03,NEUTROPHIL COUNT INCREASED,07 JUL 2013,26 JUL 2013,1,N,,1,NEUTROPHIL COUNT INCREASED,NEUTROPHIL COUNT INCREASED,HLT_0326,HLGT_0625,INVESTIGATIONS
702-1082,AELOG,08 AUG 2013,E03,NEUTROPHIL COUNT INCREASED,07 JUL 2013,26 JUL 2013,1,N,,1,NEUTROPHIL COUNT INCREASED,NEUTROPHIL COUNT INCREASED,HLT_0326,HLGT_0625,INVESTIGATIONS
702-1082,AELOG,24 JUL 2013,E04,URINE ANALYSIS ABNORMAL,07 JUL 2013,24 JUL 2013,1,N,,1,URINE ANALYSIS ABNORMAL,URINE ANALYSIS ABNORMAL,HLT_0783,HLGT_0295,INVESTIGATIONS
702-1082,AELOG,26 JUL 2013,E04,URINE ANALYSIS ABNORMAL,07 JUL 2013,24 JUL 2013,1,N,,1,URINE ANALYSIS ABNORMAL,URINE ANALYSIS ABNORMAL,HLT_0783,HLGT_0295,INVESTIGATIONS
702-1082,AELOG,03 JUL 2013,E05,AORTIC STENOSIS,,,1,N,,,AORTIC STENOSIS,AORTIC STENOSIS,HLT_0682,HLGT_0353,VASCULAR DISORDERS
702-1082,AELOG,06 SEP 2013,E06,RECTAL HAEMORRHAGE,02 SEP 2013,06 SEP 2013,1,N,,1,RECTAL BLEEDING,RECTAL HAEMORRHAGE,HLT_0353,HLGT_0755,GASTROINTESTINAL DISORDERS
702-1082,AELOG,28 SEP 2013,E06,RECTAL HAEMORRHAGE,02 SEP 2013,06 SEP 2013,1,N,,1,RECTAL BLEEDING,RECTAL HAEMORRHAGE,HLT_0353,HLGT_0755,GASTROINTESTINAL DISORDERS
702-1082,AELOG,28 SEP 2013,E07,APPLICATION SITE IRRITATION,09 SEP 2013,24 SEP 2013,1,N,,4,APPLICATION SITE IRRITATION,APPLICATION SITE IRRITATION,HLT_0061,HLGT_0346,GENERAL DISORDERS AND ADMINISTRATION SITE CONDITIONS
702-1082,AELOG,17 NOV 2013,E08,SKIN IRRITATION,12 OCT 2013,31 OCT 2013,2,N,,4,SKIN IRRITATION,SKIN IRRITATION,HLT_0583,HLGT_0384,SKIN AND SUBCUTANEOUS TISSUE DISORDERS
703-1042,AELOG,23 FEB 2013,E01,CORONARY ARTERY DISEASE,,,1,N,,,CORONARY ARTERY DISEASE,CORONARY ARTERY DISEASE,HLT_0261,HLGT_0248,CARDIAC DISORDERS
703-1042,AELOG,23 FEB 2013,E02,EMPHYSEMA,,,1,N,,,EMPHYSEMA,EMPHYSEMA,HLT_0698,HLGT_0221,"RESPIRATORY, THORACIC AND MEDIASTINAL DISORDERS"
703-1042,AELOG,23 FEB 2013,E03,ARTHRITIS,,,1,N,,,ARTHRITIS,ARTHRITIS,HLT_0019,HLGT_0587,MUSCULOSKELETAL AND CONNECTIVE TISSUE DISORDERS
703-1042,AELOG,14 MAR 2013,E04,DIARRHOEA,04 MAR 2013,05 MAR 2013,1,N,,3,DIARRHEA,DIARRHOEA,HLT_0148,HLGT_0588,GASTROINTESTINAL DISORDERS
703-1042,AELOG,14 MAR 2013,E05,INSOMNIA,05 MAR 2013,06 MAR 2013,1,N,,2,INSOMNIA,INSOMNIA,HLT_0297,HLGT_0469,PSYCHIATRIC DISORDERS
703-1076,AELOG,20 NOV 2013,E01,BENIGN PROSTATIC HYPERPLASIA,20 NOV 2013,,2,N,,1,BENIGN PROSTATIC HYPERTROPHY,BENIGN PROSTATIC HYPERPLASIA,HLT_0215,HLGT_0568,REPRODUCTIVE SYSTEM AND BREAST DISORDERS
703-1076,AELOG,20 NOV 2013,E02,BIOPSY PROSTATE,16 NOV 2013,16 NOV 2013,2,N,,1,BIOPSY OF PROSTATE,BIOPSY PROSTATE,HLT_0553,HLGT_0725,INVESTIGATIONS
703-1076,AELOG,17 OCT 2013,E03,GLAUCOMA,,,1,N,,,GLAUCOMA,GLAUCOMA,HLT_0556,HLGT_0734,EYE DISORDERS
703-1076,AELOG,17 OCT 2013,E04,HYPERTENSION,,,1,N,,,HYPERTENSION,HYPERTENSION,HLT_0228,HLGT_0476,VASCULAR DISORDERS
703-1076,AELOG,17 OCT 2013,E05,HYPERCHOLESTEROLEMIA,,,1,N,,,HYPERCHOLESTEROLEMIA,HYPERCHOLESTEROLAEMIA,HLT_0025,HLGT_0703,METABOLISM AND NUTRITION DISORDERS
703-1076,AELOG,04 DEC 2013,E05,HYPERCHOLESTEROLAEMIA,UN UNK 2007,,2,N,,1,HYPERCHOLESTEROLEMIA,HYPERCHOLESTEROLAEMIA,HLT_0025,HLGT_0703,METABOLISM AND NUTRITION DISORDERS
703-1076,AELOG,17 OCT 2013,E06,GOUT,,,1,N,,,GOUT,GOUT,HLT_0396,HLGT_0479,METABOLISM AND NUTRITION DISORDERS
703-1076,AELOG,04 DEC 2013,E07,HYPERHIDROSIS,25 NOV 2013,,1,N,,3,SWEATING,HYPERHIDROSIS,HLT_0587,HLGT_0005,SKIN AND SUBCUTANEOUS TISSUE DISORDERS
703-1076,AELOG,04 DEC 2013,E08,APPLICATION SITE PRURITUS,23 NOV 2013,,1,N,,4,APPLICATION SITE ITCHING,APPLICATION SITE PRURITUS,HLT_0317,HLGT_0338,GENERAL DISORDERS AND ADMINISTRATION SITE CONDITIONS
703-1076,AELOG,17 DEC 2013,E08,APPLICATION SITE PRURITUS,23 NOV 2013,,2,N,,4,APPLICATION SITE ITCHING,APPLICATION SITE PRURITUS,HLT_0317,HLGT_0338,GENERAL DISORDERS AND ADMINISTRATION SITE CONDITIONS
703-1076,AELOG,04 DEC 2013,E09,APPLICATION SITE DERMATITIS,23 NOV 2013,,1,N,,4,APPLICATION SITE RASH,APPLICATION SITE DERMATITIS,HLT_0343,HLGT_0241,GENERAL DISORDERS AND ADMINISTRATION SITE CONDITIONS
703-1086,AELOG,16 SEP 2012,E01,APPLICATION SITE IRRITATION,13 SEP 2012,02 JAN 2013,1,N,,4,APPLICATION SITE IRRITATION,APPLICATION SITE IRRITATION,HLT_0061,HLGT_0346,GENERAL DISORDERS AND ADMINISTRATION SITE CONDITIONS
703-1086,AELOG,30 SEP 2012,E01,APPLICATION SITE IRRITATION,13 SEP 2012,02 JAN 2013,2,N,,4,APPLICATION SITE IRRITATION,APPLICATION SITE IRRITATION,HLT_0061,HLGT_0346,GENERAL DISORDERS AND ADMINISTRATION SITE CONDITIONS
703-1086,AELOG,13 OCT 2012,E01,APPLICATION SITE IRRITATION,13 SEP 2012,02 JAN 2013,3,N,,4,APPLICATION SITE IRRITATION,APPLICATION SITE IRRITATION,HLT_0061,HLGT_0346,GENERAL DISORDERS AND ADMINISTRATION SITE CONDITIONS
703-1086,AELOG,26 MAR 2013,E01,APPLICATION SITE IRRITATION,13 SEP 2012,02 JAN 2013,1,N,,4,APPLICATION SITE IRRITATION,APPLICATION SITE IRRITATION,HLT_0061,HLGT_0346,GENERAL DISORDERS AND ADMINISTRATION SITE CONDITIONS
703-1086,AELOG,13 OCT 2012,E02,CHILLS,09 OCT 2012,15 OCT 2012,1,N,,3,CHILLS,CHILLS,HLT_0586,HLGT_0161,GENERAL DISORDERS AND ADMINISTRATION SITE CONDITIONS
703-1086,AELOG,27 OCT 2012,E02,CHILLS,09 OCT 2012,15 OCT 2012,1,N,,3,CHILLS,CHILLS,HLT_0586,HLGT_0161,GENERAL DISORDERS AND ADMINISTRATION SITE CONDITIONS
703-1096,AELOG,19 DEC 2012,E01,HEARING DECREASED,,,1,N,,,HEARING DECREASED,HYPOACUSIS,HLT_0174,HLGT_0589,EAR AND LABYRINTH DISORDERS
703-1100,AELOG,28 FEB 2013,E01,HYPOTHYROIDISM,,,1,N,,,HYPOTHYROIDISM,HYPOTHYROIDISM,HLT_0454,HLGT_0558,ENDOCRINE DISORDERS
703-1100,AELOG,28 FEB 2013,E02,HEARING DECREASED,,,1,N,,,HEARING DECREASED,HYPOACUSIS,HLT_0174,HLGT_0589,EAR AND LABYRINTH DISORDERS
703-1100,AELOG,28 FEB 2013,E03,HEADACHE,,,1,N,,,HEADACHE,HEADACHE,HLT_0064,HLGT_0344,NERVOUS SYSTEM DISORDERS
703-1100,AELOG,12 APR 2013,E04,APPLICATION SITE IRRITATION,05 APR 2013,16 APR 2013,2,N,,4,APPLICATION SITE IRRITATION,APPLICATION SITE IRRITATION,HLT_0061,HLGT_0346,GENERAL DISORDERS AND ADMINISTRATION SITE CONDITIONS
703-1100,AELOG,14 APR 2013,E04,APPLICATION SITE IRRITATION,05 APR 2013,16 APR 2013,1,N,,4,APPLICATION SITE IRRITATION,APPLICATION SITE IRRITATION,HLT_0061,HLGT_0346,GENERAL DISORDERS AND ADMINISTRATION SITE CONDITIONS
703-1100,AELOG,24 APR 2013,E04,APPLICATION SITE IRRITATION,05 APR 2013,16 APR 2013,1,N,,4,APPLICATION SITE IRRITATION,APPLICATION SITE IRRITATION,HLT_0061,HLGT_0346,GENERAL DISORDERS AND ADMINISTRATION SITE CONDITIONS
703-1100,AELOG,28 FEB 2013,E05,MYOCARDIAL INFARCTION,,,1,N,,,MYOCARDIAL INFARCTION,MYOCARDIAL INFARCTION,HLT_0649,HLGT_0688,CARDIAC DISORDERS
703-1100,AELOG,08 MAY 2013,E06,CATARACT OPERATION,25 APR 2013,25 APR 2013,2,N,,1,CATARACT EXTRACTION,CATARACT OPERATION,HLT_0432,HLGT_0058,SURGICAL AND MEDICAL PROCEDURES
703-1100,AELOG,28 FEB 2013,E07,LEG EDEMA,,,1,N,,,LEG EDEMA,OEDEMA PERIPHERAL,HLT_0661,HLGT_0137,GENERAL DISORDERS AND ADMINISTRATION SITE CONDITIONS
703-1100,AELOG,31 JUL 2013,E07,OEDEMA PERIPHERAL,28 FEB 2013,14 SEP 2013,2,N,,2,LEG EDEMA,OEDEMA PERIPHERAL,HLT_0661,HLGT_0137,GENERAL DISORDERS AND ADMINISTRATION SITE CONDITIONS
703-1100,AELOG,14 SEP 2013,E07,OEDEMA PERIPHERAL,28 FEB 2013,14 SEP 2013,2,N,,2,LEG EDEMA,OEDEMA PERIPHERAL,HLT_0661,HLGT_0137,GENERAL DISORDERS AND ADMINISTRATION SITE CONDITIONS
703-1100,AELOG,05 JUN 2013,E08,UPPER RESPIRATORY TRACT INFECTION,27 MAY 2013,03 JUN 2013,2,N,,2,UPPER RESPIRATORY INFECTION,UPPER RESPIRATORY TRACT INFECTION,HLT_0520,HLGT_0489,INFECTIONS AND INFESTATIONS
703-1100,AELOG,31 JUL 2013,E09,OEDEMA PERIPHERAL,17 JUL 2013,14 SEP 2013,1,N,,2,LEG EDEMA,OEDEMA PERIPHERAL,HLT_0661,HLGT_0137,GENERAL DISORDERS AND ADMINISTRATION SITE CONDITIONS
703-1100,AELOG,14 SEP 2013,E09,OEDEMA PERIPHERAL,17 JUL 2013,14 SEP 2013,1,N,,2,LEG EDEMA,OEDEMA PERIPHERAL,HLT_0661,HLGT_0137,GENERAL DISORDERS AND ADMINISTRATION SITE CONDITIONS
703-1119,AELOG,02 FEB 2013,E01,HYPERCHOLESTEROLEMIA,,,1,N,,,HYPERCHOLESTEROLEMIA,HYPERCHOLESTEROLAEMIA,HLT_0025,HLGT_0703,METABOLISM AND NUTRITION DISORDERS
703-1119,AELOG,02 FEB 2013,E02,CORONARY ARTERY DISEASE,,,1,N,,,CORONARY ARTERY DISEASE,CORONARY ARTERY DISEASE,HLT_0261,HLGT_0248,CARDIAC DISORDERS
703-1119,AELOG,21 MAR 2013,E04,APPLICATION SITE IRRITATION,16 MAR 2013,,2,N,,4,APPLICATION SITE IRRITATION,APPLICATION SITE IRRITATION,HLT_0061,HLGT_0346,GENERAL DISORDERS AND ADMINISTRATION SITE CONDITIONS
703-1119,AELOG,17 MAY 2013,E04,APPLICATION SITE IRRITATION,16 MAR 2013,,3,N,,4,APPLICATION SITE IRRITATION,APPLICATION SITE IRRITATION,HLT_0061,HLGT_0346,GENERAL DISORDERS AND ADMINISTRATION SITE CONDITIONS
703-1119,AELOG,17 MAY 2013,E05,PRURITUS,04 MAY 2013,,2,N,,4,ITCHING,PRURITUS,HLT_0778,HLGT_0695,SKIN AND SUBCUTANEOUS TISSUE DISORDERS
703-1119,AELOG,13 JUN 2013,E05,PRURITUS,04 MAY 2013,,3,N,,4,ITCHING,PRURITUS,HLT_0778,HLGT_0695,SKIN AND SUBCUTANEOUS TISSUE DISORDERS
703-1175,AELOG,18 DEC 2013,E01,ATRIOVENTRICULAR BLOCK SECOND DEGREE,18 DEC 2013,,3,N,,1,HEART BLOCK SECOND DEGREE,ATRIOVENTRICULAR BLOCK SECOND DEGREE,HLT_0415,HLGT_0086,CARDIAC DISORDERS
703-1175,AELOG,13 DEC 2013,E02,ATRIOVENTRICULAR BLOCK FIRST DEGREE,,,1,N,,,ATRIOVENTRICULAR BLOCK FIRST DEGREE,ATRIOVENTRICULAR BLOCK FIRST DEGREE,HLT_0419,HLGT_0464,CARDIAC DISORDERS
703-1175,AELOG,13 DEC 2013,E03,RIGHT BUNDLE BRANCH BLOCK,,,1,N,,,RIGHT BUNDLE BRANCH BLOCK,BUNDLE BRANCH BLOCK RIGHT,HLT_0751,HLGT_0597,CARDIAC DISORDERS
703-1175,AELOG,13 DEC 2013,E04,LEFT ANTERIOR HEMIBLOCK,,,1,N,,,LEFT ANTERIOR HEMIBLOCK,BUNDLE BRANCH BLOCK LEFT,HLT_0281,HLGT_0721,CARDIAC DISORDERS
703-1175,AELOG,13 DEC 2013,E05,SEASONAL ALLERGY,,,1,N,,,SEASONAL ALLERGY,SEASONAL ALLERGY,HLT_0714,HLGT_0782,IMMUNE SYSTEM DISORDERS
703-1175,AELOG,13 DEC 2013,E06,LUNG NODULE,,,1,N,,,LUNG NODULE,LUNG NEOPLASM,HLT_0483,HLGT_0364,"NEOPLASMS BENIGN, MALIGNANT AND UNSPECIFIED (INCL CYSTS AND POLYPS)"
703-1182,AELOG,08 OCT 2013,E01,HEARING DECREASED,,,2,N,,,HEARING DECREASED,HYPOACUSIS,HLT_0174,HLGT_0589,EAR AND LABYRINTH DISORDERS
703-1182,AELOG,08 OCT 2013,E02,HYPERTENSION,,,1,N,,,HYPERTENSION,HYPERTENSION,HLT_0228,HLGT_0476,VASCULAR DISORDERS
703-1182,AELOG,08 OCT 2013,E03,CARDIAC PACEMAKER INSERTION,,,1,N,,,CARDIAC PACEMAKER INSERTION,CARDIAC PACEMAKER INSERTION,HLT_0474,HLGT_0501,SURGICAL AND MEDICAL PROCEDURES
703-1182,AELOG,08 OCT 2013,E04,SKIN RASH,,,2,N,,,SKIN RASH,RASH,HLT_0762,HLGT_0198,SKIN AND SUBCUTANEOUS TISSUE DISORDERS
703-1182,AELOG,31 OCT 2013,E05,APPLICATION SITE ERYTHEMA,31 OCT 2013,,1,N,,3,APPLICATION SITE REDNESS,APPLICATION SITE ERYTHEMA,HLT_0617,HLGT_0152,GENERAL DISORDERS AND ADMINISTRATION SITE CONDITIONS
703-1182,AELOG,28 NOV 2013,E05,APPLICATION SITE ERYTHEMA,31 OCT 2013,,2,N,,3,APPLICATION SITE REDNESS,APPLICATION SITE ERYTHEMA,HLT_0617,HLGT_0152,GENERAL DISORDERS AND ADMINISTRATION SITE CONDITIONS
703-1182,AELOG,08 OCT 2013,E06,HYPERCHOLESTEROLEMIA,,,1,N,,,HYPERCHOLESTEROLEMIA,HYPERCHOLESTEROLAEMIA,HLT_0025,HLGT_0703,METABOLISM AND NUTRITION DISORDERS
703-1182,AELOG,28 NOV 2013,E07,SOMNOLENCE,22 NOV 2013,,1,N,,2,DROWSINESS,SOMNOLENCE,HLT_0160,HLGT_0254,NERVOUS SYSTEM DISORDERS
703-1182,AELOG,12 DEC 2013,E07,SOMNOLENCE,22 NOV 2013,,2,N,,2,DROWSINESS,SOMNOLENCE,HLT_0160,HLGT_0254,NERVOUS SYSTEM DISORDERS
703-1197,AELOG,01 JUN 2013,E01,EDEMA OF EXTREMITIES,,,1,N,,,EDEMA OF EXTREMITIES,OEDEMA PERIPHERAL,HLT_0661,HLGT_0137,GENERAL DISORDERS AND ADMINISTRATION SITE CONDITIONS
703-1210,AELOG,12 APR 2013,E01,DISORIENTATION,02 APR 2013,,1,N,,2,DISORIENTATION,DISORIENTATION,HLT_0299,HLGT_0307,PSYCHIATRIC DISORDERS
703-1210,AELOG,08 MAR 2013,E02,OSTEOPOROSIS,,,1,N,,,OSTEOPOROSIS,OSTEOPOROSIS,HLT_0381,HLGT_0634,MUSCULOSKELETAL AND CONNECTIVE TISSUE DISORDERS
703-1210,AELOG,08 MAR 2013,E03,EDEMATOUS FEET,,,2,N,,,EDEMATOUS FEET,OEDEMA PERIPHERAL,HLT_0661,HLGT_0137,GENERAL DISORDERS AND ADMINISTRATION SITE CONDITIONS
703-1210,AELOG,10 MAY 2013,E04,DECREASED APPETITE,04 MAY 2013,,1,N,,3,DECREASED APPETITE,DECREASED APPETITE,HLT_0574,HLGT_0231,METABOLISM AND NUTRITION DISORDERS
703-1210,AELOG,24 AUG 2013,E04,DECREASED APPETITE,04 MAY 2013,,2,N,,3,DECREASED APPETITE,DECREASED APPETITE,HLT_0574,HLGT_0231,METABOLISM AND NUTRITION DISORDERS
703-1258,AELOG,10 JUL 2012,E01,ARTHRITIS,,,1,N,,,ARTHRITIS,ARTHRITIS,HLT_0019,HLGT_0587,MUSCULOSKELETAL AND CONNECTIVE TISSUE DISORDERS
703-1258,AELOG,10 JUL 2012,E02,GLAUCOMA,,,2,N,,,GLAUCOMA,GLAUCOMA,HLT_0556,HLGT_0734,EYE DISORDERS
703-1258,AELOG,10 JUL 2012,E03,HYPERTENSION,,,1,N,,,HYPERTENSION,HYPERTENSION,HLT_0228,HLGT_0476,VASCULAR DISORDERS
703-1258,AELOG,10 JUL 2012,E04,HYPERCHOLESTEROLEMIA,,,1,N,,,HYPERCHOLESTEROLEMIA,HYPERCHOLESTEROLAEMIA,HLT_0025,HLGT_0703,METABOLISM AND NUTRITION DISORDERS
703-1258,AELOG,10 JUL 2012,E05,DIABETES,,,1,N,,,DIABETES,DIABETES MELLITUS,HLT_0447,HLGT_0572,METABOLISM AND NUTRITION DISORDERS
703-1258,AELOG,10 JUL 2012,E06,DIZZINESS,,,1,N,,,DIZZINESS,DIZZINESS,HLT_0619,HLGT_0751,NERVOUS SYSTEM DISORDERS
703-1258,AELOG,04 SEP 2012,E06,DIZZINESS,UN UNK 2001,,2,N,,1,DIZZINESS,DIZZINESS,HLT_0619,HLGT_0751,NERVOUS SYSTEM DISORDERS
703-1258,AELOG,14 SEP 2012,E06,DIZZINESS,UN UNK 2001,,1,N,,1,DIZZINESS,DIZZINESS,HLT_0619,HLGT_0751,NERVOUS SYSTEM DISORDERS
703-1258,AELOG,17 AUG 2012,E07,UPPER RESPIRATORY TRACT INFECTION,11 AUG 2012,19 AUG 2012,1,N,,1,UPPER RESPIRATORY INFECTION,UPPER RESPIRATORY TRACT INFECTION,HLT_0520,HLGT_0489,INFECTIONS AND INFESTATIONS
703-1258,AELOG,04 SEP 2012,E07,UPPER RESPIRATORY TRACT INFECTION,11 AUG 2012,19 AUG 2012,1,N,,1,UPPER RESPIRATORY INFECTION,UPPER RESPIRATORY TRACT INFECTION,HLT_0520,HLGT_0489,INFECTIONS AND INFESTATIONS
703-1258,AELOG,04 SEP 2012,E08,APPLICATION SITE DERMATITIS,04 SEP 2012,25 JAN 2013,1,N,,4,APPLICATION SITE RASH,APPLICATION SITE DERMATITIS,HLT_0343,HLGT_0241,GENERAL DISORDERS AND ADMINISTRATION SITE CONDITIONS
703-1258,AELOG,14 SEP 2012,E08,APPLICATION SITE DERMATITIS,04 SEP 2012,25 JAN 2013,2,N,,4,APPLICATION SITE RASH,APPLICATION SITE DERMATITIS,HLT_0343,HLGT_0241,GENERAL DISORDERS AND ADMINISTRATION SITE CONDITIONS
703-1258,AELOG,28 JAN 2013,E08,APPLICATION SITE DERMATITIS,04 SEP 2012,25 JAN 2013,1,N,,4,APPLICATION SITE RASH,APPLICATION SITE DERMATITIS,HLT_0343,HLGT_0241,GENERAL DISORDERS AND ADMINISTRATION SITE CONDITIONS
703-1279,AELOG,27 APR 2013,E01,ARTHRITIS,,,1,N,,,ARTHRITIS,ARTHRITIS,HLT_0019,HLGT_0587,MUSCULOSKELETAL AND CONNECTIVE TISSUE DISORDERS
703-1295,AELOG,24 OCT 2013,E01,HYPOTHYROIDISM,,,1,N,,,HYPOTHYROIDISM,HYPOTHYROIDISM,HLT_0454,HLGT_0558,ENDOCRINE DISORDERS
703-1295,AELOG,24 OCT 2013,E02,PAIN IN HIP,,,1,N,,,PAIN IN HIP,ARTHRALGIA,HLT_0375,HLGT_0610,MUSCULOSKELETAL AND CONNECTIVE TISSUE DISORDERS
703-1295,AELOG,24 OCT 2013,E03,CONSTIPATION,,,1,N,,,CONSTIPATION,CONSTIPATION,HLT_0402,HLGT_0635,GASTROINTESTINAL DISORDERS
703-1295,AELOG,24 OCT 2013,E04,HEARING LOSS,,,1,N,,,HEARING LOSS,DEAFNESS,HLT_0234,HLGT_0025,EAR AND LABYRINTH DISORDERS
703-1295,AELOG,24 OCT 2013,E05,PAGET'S DISEASE,,,2,N,,,PAGET'S DISEASE,OSTEITIS DEFORMANS,HLT_0459,HLGT_0692,MUSCULOSKELETAL AND CONNECTIVE TISSUE DISORDERS
703-1295,AELOG,01 JAN 2014,E06,ARTHRITIS,28 DEC 2013,,2,N,,1,ARTHRITIS,ARTHRITIS,HLT_0019,HLGT_0587,MUSCULOSKELETAL AND CONNECTIVE TISSUE DISORDERS
703-1299,AELOG,07 SEP 2012,E01,GLAUCOMA,,,1,N,,,GLAUCOMA,GLAUCOMA,HLT_0556,HLGT_0734,EYE DISORDERS
703-1299,AELOG,01 MAR 2013,E01,GLAUCOMA,UN UNK 1992,,2,N,,1,GLAUCOMA,GLAUCOMA,HLT_0556,HLGT_0734,EYE DISORDERS
703-1299,AELOG,28 SEP 2012,E02,UPPER RESPIRATORY TRACT INFECTION,27 SEP 2012,06 OCT 2012,1,N,,1,UPPER RESPIRATORY INFECTION,UPPER RESPIRATORY TRACT INFECTION,HLT_0520,HLGT_0489,INFECTIONS AND INFESTATIONS
703-1299,AELOG,10 OCT 2012,E02,UPPER RESPIRATORY TRACT INFECTION,27 SEP 2012,06 OCT 2012,1,N,,1,UPPER RESPIRATORY INFECTION,UPPER RESPIRATORY TRACT INFECTION,HLT_0520,HLGT_0489,INFECTIONS AND INFESTATIONS
703-1299,AELOG,07 SEP 2012,E03,ARTHRITIS,,,1,N,,,ARTHRITIS,ARTHRITIS,HLT_0019,HLGT_0587,MUSCULOSKELETAL AND CONNECTIVE TISSUE DISORDERS
703-1299,AELOG,07 SEP 2012,E04,HEARING DECREASED,,,1,N,,,HEARING DECREASED,HYPOACUSIS,HLT_0174,HLGT_0589,EAR AND LABYRINTH DISORDERS
703-1299,AELOG,01 MAR 2013,E05,HYPOTENSION,01 MAR 2013,,1,N,,2,HYPOTENSION,HYPOTENSION,HLT_0761,HLGT_0412,VASCULAR DISORDERS
703-1299,AELOG,13 MAR 2013,E05,HYPOTENSION,01 MAR 2013,,2,N,,2,HYPOTENSION,HYPOTENSION,HLT_0761,HLGT_0412,VASCULAR DISORDERS
703-1299,AELOG,01 MAR 2013,E06,TACHYCARDIA,01 MAR 2013,,1,N,,2,TACHYCARDIA,TACHYCARDIA,HLT_0082,HLGT_0574,CARDIAC DISORDERS
703-1299,AELOG,13 MAR 2013,E06,TACHYCARDIA,01 MAR 2013,,2,N,,2,TACHYCARDIA,TACHYCARDIA,HLT_0082,HLGT_0574,CARDIAC DISORDERS
703-1299,AELOG,13 MAR 2013,E07,MYOCARDIAL INFARCTION,13 MAR 2013,,2,N,,2,MYOCARDIAL INFARCTION,MYOCARDIAL INFARCTION,HLT_0649,HLGT_0688,CARDIAC DISORDERS
703-1335,AELOG,15 MAR 2014,E01,ATRIOVENTRICULAR BLOCK SECOND DEGREE,15 MAR 2014,30 MAR 2014,1,N,,1,AV BLOCK SECOND DEGREE,ATRIOVENTRICULAR BLOCK SECOND DEGREE,HLT_0415,HLGT_0086,CARDIAC DISORDERS
703-1335,AELOG,31 MAR 2014,E01,ATRIOVENTRICULAR BLOCK SECOND DEGREE,15 MAR 2014,30 MAR 2014,1,N,,1,AV BLOCK SECOND DEGREE,ATRIOVENTRICULAR BLOCK SECOND DEGREE,HLT_0415,HLGT_0086,CARDIAC DISORDERS
703-1335,AELOG,28 FEB 2014,E02,ARTHRITIS,,,1,N,,,ARTHRITIS,ARTHRITIS,HLT_0019,HLGT_0587,MUSCULOSKELETAL AND CONNECTIVE TISSUE DISORDERS
703-1379,AELOG,12 SEP 2013,E02,MITRAL VALVE DISEASE,,,1,N,,,MITRAL VALVE DISEASE,MITRAL VALVE DISEASE,HLT_0755,HLGT_0053,CARDIAC DISORDERS
703-1379,AELOG,12 SEP 2013,E03,HYPERTENSION,,,1,N,,,HYPERTENSION,HYPERTENSION,HLT_0228,HLGT_0476,VASCULAR DISORDERS
703-1379,AELOG,12 SEP 2013,E04,NON-INSULIN-DEPENDENT DIABETES MELLITUS,,,1,N,,,NON-INSULIN-DEPENDENT DIABETES MELLITUS,DIABETES MELLITUS NON-INSULIN-DEPENDENT,HLT_0706,HLGT_0092,METABOLISM AND NUTRITION DISORDERS
703-1379,AELOG,12 SEP 2013,E05,DEGENERATIVE JOINT DISEASE,,,1,N,,,DEGENERATIVE JOINT DISEASE,OSTEOARTHRITIS,HLT_0247,HLGT_0462,MUSCULOSKELETAL AND CONNECTIVE TISSUE DISORDERS
703-1379,AELOG,12 SEP 2013,E06,GOUT,,,1,N,,,GOUT,GOUT,HLT_0396,HLGT_0479,METABOLISM AND NUTRITION DISORDERS
703-1379,AELOG,12 SEP 2013,E07,ATHEROSCLEROSIS,,,1,N,,,ATHEROSCLEROSIS,ATHEROSCLEROSIS,HLT_0129,HLGT_0455,VASCULAR DISORDERS
703-1403,AELOG,19 DEC 2012,E01,DIARRHOEA,13 DEC 2012,14 DEC 2012,2,N,,4,DIARRHEA,DIARRHOEA,HLT_0148,HLGT_0588,GASTROINTESTINAL DISORDERS
703-1403,AELOG,19 DEC 2012,E02,VOMITING,13 DEC 2012,14 DEC 2012,2,N,,4,VOMITING,VOMITING,HLT_0016,HLGT_0350,GASTROINTESTINAL DISORDERS
703-1403,AELOG,19 DEC 2012,E03,CHEST DISCOMFORT,15 DEC 2012,16 DEC 2012,1,N,,4,CHEST TIGHTNESS,CHEST DISCOMFORT,HLT_0593,HLGT_0441,GENERAL DISORDERS AND ADMINISTRATION SITE CONDITIONS
703-1403,AELOG,05 DEC 2012,E04,HEARING DECREASED,,,1,N,,,HEARING DECREASED,HYPOACUSIS,HLT_0174,HLGT_0589,EAR AND LABYRINTH DISORDERS
703-1403,AELOG,05 DEC 2012,E05,RIGHT CATARACT,,,1,N,,,RIGHT CATARACT,CATARACT,HLT_0090,HLGT_0498,EYE DISORDERS
703-1403,AELOG,05 DEC 2012,E06,LACERATION OF FINGER,,,2,N,,,LACERATION OF FINGER,SKIN LACERATION,HLT_0075,HLGT_0118,"INJURY, POISONING AND PROCEDURAL COMPLICATIONS"
703-1403,AELOG,19 DEC 2012,E07,WEIGHT DECREASED,12 DEC 2012,19 DEC 2012,2,N,,1,WEIGHT LOSS,WEIGHT DECREASED,HLT_0158,HLGT_0778,INVESTIGATIONS
703-1403,AELOG,08 JAN 2013,E07,WEIGHT DECREASED,12 DEC 2012,19 DEC 2012,2,N,,1,WEIGHT LOSS,WEIGHT DECREASED,HLT_0158,HLGT_0778,INVESTIGATIONS
703-1439,AELOG,05 MAY 2014,E01,APPLICATION SITE IRRITATION,24 APR 2014,,1,N,,4,APPLICATION SITE IRRITATION,APPLICATION SITE IRRITATION,HLT_0061,HLGT_0346,GENERAL DISORDERS AND ADMINISTRATION SITE CONDITIONS
703-1439,AELOG,30 JUN 2014,E01,APPLICATION SITE IRRITATION,24 APR 2014,,2,N,,4,APPLICATION SITE IRRITATION,APPLICATION SITE IRRITATION,HLT_0061,HLGT_0346,GENERAL DISORDERS AND ADMINISTRATION SITE CONDITIONS
704-1008,AELOG,06 JAN 2013,E01,HYPOTHYROIDISM,,,1,N,,,HYPOTHYROIDISM,HYPOTHYROIDISM,HLT_0454,HLGT_0558,ENDOCRINE DISORDERS
704-1008,AELOG,06 JAN 2013,E02,HEARING LOSS,,,1,N,,,HEARING LOSS,DEAFNESS,HLT_0234,HLGT_0025,EAR AND LABYRINTH DISORDERS
704-1008,AELOG,09 FEB 2013,E03,HYPERHIDROSIS,30 JAN 2013,,1,N,,3,SWEATING INCREASED,HYPERHIDROSIS,HLT_0587,HLGT_0005,SKIN AND SUBCUTANEOUS TISSUE DISORDERS
704-1008,AELOG,06 JAN 2013,E04,HEADACHE,,,1,N,,,HEADACHE,HEADACHE,HLT_0064,HLGT_0344,NERVOUS SYSTEM DISORDERS
704-1008,AELOG,25 FEB 2013,E05,SINUS BRADYCARDIA,25 FEB 2013,,2,N,,1,SINUS BRADYCARDIA,SINUS BRADYCARDIA,HLT_0644,HLGT_0500,CARDIAC DISORDERS
704-1008,AELOG,25 FEB 2013,E06,TRANSIENT ISCHAEMIC ATTACK,21 FEB 2013,21 FEB 2013,3,N,4,1,TRANSIENT ISCHEMIC ATTACKS,TRANSIENT ISCHAEMIC ATTACK,HLT_0041,HLGT_0433,NERVOUS SYSTEM DISORDERS
704-1009,AELOG,20 AUG 2013,E01,ENLARGED PROSTATE,,,1,N,,,ENLARGED PROSTATE,BENIGN PROSTATIC HYPERPLASIA,HLT_0215,HLGT_0568,REPRODUCTIVE SYSTEM AND BREAST DISORDERS
704-1009,AELOG,20 AUG 2013,E02,ARTHRITIS,,,1,N,,,ARTHRITIS,ARTHRITIS,HLT_0019,HLGT_0587,MUSCULOSKELETAL AND CONNECTIVE TISSUE DISORDERS
704-1009,AELOG,14 SEP 2013,E03,RASH,14 SEP 2013,,1,N,,3,RASH,RASH,HLT_0762,HLGT_0198,SKIN AND SUBCUTANEOUS TISSUE DISORDERS
704-1009,AELOG,20 AUG 2013,E05,SEASONAL ALLERGY,,,1,N,,,SEASONAL ALLERGY,SEASONAL ALLERGY,HLT_0714,HLGT_0782,IMMUNE SYSTEM DISORDERS
704-1009,AELOG,20 AUG 2013,E06,INTERMITTENT HEADACHE,,,1,N,,,INTERMITTENT HEADACHE,HEADACHE,HLT_0064,HLGT_0344,NERVOUS SYSTEM DISORDERS
704-1009,AELOG,02 OCT 2013,E07,DIZZINESS,17 SEP 2013,,1,N,,2,DIZZINESS,DIZZINESS,HLT_0619,HLGT_0751,NERVOUS SYSTEM DISORDERS
704-1009,AELOG,02 OCT 2013,E08,NAUSEA,22 SEP 2013,23 SEP 2013,1,N,,3,NAUSEA,NAUSEA,HLT_0742,HLGT_0326,GASTROINTESTINAL DISORDERS
704-1009,AELOG,14 SEP 2013,E09,FATIGUE,05 SEP 2013,,1,N,,2,FATIGUE,FATIGUE,HLT_0043,HLGT_0181,GENERAL DISORDERS AND ADMINISTRATION SITE CONDITIONS
704-1009,AELOG,14 SEP 2013,E10,MALAISE,05 SEP 2013,27 SEP 2013,1,N,,3,MALAISE,MALAISE,HLT_0456,HLGT_0178,GENERAL DISORDERS AND ADMINISTRATION SITE CONDITIONS
704-1009,AELOG,02 OCT 2013,E10,MALAISE,05 SEP 2013,27 SEP 2013,1,N,,3,MALAISE,MALAISE,HLT_0456,HLGT_0178,GENERAL DISORDERS AND ADMINISTRATION SITE CONDITIONS
704-1009,AELOG,20 AUG 2013,E11,MYOCARDIAL INFARCTION,,,1,N,,,MYOCARDIAL INFARCTION,MYOCARDIAL INFARCTION,HLT_0649,HLGT_0688,CARDIAC DISORDERS
704-1010,AELOG,08 MAR 2014,E01,CYSTITIS,27 FEB 2014,06 MAR 2014,1,N,,1,BLADDER INFECTION,CYSTITIS,HLT_0739,HLGT_0129,INFECTIONS AND INFESTATIONS
704-1010,AELOG,08 FEB 2014,E02,HYPERTENSION,,,1,N,,,HYPERTENSION,HYPERTENSION,HLT_0228,HLGT_0476,VASCULAR DISORDERS
704-1010,AELOG,09 JUL 2014,E03,VOMITING,05 JUL 2014,06 JUL 2014,1,N,,1,VOMITING,VOMITING,HLT_0016,HLGT_0350,GASTROINTESTINAL DISORDERS
704-1010,AELOG,09 JUL 2014,E04,DIARRHOEA,05 JUL 2014,06 JUL 2014,1,N,,1,DIARRHEA,DIARRHOEA,HLT_0148,HLGT_0588,GASTROINTESTINAL DISORDERS
704-1010,AELOG,09 JUL 2014,E05,EXCORIATION,06 JUL 2014,,1,N,,1,ABRASION NOS,EXCORIATION,HLT_0738,HLGT_0511,"INJURY, POISONING AND PROCEDURAL COMPLICATIONS"
704-1010,AELOG,09 JUL 2014,E06,SKIN LACERATION,06 JUL 2014,,1,N,,1,SKIN TEAR,SKIN LACERATION,HLT_0075,HLGT_0118,"INJURY, POISONING AND PROCEDURAL COMPLICATIONS"
704-1010,AELOG,09 JUL 2014,E07,ARTHRALGIA,06 JUL 2014,,1,N,,1,KNEE PAIN,ARTHRALGIA,HLT_0375,HLGT_0610,MUSCULOSKELETAL AND CONNECTIVE TISSUE DISORDERS
704-1010,AELOG,09 JUL 2014,E08,CONTUSION,06 JUL 2014,,1,N,,1,BRUISE OF HEAD,CONTUSION,HLT_0713,HLGT_0381,"INJURY, POISONING AND PROCEDURAL COMPLICATIONS"
704-1017,AELOG,20 SEP 2013,E03,SKIPPED BEATS,,,1,N,,,SKIPPED BEATS,EXTRASYSTOLES,HLT_0135,HLGT_0044,CARDIAC DISORDERS
704-1017,AELOG,20 SEP 2013,E06,LIBIDO INCREASED,,,1,N,,,LIBIDO INCREASED,LIBIDO INCREASED,HLT_0367,HLGT_0494,PSYCHIATRIC DISORDERS
704-1017,AELOG,20 SEP 2013,E07,MYOCARDIAL INFARCTION,,,1,N,,,MYOCARDIAL INFARCTION,MYOCARDIAL INFARCTION,HLT_0649,HLGT_0688,CARDIAC DISORDERS
704-1017,AELOG,20 SEP 2013,E08,CARDIAC DISORDER,,,1,N,,,CARDIAC DISORDER,CARDIAC DISORDER,HLT_0507,HLGT_0126,CARDIAC DISORDERS
704-1017,AELOG,20 SEP 2013,E09,ST SEGMENT DEPRESSED,,,1,N,,,ST SEGMENT DEPRESSED,ELECTROCARDIOGRAM ST SEGMENT DEPRESSION,HLT_0610,HLGT_0220,INVESTIGATIONS
704-1017,AELOG,20 SEP 2013,E10,ST SEGMENT ELEVATED,,,1,N,,,ST SEGMENT ELEVATED,ELECTROCARDIOGRAM ST SEGMENT ELEVATION,HLT_0272,HLGT_0116,INVESTIGATIONS
704-1017,AELOG,09 NOV 2013,E11,RASH,05 NOV 2013,22 NOV 2013,1,N,,4,RASH,RASH,HLT_0762,HLGT_0198,SKIN AND SUBCUTANEOUS TISSUE DISORDERS
704-1017,AELOG,24 NOV 2013,E11,RASH,05 NOV 2013,22 NOV 2013,1,N,,4,RASH,RASH,HLT_0762,HLGT_0198,SKIN AND SUBCUTANEOUS TISSUE DISORDERS
704-1017,AELOG,09 NOV 2013,E12,PRURITUS,05 NOV 2013,22 NOV 2013,1,N,,4,ITCHING,PRURITUS,HLT_0778,HLGT_0695,SKIN AND SUBCUTANEOUS TISSUE DISORDERS
704-1017,AELOG,24 NOV 2013,E12,PRURITUS,05 NOV 2013,22 NOV 2013,1,N,,4,ITCHING,PRURITUS,HLT_0778,HLGT_0695,SKIN AND SUBCUTANEOUS TISSUE DISORDERS
704-1017,AELOG,09 NOV 2013,E13,INFLUENZA,01 NOV 2013,08 NOV 2013,1,N,,1,FLU,INFLUENZA,HLT_0125,HLGT_0081,INFECTIONS AND INFESTATIONS
704-1017,AELOG,19 OCT 2013,E14,MYOCARDIAL INFARCTION,19 OCT 2013,,1,N,,1,MYOCARDIAL INFARCTION,MYOCARDIAL INFARCTION,HLT_0649,HLGT_0688,CARDIAC DISORDERS
704-1017,AELOG,19 OCT 2013,E15,VENTRICULAR SEPTAL DEFECT,19 OCT 2013,,1,N,,1,VENTRICULAR SEPTAL DEFECT,VENTRICULAR SEPTAL DEFECT,HLT_0589,HLGT_0747,"CONGENITAL, FAMILIAL AND GENETIC DISORDERS"
704-1017,AELOG,09 NOV 2013,E16,CARDIAC DISORDER,01 NOV 2013,,1,N,,1,CARDIAC DISORDER,CARDIAC DISORDER,HLT_0507,HLGT_0126,CARDIAC DISORDERS
704-1025,AELOG,11 OCT 2013,E01,VERTIGO,28 SEP 2013,30 SEP 2013,2,N,,3,VERTIGO,VERTIGO,HLT_0255,HLGT_0147,EAR AND LABYRINTH DISORDERS
704-1025,AELOG,11 OCT 2013,E02,PALPITATIONS,28 SEP 2013,30 SEP 2013,2,N,,2,PALPITATIONS,PALPITATIONS,HLT_0493,HLGT_0593,CARDIAC DISORDERS
704-1025,AELOG,18 SEP 2013,E03,PAROXYSMAL ATRIAL TACHYCARDIA,,,1,N,,,PAROXYSMAL ATRIAL TACHYCARDIA,ATRIAL TACHYCARDIA,HLT_0337,HLGT_0474,CARDIAC DISORDERS
704-1025,AELOG,18 SEP 2013,E04,ARTHRITIS,,,1,N,,,ARTHRITIS,ARTHRITIS,HLT_0019,HLGT_0587,MUSCULOSKELETAL AND CONNECTIVE TISSUE DISORDERS
704-1025,AELOG,11 OCT 2013,E05,ELECTROCARDIOGRAM ST SEGMENT DEPRESSION,11 OCT 2013,25 OCT 2013,1,N,,3,ST SEGMENT DEPRESSED,ELECTROCARDIOGRAM ST SEGMENT DEPRESSION,HLT_0610,HLGT_0220,INVESTIGATIONS
704-1025,AELOG,29 NOV 2013,E05,ELECTROCARDIOGRAM ST SEGMENT DEPRESSION,11 OCT 2013,25 OCT 2013,1,N,,3,ST SEGMENT DEPRESSED,ELECTROCARDIOGRAM ST SEGMENT DEPRESSION,HLT_0610,HLGT_0220,INVESTIGATIONS
704-1025,AELOG,25 OCT 2013,E06,WOLFF-PARKINSON-WHITE SYNDROME,25 OCT 2013,29 NOV 2013,1,N,,3,WOLFF-PARKINSON-WHITE SYNDROME,WOLFF-PARKINSON-WHITE SYNDROME,HLT_0612,HLGT_0218,CARDIAC DISORDERS
704-1025,AELOG,29 NOV 2013,E06,WOLFF-PARKINSON-WHITE SYNDROME,25 OCT 2013,29 NOV 2013,1,N,,3,WOLFF-PARKINSON-WHITE SYNDROME,WOLFF-PARKINSON-WHITE SYNDROME,HLT_0612,HLGT_0218,CARDIAC DISORDERS
704-1065,AELOG,17 OCT 2013,E01,HYPERTENSION,,,1,N,,,HYPERTENSION,HYPERTENSION,HLT_0228,HLGT_0476,VASCULAR DISORDERS
704-1065,AELOG,17 OCT 2013,E02,HIGH CHOLESTEROL,,,1,N,,,HIGH CHOLESTEROL,BLOOD CHOLESTEROL INCREASED,HLT_0210,HLGT_0430,INVESTIGATIONS
704-1065,AELOG,17 OCT 2013,E03,SEASONAL ALLERGY,,,1,N,,,SEASONAL ALLERGY,SEASONAL ALLERGY,HLT_0714,HLGT_0782,IMMUNE SYSTEM DISORDERS
704-1065,AELOG,17 OCT 2013,E04,ARTHRITIS,,,1,N,,,ARTHRITIS,ARTHRITIS,HLT_0019,HLGT_0587,MUSCULOSKELETAL AND CONNECTIVE TISSUE DISORDERS
704-1065,AELOG,17 OCT 2013,E05,SPINAL OSTEOARTHRITIS,,,1,N,,,SPINAL OSTEOARTHRITIS,SPINAL OSTEOARTHRITIS,HLT_0070,HLGT_0581,MUSCULOSKELETAL AND CONNECTIVE TISSUE DISORDERS
704-1065,AELOG,07 NOV 2013,E07,RASH,27 OCT 2013,,1,N,,4,RASH,RASH,HLT_0762,HLGT_0198,SKIN AND SUBCUTANEOUS TISSUE DISORDERS
704-1065,AELOG,17 OCT 2013,E08,SYSTOLIC MURMUR,,,1,N,,,SYSTOLIC MURMUR,CARDIAC MURMUR,HLT_0085,HLGT_0133,INVESTIGATIONS
704-1065,AELOG,17 OCT 2013,E09,HEARING DECREASED,,,1,N,,,HEARING DECREASED,HYPOACUSIS,HLT_0174,HLGT_0589,EAR AND LABYRINTH DISORDERS
704-1065,AELOG,07 NOV 2013,E10,APPLICATION SITE PRURITUS,27 OCT 2013,,2,N,,4,APPLICATION SITE ITCHING,APPLICATION SITE PRURITUS,HLT_0317,HLGT_0338,GENERAL DISORDERS AND ADMINISTRATION SITE CONDITIONS
704-1065,AELOG,25 NOV 2013,E12,APPLICATION SITE IRRITATION,09 NOV 2013,,1,N,,4,APPLICATION SITE BURNING,APPLICATION SITE IRRITATION,HLT_0061,HLGT_0346,GENERAL DISORDERS AND ADMINISTRATION SITE CONDITIONS
704-1065,AELOG,07 NOV 2013,E13,ABDOMINAL DISCOMFORT,26 OCT 2013,,1,N,,2,ABDOMINAL DISCOMFORT,ABDOMINAL DISCOMFORT,HLT_0012,HLGT_0332,GASTROINTESTINAL DISORDERS
704-1065,AELOG,25 NOV 2013,E14,MALAISE,09 NOV 2013,,1,N,,3,MALAISE,MALAISE,HLT_0456,HLGT_0178,GENERAL DISORDERS AND ADMINISTRATION SITE CONDITIONS
704-1065,AELOG,25 NOV 2013,E15,HYPERHIDROSIS,09 NOV 2013,,1,N,,3,PERSPIRATION EXCESSIVE,HYPERHIDROSIS,HLT_0587,HLGT_0005,SKIN AND SUBCUTANEOUS TISSUE DISORDERS
704-1065,AELOG,25 NOV 2013,E16,CHILLS,17 NOV 2013,17 NOV 2013,1,N,,2,CHILLS,CHILLS,HLT_0586,HLGT_0161,GENERAL DISORDERS AND ADMINISTRATION SITE CONDITIONS
704-1065,AELOG,25 NOV 2013,E17,DIZZINESS,17 NOV 2013,17 NOV 2013,1,N,,2,DIZZINESS,DIZZINESS,HLT_0619,HLGT_0751,NERVOUS SYSTEM DISORDERS
704-1065,AELOG,20 DEC 2013,E18,DIARRHOEA,15 DEC 2013,15 DEC 2013,1,N,,2,DIARRHEA,DIARRHOEA,HLT_0148,HLGT_0588,GASTROINTESTINAL DISORDERS
704-1065,AELOG,24 DEC 2013,E19,SINUS BRADYCARDIA,24 DEC 2013,,1,N,,1,BRADYCARDIA SINUS,SINUS BRADYCARDIA,HLT_0644,HLGT_0500,CARDIAC DISORDERS
704-1074,AELOG,19 JAN 2014,E01,HYPERTENSION,,,1,N,,,HYPERTENSION,HYPERTENSION,HLT_0228,HLGT_0476,VASCULAR DISORDERS
704-1074,AELOG,19 JAN 2014,E02,LEG PAIN,,,1,N,,,LEG PAIN,PAIN IN EXTREMITY,HLT_0213,HLGT_0764,MUSCULOSKELETAL AND CONNECTIVE TISSUE DISORDERS
704-1074,AELOG,19 JAN 2014,E03,HYPOTHYROIDISM,,,1,N,,,HYPOTHYROIDISM,HYPOTHYROIDISM,HLT_0454,HLGT_0558,ENDOCRINE DISORDERS
704-1074,AELOG,19 JAN 2014,E04,GLAUCOMA,,,1,N,,,GLAUCOMA,GLAUCOMA,HLT_0556,HLGT_0734,EYE DISORDERS
704-1074,AELOG,19 JAN 2014,E05,SEASONAL ALLERGY,,,1,N,,,SEASONAL ALLERGY,SEASONAL ALLERGY,HLT_0714,HLGT_0782,IMMUNE SYSTEM DISORDERS
704-1074,AELOG,19 JAN 2014,E06,DIZZINESS,,,1,N,,,DIZZINESS,DIZZINESS,HLT_0619,HLGT_0751,NERVOUS SYSTEM DISORDERS
704-1074,AELOG,19 JAN 2014,E07,URINARY INCONTINENCE,,,1,N,,,URINARY INCONTINENCE,URINARY INCONTINENCE,HLT_0572,HLGT_0128,RENAL AND URINARY DISORDERS
704-1074,AELOG,22 JAN 2014,E08,PRURITUS,22 JAN 2014,,1,N,,4,ITCHING,PRURITUS,HLT_0778,HLGT_0695,SKIN AND SUBCUTANEOUS TISSUE DISORDERS
704-1074,AELOG,09 FEB 2014,E09,ERYTHEMA,09 FEB 2014,,1,N,,4,SKIN RED,ERYTHEMA,HLT_0284,HLGT_0192,SKIN AND SUBCUTANEOUS TISSUE DISORDERS
704-1093,AELOG,22 FEB 2013,E01,HYPERTENSION,,,1,N,,,HYPERTENSION,HYPERTENSION,HLT_0228,HLGT_0476,VASCULAR DISORDERS
704-1093,AELOG,30 MAR 2013,E02,BLOOD GLUCOSE INCREASED,30 MAR 2013,13 APR 2013,1,N,,1,GLUCOSE INCREASED,BLOOD GLUCOSE INCREASED,HLT_0450,HLGT_0188,INVESTIGATIONS
704-1093,AELOG,17 APR 2013,E02,BLOOD GLUCOSE INCREASED,30 MAR 2013,13 APR 2013,1,N,,1,GLUCOSE INCREASED,BLOOD GLUCOSE INCREASED,HLT_0450,HLGT_0188,INVESTIGATIONS
704-1093,AELOG,22 FEB 2013,E03,DIABETES,,,1,N,,,DIABETES,DIABETES MELLITUS,HLT_0447,HLGT_0572,METABOLISM AND NUTRITION DISORDERS
704-1093,AELOG,11 MAY 2013,E05,RASH,04 MAY 2013,,1,N,,4,RASH,RASH,HLT_0762,HLGT_0198,SKIN AND SUBCUTANEOUS TISSUE DISORDERS
704-1093,AELOG,11 MAY 2013,E06,PRURITUS,04 MAY 2013,,1,N,,4,ITCHING,PRURITUS,HLT_0778,HLGT_0695,SKIN AND SUBCUTANEOUS TISSUE DISORDERS
704-1093,AELOG,22 FEB 2013,E07,CHOKED ON FOOD,,,1,N,,,CHOKED ON FOOD,CHOKING,HLT_0446,HLGT_0761,"RESPIRATORY, THORACIC AND MEDIASTINAL DISORDERS"
704-1114,AELOG,09 JAN 2013,E01,ARTHRITIS,,,1,N,,,ARTHRITIS,ARTHRITIS,HLT_0019,HLGT_0587,MUSCULOSKELETAL AND CONNECTIVE TISSUE DISORDERS
704-1114,AELOG,09 JAN 2013,E02,ARTERIOSCLEROSIS,,,1,N,,,ARTERIOSCLEROSIS,ARTERIOSCLEROSIS,HLT_0662,HLGT_0526,VASCULAR DISORDERS
704-1114,AELOG,13 MAR 2013,E03,OEDEMA,23 FEB 2013,,1,N,,4,EDEMA,OEDEMA,HLT_0656,HLGT_0036,GENERAL DISORDERS AND ADMINISTRATION SITE CONDITIONS
704-1114,AELOG,26 MAR 2013,E04,RASH,23 MAR 2013,,1,N,,4,RASH,RASH,HLT_0762,HLGT_0198,SKIN AND SUBCUTANEOUS TISSUE DISORDERS
704-1114,AELOG,26 MAR 2013,E05,PRURITUS,23 MAR 2013,,1,N,,4,ITCHING,PRURITUS,HLT_0778,HLGT_0695,SKIN AND SUBCUTANEOUS TISSUE DISORDERS
704-1114,AELOG,13 MAR 2013,E06,ERYTHEMA,21 FEB 2013,23 FEB 2013,1,N,,4,REDNESS,ERYTHEMA,HLT_0284,HLGT_0192,SKIN AND SUBCUTANEOUS TISSUE DISORDERS
704-1114,AELOG,16 JUN 2013,E07,INFLUENZA,07 JUN 2013,13 JUN 2013,1,N,,1,FLU,INFLUENZA,HLT_0125,HLGT_0081,INFECTIONS AND INFESTATIONS
704-1120,AELOG,29 DEC 2013,E01,RASH,23 DEC 2013,,1,N,,4,RASH,RASH,HLT_0762,HLGT_0198,SKIN AND SUBCUTANEOUS TISSUE DISORDERS
704-1120,AELOG,27 JAN 2014,E01,RASH,23 DEC 2013,,2,N,,4,RASH,RASH,HLT_0762,HLGT_0198,SKIN AND SUBCUTANEOUS TISSUE DISORDERS
704-1120,AELOG,29 DEC 2013,E02,NASOPHARYNGITIS,28 DEC 2013,03 FEB 2014,1,N,,1,COLD,NASOPHARYNGITIS,HLT_0036,HLGT_0709,INFECTIONS AND INFESTATIONS
704-1120,AELOG,10 MAR 2014,E02,NASOPHARYNGITIS,28 DEC 2013,03 FEB 2014,1,N,,1,COLD,NASOPHARYNGITIS,HLT_0036,HLGT_0709,INFECTIONS AND INFESTATIONS
704-1120,AELOG,18 NOV 2013,E03,INFERIOR MYOCARDIAL INFARCTION,,,1,N,,,INFERIOR MYOCARDIAL INFARCTION,MYOCARDIAL INFARCTION,HLT_0649,HLGT_0688,CARDIAC DISORDERS
704-1120,AELOG,27 JAN 2014,E04,PRURITUS,27 JAN 2014,,1,N,,4,ITCHING,PRURITUS,HLT_0778,HLGT_0695,SKIN AND SUBCUTANEOUS TISSUE DISORDERS
704-1120,AELOG,03 FEB 2014,E04,PRURITUS,27 JAN 2014,,2,N,,4,ITCHING,PRURITUS,HLT_0778,HLGT_0695,SKIN AND SUBCUTANEOUS TISSUE DISORDERS
704-1127,AELOG,16 SEP 2013,E01,CHRONIC OBSTRUCTIVE PULMONARY DISEASE,,,1,N,,,CHRONIC OBSTRUCTIVE PULMONARY DISEASE,CHRONIC OBSTRUCTIVE PULMONARY DISEASE,HLT_0497,HLGT_0242,"RESPIRATORY, THORACIC AND MEDIASTINAL DISORDERS"
704-1135,AELOG,11 DEC 2013,E01,RASH,08 DEC 2013,,1,N,,,RASH,RASH,HLT_0762,HLGT_0198,SKIN AND SUBCUTANEOUS TISSUE DISORDERS
704-1135,AELOG,19 FEB 2014,E01,RASH,08 DEC 2013,,3,N,,,RASH,RASH,HLT_0762,HLGT_0198,SKIN AND SUBCUTANEOUS TISSUE DISORDERS
704-1164,AELOG,04 OCT 2012,E02,INFLUENZA,27 SEP 2012,07 OCT 2012,1,N,,1,FLU,INFLUENZA,HLT_0125,HLGT_0081,INFECTIONS AND INFESTATIONS
704-1164,AELOG,21 OCT 2012,E02,INFLUENZA,27 SEP 2012,07 OCT 2012,1,N,,1,FLU,INFLUENZA,HLT_0125,HLGT_0081,INFECTIONS AND INFESTATIONS
704-1164,AELOG,11 SEP 2012,E03,MYOCARDIAL INFARCTION,,,1,N,,,MYOCARDIAL INFARCTION,MYOCARDIAL INFARCTION,HLT_0649,HLGT_0688,CARDIAC DISORDERS
704-1164,AELOG,11 SEP 2012,E04,VENTRICULAR SEPTAL DEFECT,,,1,N,,,VENTRICULAR SEPTAL DEFECT,VENTRICULAR SEPTAL DEFECT,HLT_0589,HLGT_0747,"CONGENITAL, FAMILIAL AND GENETIC DISORDERS"
704-1164,AELOG,11 SEP 2012,E05,CONSTIPATION,,,1,N,,,CONSTIPATION,CONSTIPATION,HLT_0402,HLGT_0635,GASTROINTESTINAL DISORDERS
704-1164,AELOG,14 FEB 2013,E07,OEDEMA PERIPHERAL,04 FEB 2013,13 FEB 2013,1,N,,1,SWELLING OF FEET,OEDEMA PERIPHERAL,HLT_0661,HLGT_0137,GENERAL DISORDERS AND ADMINISTRATION SITE CONDITIONS
704-1218,AELOG,11 NOV 2012,E01,HYPERTENSION,,,1,N,,,HYPERTENSION,HYPERTENSION,HLT_0228,HLGT_0476,VASCULAR DISORDERS
704-1218,AELOG,11 NOV 2012,E02,HEARING LOSS,,,1,N,,,HEARING LOSS,DEAFNESS,HLT_0234,HLGT_0025,EAR AND LABYRINTH DISORDERS
704-1218,AELOG,11 NOV 2012,E03,CHOLELITHIASIS,,,1,N,,,CHOLELITHIASIS,CHOLELITHIASIS,HLT_0084,HLGT_0177,HEPATOBILIARY DISORDERS
704-1218,AELOG,30 DEC 2012,E05,BLOOD GLUCOSE INCREASED,30 DEC 2012,,1,N,,1,GLUCOSE INCREASED,BLOOD GLUCOSE INCREASED,HLT_0450,HLGT_0188,INVESTIGATIONS
704-1218,AELOG,11 NOV 2012,E06,ARTHRITIS,,,1,N,,,ARTHRITIS,ARTHRITIS,HLT_0019,HLGT_0587,MUSCULOSKELETAL AND CONNECTIVE TISSUE DISORDERS
704-1233,AELOG,08 MAR 2013,E01,HEARING LOSS,,,1,N,,,HEARING LOSS,DEAFNESS,HLT_0234,HLGT_0025,EAR AND LABYRINTH DISORDERS
704-1233,AELOG,08 MAR 2013,E02,OSTEOPOROSIS,,,1,N,,,OSTEOPOROSIS,OSTEOPOROSIS,HLT_0381,HLGT_0634,MUSCULOSKELETAL AND CONNECTIVE TISSUE DISORDERS
704-1233,AELOG,08 MAR 2013,E03,MUSCLE PAIN,,,1,N,,,MUSCLE PAIN,MYALGIA,HLT_0700,HLGT_0121,MUSCULOSKELETAL AND CONNECTIVE TISSUE DISORDERS
704-1241,AELOG,14 AUG 2013,E01,CONSTIPATION,,,1,N,,,CONSTIPATION,CONSTIPATION,HLT_0402,HLGT_0635,GASTROINTESTINAL DISORDERS
704-1241,AELOG,09 OCT 2013,E03,DYSPNOEA,28 SEP 2013,,1,N,,1,RESPIRATION LABORED,DYSPNOEA,HLT_0296,HLGT_0255,"RESPIRATORY, THORACIC AND MEDIASTINAL DISORDERS"
704-1241,AELOG,14 AUG 2013,E04,RASH,,,1,N,,,RASH,RASH,HLT_0762,HLGT_0198,SKIN AND SUBCUTANEOUS TISSUE DISORDERS
704-1241,AELOG,09 OCT 2013,E04,RASH,14 AUG 2013,,2,N,,1,RASH,RASH,HLT_0762,HLGT_0198,SKIN AND SUBCUTANEOUS TISSUE DISORDERS
704-1241,AELOG,14 AUG 2013,E05,INFERIOR MYOCARDIAL INFARCTION,,,1,N,,,INFERIOR MYOCARDIAL INFARCTION,MYOCARDIAL INFARCTION,HLT_0649,HLGT_0688,CARDIAC DISORDERS
704-1260,AELOG,23 AUG 2012,E03,URINARY INCONTINENCE,,,1,N,,,URINARY INCONTINENCE,URINARY INCONTINENCE,HLT_0572,HLGT_0128,RENAL AND URINARY DISORDERS
704-1260,AELOG,23 AUG 2012,E04,GAIT DISORDER,,,1,N,,,GAIT DISORDER,GAIT DISTURBANCE,HLT_0175,HLGT_0694,GENERAL DISORDERS AND ADMINISTRATION SITE CONDITIONS
704-1266,AELOG,05 OCT 2013,E01,ATRIAL FIBRILLATION,,,1,N,,,ATRIAL FIBRILLATION,ATRIAL FIBRILLATION,HLT_0365,HLGT_0012,CARDIAC DISORDERS
704-1266,AELOG,05 OCT 2013,E02,HYPERTENSION,,,1,N,,,HYPERTENSION,HYPERTENSION,HLT_0228,HLGT_0476,VASCULAR DISORDERS
704-1266,AELOG,05 OCT 2013,E03,HYPERCHOLESTEROLEMIA,,,1,N,,,HYPERCHOLESTEROLEMIA,HYPERCHOLESTEROLAEMIA,HLT_0025,HLGT_0703,METABOLISM AND NUTRITION DISORDERS
704-1266,AELOG,05 OCT 2013,E04,ASTHMA,,,1,N,,,ASTHMA,ASTHMA,HLT_0254,HLGT_0380,"RESPIRATORY, THORACIC AND MEDIASTINAL DISORDERS"
704-1266,AELOG,05 OCT 2013,E05,ENLARGED PROSTATE,,,1,N,,,ENLARGED PROSTATE,BENIGN PROSTATIC HYPERPLASIA,HLT_0215,HLGT_0568,REPRODUCTIVE SYSTEM AND BREAST DISORDERS
704-1266,AELOG,05 OCT 2013,E06,ARTHRITIS,,,1,N,,,ARTHRITIS,ARTHRITIS,HLT_0019,HLGT_0587,MUSCULOSKELETAL AND CONNECTIVE TISSUE DISORDERS
704-1266,AELOG,05 OCT 2013,E07,ESSENTIAL TREMOR,,,1,N,,,ESSENTIAL TREMOR,ESSENTIAL TREMOR,HLT_0398,HLGT_0631,NERVOUS SYSTEM DISORDERS
704-1266,AELOG,05 OCT 2013,E08,HEARTBEATS IRREGULAR,,,1,N,,,HEARTBEATS IRREGULAR,HEART RATE IRREGULAR,HLT_0765,HLGT_0140,INVESTIGATIONS
704-1266,AELOG,05 OCT 2013,E09,HEARING LOSS,,,1,N,,,HEARING LOSS,DEAFNESS,HLT_0234,HLGT_0025,EAR AND LABYRINTH DISORDERS
704-1266,AELOG,27 OCT 2013,E10,ERYTHEMA,17 OCT 2013,23 DEC 2013,1,N,,4,ERYTHEMA,ERYTHEMA,HLT_0284,HLGT_0192,SKIN AND SUBCUTANEOUS TISSUE DISORDERS
704-1266,AELOG,06 DEC 2013,E10,ERYTHEMA,17 OCT 2013,23 DEC 2013,2,N,,4,ERYTHEMA,ERYTHEMA,HLT_0284,HLGT_0192,SKIN AND SUBCUTANEOUS TISSUE DISORDERS
704-1266,AELOG,03 JAN 2014,E10,ERYTHEMA,17 OCT 2013,23 DEC 2013,2,N,,4,ERYTHEMA,ERYTHEMA,HLT_0284,HLGT_0192,SKIN AND SUBCUTANEOUS TISSUE DISORDERS
704-1266,AELOG,11 OCT 2013,E11,SEASONAL ALLERGY,06 OCT 2013,,1,N,,1,HAY FEVER,SEASONAL ALLERGY,HLT_0714,HLGT_0782,IMMUNE SYSTEM DISORDERS
704-1266,AELOG,27 OCT 2013,E12,ATRIAL FLUTTER,27 OCT 2013,08 NOV 2013,1,N,,1,ATRIAL FLUTTER,ATRIAL FLUTTER,HLT_0477,HLGT_0627,CARDIAC DISORDERS
704-1266,AELOG,10 NOV 2013,E12,ATRIAL FLUTTER,27 OCT 2013,08 NOV 2013,1,N,,1,ATRIAL FLUTTER,ATRIAL FLUTTER,HLT_0477,HLGT_0627,CARDIAC DISORDERS
704-1266,AELOG,08 NOV 2013,E13,ATRIAL FIBRILLATION,08 NOV 2013,06 DEC 2013,1,N,,1,ATRIAL FIBRILLATION,ATRIAL FIBRILLATION,HLT_0365,HLGT_0012,CARDIAC DISORDERS
704-1266,AELOG,03 JAN 2014,E13,ATRIAL FIBRILLATION,08 NOV 2013,06 DEC 2013,1,N,,1,ATRIAL FIBRILLATION,ATRIAL FIBRILLATION,HLT_0365,HLGT_0012,CARDIAC DISORDERS
704-1266,AELOG,10 NOV 2013,E15,HYPERHIDROSIS,09 NOV 2013,04 DEC 2013,1,N,,3,PERSPIRATION EXCESSIVE,HYPERHIDROSIS,HLT_0587,HLGT_0005,SKIN AND SUBCUTANEOUS TISSUE DISORDERS
704-1266,AELOG,06 DEC 2013,E15,HYPERHIDROSIS,09 NOV 2013,04 DEC 2013,1,N,,3,PERSPIRATION EXCESSIVE,HYPERHIDROSIS,HLT_0587,HLGT_0005,SKIN AND SUBCUTANEOUS TISSUE DISORDERS
704-1266,AELOG,22 NOV 2013,E16,BLISTER,15 NOV 2013,14 DEC 2013,1,N,,4,BLISTERING,BLISTER,HLT_0752,HLGT_0267,SKIN AND SUBCUTANEOUS TISSUE DISORDERS
704-1266,AELOG,03 JAN 2014,E16,BLISTER,15 NOV 2013,14 DEC 2013,1,N,,4,BLISTERING,BLISTER,HLT_0752,HLGT_0267,SKIN AND SUBCUTANEOUS TISSUE DISORDERS
704-1266,AELOG,22 NOV 2013,E17,PRURITUS,15 NOV 2013,23 DEC 2013,1,N,,4,ITCHING,PRURITUS,HLT_0778,HLGT_0695,SKIN AND SUBCUTANEOUS TISSUE DISORDERS
704-1266,AELOG,03 JAN 2014,E17,PRURITUS,15 NOV 2013,23 DEC 2013,1,N,,4,ITCHING,PRURITUS,HLT_0778,HLGT_0695,SKIN AND SUBCUTANEOUS TISSUE DISORDERS
704-1266,AELOG,06 DEC 2013,E18,ERYTHEMA,06 DEC 2013,23 DEC 2013,1,N,,4,REDNESS,ERYTHEMA,HLT_0284,HLGT_0192,SKIN AND SUBCUTANEOUS TISSUE DISORDERS
704-1266,AELOG,03 JAN 2014,E18,ERYTHEMA,06 DEC 2013,23 DEC 2013,1,N,,4,REDNESS,ERYTHEMA,HLT_0284,HLGT_0192,SKIN AND SUBCUTANEOUS TISSUE DISORDERS
704-1323,AELOG,13 JUN 2013,E01,ALLERGIC RHINITIS,,,1,N,,,ALLERGIC RHINITIS,RHINITIS ALLERGIC,HLT_0423,HLGT_0207,"RESPIRATORY, THORACIC AND MEDIASTINAL DISORDERS"
704-1323,AELOG,13 JUN 2013,E02,DRY EYES,,,1,N,,,DRY EYES,DRY EYE,HLT_0291,HLGT_0314,EYE DISORDERS
704-1323,AELOG,13 JUN 2013,E03,SEASONAL ALLERGY,,,1,N,,,SEASONAL ALLERGY,SEASONAL ALLERGY,HLT_0714,HLGT_0782,IMMUNE SYSTEM DISORDERS
704-1323,AELOG,13 JUN 2013,E04,CONSTIPATION,,,1,N,,,CONSTIPATION,CONSTIPATION,HLT_0402,HLGT_0635,GASTROINTESTINAL DISORDERS
704-1323,AELOG,13 JUN 2013,E05,OSTEOPOROSIS,,,1,N,,,OSTEOPOROSIS,OSTEOPOROSIS,HLT_0381,HLGT_0634,MUSCULOSKELETAL AND CONNECTIVE TISSUE DISORDERS
704-1323,AELOG,13 JUN 2013,E06,ARTHRITIS,,,1,N,,,ARTHRITIS,ARTHRITIS,HLT_0019,HLGT_0587,MUSCULOSKELETAL AND CONNECTIVE TISSUE DISORDERS
704-1323,AELOG,04 AUG 2013,E07,VIRAL INFECTION,30 JUL 2013,03 AUG 2013,1,N,,1,VIRAL INFECTION,VIRAL INFECTION,HLT_0733,HLGT_0408,INFECTIONS AND INFESTATIONS
704-1323,AELOG,04 AUG 2013,E08,RASH,04 AUG 2013,,1,N,,4,RASH,RASH,HLT_0762,HLGT_0198,SKIN AND SUBCUTANEOUS TISSUE DISORDERS
704-1323,AELOG,04 AUG 2013,E09,PRURITUS,04 AUG 2013,,1,N,,4,ITCHING,PRURITUS,HLT_0778,HLGT_0695,SKIN AND SUBCUTANEOUS TISSUE DISORDERS
704-1323,AELOG,04 AUG 2013,E10,OEDEMA,04 AUG 2013,,1,N,,4,EDEMA,OEDEMA,HLT_0656,HLGT_0036,GENERAL DISORDERS AND ADMINISTRATION SITE CONDITIONS
704-1325,AELOG,16 APR 2014,E01,HEARING LOSS,,,1,N,,,HEARING LOSS,DEAFNESS,HLT_0234,HLGT_0025,EAR AND LABYRINTH DISORDERS
704-1325,AELOG,16 APR 2014,E02,ENLARGED PROSTATE,,,1,N,,,ENLARGED PROSTATE,BENIGN PROSTATIC HYPERPLASIA,HLT_0215,HLGT_0568,REPRODUCTIVE SYSTEM AND BREAST DISORDERS
704-1325,AELOG,16 APR 2014,E03,COPD,,,1,N,,,COPD,CHRONIC OBSTRUCTIVE PULMONARY DISEASE,HLT_0497,HLGT_0242,"RESPIRATORY, THORACIC AND MEDIASTINAL DISORDERS"
704-1325,AELOG,04 JUN 2014,E04,RASH,23 MAY 2014,,1,N,,4,RASH,RASH,HLT_0762,HLGT_0198,SKIN AND SUBCUTANEOUS TISSUE DISORDERS
704-1325,AELOG,16 JUL 2014,E05,PRURITUS,04 JUL 2014,,1,N,,4,ITCHING,PRURITUS,HLT_0778,HLGT_0695,SKIN AND SUBCUTANEOUS TISSUE DISORDERS
704-1332,AELOG,23 DEC 2013,E01,RASH,10 DEC 2013,24 FEB 2014,1,N,,1,RASH,RASH,HLT_0762,HLGT_0198,SKIN AND SUBCUTANEOUS TISSUE DISORDERS
704-1332,AELOG,03 FEB 2014,E01,RASH,10 DEC 2013,24 FEB 2014,2,N,,1,RASH,RASH,HLT_0762,HLGT_0198,SKIN AND SUBCUTANEOUS TISSUE DISORDERS
704-1332,AELOG,24 FEB 2014,E01,RASH,10 DEC 2013,24 FEB 2014,2,N,,1,RASH,RASH,HLT_0762,HLGT_0198,SKIN AND SUBCUTANEOUS TISSUE DISORDERS
704-1332,AELOG,20 JAN 2014,E02,PRURITUS,18 JAN 2014,24 FEB 2014,1,N,,4,ITCHING,PRURITUS,HLT_0778,HLGT_0695,SKIN AND SUBCUTANEOUS TISSUE DISORDERS
704-1332,AELOG,24 FEB 2014,E02,PRURITUS,18 JAN 2014,24 FEB 2014,1,N,,4,ITCHING,PRURITUS,HLT_0778,HLGT_0695,SKIN AND SUBCUTANEOUS TISSUE DISORDERS
704-1332,AELOG,24 NOV 2013,E03,COLD,,,1,N,,,COLD,NASOPHARYNGITIS,HLT_0036,HLGT_0709,INFECTIONS AND INFESTATIONS
704-1332,AELOG,24 NOV 2013,E04,TINNITUS,,,1,N,,,TINNITUS,TINNITUS,HLT_0570,HLGT_0180,EAR AND LABYRINTH DISORDERS
704-1332,AELOG,03 FEB 2014,E05,BURNING SENSATION,03 FEB 2014,,1,N,,4,BURNING SENSATION,BURNING SENSATION,HLT_0775,HLGT_0456,NERVOUS SYSTEM DISORDERS
704-1351,AELOG,26 SEP 2013,E01,SEASONAL ALLERGY,,,1,N,,,SEASONAL ALLERGY,SEASONAL ALLERGY,HLT_0714,HLGT_0782,IMMUNE SYSTEM DISORDERS
704-1351,AELOG,07 NOV 2013,E02,POLLAKIURIA,27 OCT 2013,04 APR 2014,1,N,,1,URINARY FREQUENCY,POLLAKIURIA,HLT_0393,HLGT_0560,RENAL AND URINARY DISORDERS
704-1351,AELOG,18 APR 2014,E02,POLLAKIURIA,27 OCT 2013,04 APR 2014,1,N,,1,URINARY FREQUENCY,POLLAKIURIA,HLT_0393,HLGT_0560,RENAL AND URINARY DISORDERS
704-1351,AELOG,07 NOV 2013,E03,FLATULENCE,27 OCT 2013,04 APR 2014,1,N,,1,GAS,FLATULENCE,HLT_0356,HLGT_0504,GASTROINTESTINAL DISORDERS
704-1351,AELOG,18 APR 2014,E03,FLATULENCE,27 OCT 2013,04 APR 2014,1,N,,1,GAS,FLATULENCE,HLT_0356,HLGT_0504,GASTROINTESTINAL DISORDERS
704-1388,AELOG,28 NOV 2012,E01,HEADACHE,,,1,N,,,HEADACHE,HEADACHE,HLT_0064,HLGT_0344,NERVOUS SYSTEM DISORDERS
704-1388,AELOG,27 MAR 2013,E01,HEADACHE,23 AUG 2012,,2,N,,1,HEADACHE,HEADACHE,HLT_0064,HLGT_0344,NERVOUS SYSTEM DISORDERS
704-1388,AELOG,28 NOV 2012,E02,DEGENERATIVE JOINT DISEASE,,,1,N,,,DEGENERATIVE JOINT DISEASE,OSTEOARTHRITIS,HLT_0247,HLGT_0462,MUSCULOSKELETAL AND CONNECTIVE TISSUE DISORDERS
704-1388,AELOG,28 NOV 2012,E03,DERMATITIS,,,1,N,,,DERMATITIS,DERMATITIS,HLT_0328,HLGT_0054,SKIN AND SUBCUTANEOUS TISSUE DISORDERS
704-1388,AELOG,28 NOV 2012,E04,GLAUCOMA,,,1,N,,,GLAUCOMA,GLAUCOMA,HLT_0556,HLGT_0734,EYE DISORDERS
704-1388,AELOG,28 NOV 2012,E05,BENIGN PROSTATIC HYPERTROPHY,,,1,N,,,BENIGN PROSTATIC HYPERTROPHY,BENIGN PROSTATIC HYPERPLASIA,HLT_0215,HLGT_0568,REPRODUCTIVE SYSTEM AND BREAST DISORDERS
704-1388,AELOG,28 NOV 2012,E06,DEPRESSION,,,1,N,,,DEPRESSION,DEPRESSION,HLT_0167,HLGT_0582,PSYCHIATRIC DISORDERS
704-1388,AELOG,28 NOV 2012,E07,CONSTIPATION,,,1,N,,,CONSTIPATION,CONSTIPATION,HLT_0402,HLGT_0635,GASTROINTESTINAL DISORDERS
704-1435,AELOG,01 NOV 2012,E01,HEARING LOSS,,,1,N,,,HEARING LOSS,DEAFNESS,HLT_0234,HLGT_0025,EAR AND LABYRINTH DISORDERS
704-1435,AELOG,01 NOV 2012,E02,ASTHMA,,,1,N,,,ASTHMA,ASTHMA,HLT_0254,HLGT_0380,"RESPIRATORY, THORACIC AND MEDIASTINAL DISORDERS"
704-1435,AELOG,01 NOV 2012,E03,CONSTIPATION,,,1,N,,,CONSTIPATION,CONSTIPATION,HLT_0402,HLGT_0635,GASTROINTESTINAL DISORDERS
704-1435,AELOG,01 NOV 2012,E04,ENLARGED PROSTATE,,,1,N,,,ENLARGED PROSTATE,BENIGN PROSTATIC HYPERPLASIA,HLT_0215,HLGT_0568,REPRODUCTIVE SYSTEM AND BREAST DISORDERS
704-1435,AELOG,01 NOV 2012,E05,GLAUCOMA,,,1,N,,,GLAUCOMA,GLAUCOMA,HLT_0556,HLGT_0734,EYE DISORDERS
704-1435,AELOG,01 NOV 2012,E06,MACULAR DEGENERATION,,,1,N,,,MACULAR DEGENERATION,MACULAR DEGENERATION,HLT_0401,HLGT_0370,EYE DISORDERS
704-1435,AELOG,01 NOV 2012,E07,CLAUSTROPHOBIA,,,1,N,,,CLAUSTROPHOBIA,CLAUSTROPHOBIA,HLT_0329,HLGT_0151,PSYCHIATRIC DISORDERS
704-1435,AELOG,12 JAN 2013,E08,PARKINSON'S DISEASE,06 JAN 2013,,1,N,,1,DISEASE PARKINSON'S,PARKINSON'S DISEASE,HLT_0279,HLGT_0313,NERVOUS SYSTEM DISORDERS
704-1445,AELOG,01 MAY 2014,E02,ENLARGED PROSTATE,,,1,N,,,ENLARGED PROSTATE,BENIGN PROSTATIC HYPERPLASIA,HLT_0215,HLGT_0568,REPRODUCTIVE SYSTEM AND BREAST DISORDERS
704-1445,AELOG,01 MAY 2014,E03,URINARY FREQUENCY,,,1,N,,,URINARY FREQUENCY,POLLAKIURIA,HLT_0393,HLGT_0560,RENAL AND URINARY DISORDERS
704-1445,AELOG,01 MAY 2014,E04,NON-INSULIN-DEPENDENT DIABETES MELLITUS,,,1,N,,,NON-INSULIN-DEPENDENT DIABETES MELLITUS,DIABETES MELLITUS NON-INSULIN-DEPENDENT,HLT_0706,HLGT_0092,METABOLISM AND NUTRITION DISORDERS
704-1445,AELOG,01 MAY 2014,E05,CHRONIC OBSTRUCTIVE PULMONARY DISEASE,,,1,N,,,CHRONIC OBSTRUCTIVE PULMONARY DISEASE,CHRONIC OBSTRUCTIVE PULMONARY DISEASE,HLT_0497,HLGT_0242,"RESPIRATORY, THORACIC AND MEDIASTINAL DISORDERS"
704-1445,AELOG,01 NOV 2014,E06,COMPLETED SUICIDE,31 OCT 2014,31 OCT 2014,3,N,1,1,SUICIDE,COMPLETED SUICIDE,HLT_0625,HLGT_0013,PSYCHIATRIC DISORDERS
705-1018,AELOG,30 JUN 2013,E01,CHRONIC GASTRITIS,,,1,N,,,CHRONIC GASTRITIS,GASTRITIS,HLT_0060,HLGT_0561,GASTROINTESTINAL DISORDERS
705-1031,AELOG,17 NOV 2013,E01,HYPERTENSION,,,1,N,,,HYPERTENSION,HYPERTENSION,HLT_0228,HLGT_0476,VASCULAR DISORDERS
705-1031,AELOG,25 DEC 2013,E02,RASH,25 DEC 2013,,1,N,,3,RASH,RASH,HLT_0762,HLGT_0198,SKIN AND SUBCUTANEOUS TISSUE DISORDERS
705-1059,AELOG,02 AUG 2013,E01,MITRAL VALVE PROLAPSE,,,1,N,,,MITRAL VALVE PROLAPSE,MITRAL VALVE PROLAPSE,HLT_0731,HLGT_0411,CARDIAC DISORDERS
705-1059,AELOG,07 NOV 2013,E02,ERYTHEMA,02 NOV 2013,,2,N,,4,ERYTHEMA,ERYTHEMA,HLT_0284,HLGT_0192,SKIN AND SUBCUTANEOUS TISSUE DISORDERS
705-1186,AELOG,03 JAN 2014,E01,PAGET'S DISEASE,,,1,N,,,PAGET'S DISEASE,OSTEITIS DEFORMANS,HLT_0459,HLGT_0692,MUSCULOSKELETAL AND CONNECTIVE TISSUE DISORDERS
705-1186,AELOG,07 FEB 2014,E02,HYPERBILIRUBINAEMIA,26 JAN 2014,,2,N,,2,HYPERBILIRUBINEMIA,HYPERBILIRUBINAEMIA,HLT_0478,HLGT_0087,HEPATOBILIARY DISORDERS
705-1199,AELOG,11 SEP 2013,E01,CRAMPS LEG,,,1,N,,,CRAMPS LEG,MUSCLE SPASMS,HLT_0078,HLGT_0750,MUSCULOSKELETAL AND CONNECTIVE TISSUE DISORDERS
705-1199,AELOG,11 SEP 2013,E02,CHRONIC INSOMNIA,,,1,N,,,CHRONIC INSOMNIA,INSOMNIA,HLT_0297,HLGT_0469,PSYCHIATRIC DISORDERS
705-1199,AELOG,29 SEP 2013,E06,DYSPEPSIA,17 SEP 2013,29 SEP 2013,2,N,,3,PYROSIS,DYSPEPSIA,HLT_0244,HLGT_0716,GASTROINTESTINAL DISORDERS
705-1199,AELOG,29 SEP 2013,E06,DYSPEPSIA,17 SEP 2013,29 SEP 2013,2,N,,3,PYROSIS,DYSPEPSIA,HLT_0244,HLGT_0716,GASTROINTESTINAL DISORDERS
705-1280,AELOG,16 MAY 2014,E01,PRURITUS,20 APR 2014,,1,N,,3,PRURITUS,PRURITUS,HLT_0778,HLGT_0695,SKIN AND SUBCUTANEOUS TISSUE DISORDERS
705-1281,AELOG,26 NOV 2013,E01,ARTHRITIS,,,1,N,,,ARTHRITIS,ARTHRITIS,HLT_0019,HLGT_0587,MUSCULOSKELETAL AND CONNECTIVE TISSUE DISORDERS
705-1281,AELOG,26 NOV 2013,E02,DIABETES,,,1,N,,,DIABETES,DIABETES MELLITUS,HLT_0447,HLGT_0572,METABOLISM AND NUTRITION DISORDERS
705-1281,AELOG,26 NOV 2013,E03,GLAUCOMA,,,1,N,,,GLAUCOMA,GLAUCOMA,HLT_0556,HLGT_0734,EYE DISORDERS
705-1281,AELOG,18 FEB 2014,E04,PRURITUS,30 JAN 2014,,1,N,,3,PRURITUS,PRURITUS,HLT_0778,HLGT_0695,SKIN AND SUBCUTANEOUS TISSUE DISORDERS
705-1281,AELOG,17 MAR 2014,E04,PRURITUS,30 JAN 2014,,2,N,,3,PRURITUS,PRURITUS,HLT_0778,HLGT_0695,SKIN AND SUBCUTANEOUS TISSUE DISORDERS
705-1281,AELOG,18 FEB 2014,E05,EXCORIATION,30 JAN 2014,,2,N,,4,ABRASIONS,EXCORIATION,HLT_0738,HLGT_0511,"INJURY, POISONING AND PROCEDURAL COMPLICATIONS"
705-1292,AELOG,29 OCT 2013,E01,PRURITUS,28 OCT 2013,,1,N,,4,ITCHY,PRURITUS,HLT_0778,HLGT_0695,SKIN AND SUBCUTANEOUS TISSUE DISORDERS
705-1292,AELOG,03 MAR 2014,E02,ERYTHEMA,13 FEB 2014,,2,N,,4,ERYTHEMA,ERYTHEMA,HLT_0284,HLGT_0192,SKIN AND SUBCUTANEOUS TISSUE DISORDERS
705-1303,AELOG,10 DEC 2013,E01,DIABETES,,,1,N,,,DIABETES,DIABETES MELLITUS,HLT_0447,HLGT_0572,METABOLISM AND NUTRITION DISORDERS
705-1303,AELOG,10 FEB 2014,E02,PRURITUS,05 FEB 2014,03 MAR 2014,1,N,,3,PRURITUS,PRURITUS,HLT_0778,HLGT_0695,SKIN AND SUBCUTANEOUS TISSUE DISORDERS
705-1303,AELOG,07 APR 2014,E02,PRURITUS,05 FEB 2014,03 MAR 2014,1,N,,3,PRURITUS,PRURITUS,HLT_0778,HLGT_0695,SKIN AND SUBCUTANEOUS TISSUE DISORDERS
705-1303,AELOG,10 FEB 2014,E03,RASH,05 FEB 2014,03 MAR 2014,1,N,,3,RASH,RASH,HLT_0762,HLGT_0198,SKIN AND SUBCUTANEOUS TISSUE DISORDERS
705-1303,AELOG,07 APR 2014,E03,RASH,05 FEB 2014,03 MAR 2014,2,N,,3,RASH,RASH,HLT_0762,HLGT_0198,SKIN AND SUBCUTANEOUS TISSUE DISORDERS
705-1310,AELOG,26 OCT 2013,E01,GLAUCOMA,,,1,N,,,GLAUCOMA,GLAUCOMA,HLT_0556,HLGT_0734,EYE DISORDERS
705-1310,AELOG,22 NOV 2013,E02,RASH PRURITIC,14 NOV 2013,,2,N,,3,PRURITIC RASH,RASH PRURITIC,HLT_0127,HLGT_0753,SKIN AND SUBCUTANEOUS TISSUE DISORDERS
705-1310,AELOG,23 JAN 2014,E03,WOUND HAEMORRHAGE,09 JAN 2014,,2,N,,3,WOUND BLEEDING,WOUND HAEMORRHAGE,HLT_0154,HLGT_0162,VASCULAR DISORDERS
705-1349,AELOG,24 FEB 2013,E01,ARTHRITIS,,,3,N,,,ARTHRITIS,ARTHRITIS,HLT_0019,HLGT_0587,MUSCULOSKELETAL AND CONNECTIVE TISSUE DISORDERS
705-1349,AELOG,24 FEB 2013,E02,HYPERTENSION,,,1,N,,,HYPERTENSION,HYPERTENSION,HLT_0228,HLGT_0476,VASCULAR DISORDERS
705-1349,AELOG,17 APR 2013,E03,NAUSEA,08 APR 2013,08 APR 2013,1,N,,2,NAUSEA,NAUSEA,HLT_0742,HLGT_0326,GASTROINTESTINAL DISORDERS
705-1349,AELOG,17 APR 2013,E04,VOMITING,11 APR 2013,11 APR 2013,1,N,,2,VOMITING,VOMITING,HLT_0016,HLGT_0350,GASTROINTESTINAL DISORDERS
705-1349,AELOG,25 AUG 2013,E05,VENTRICULAR HYPERTROPHY,25 AUG 2013,,1,N,,2,LEFT VENTRICULAR HYPERTROPHY,VENTRICULAR HYPERTROPHY,HLT_0104,HLGT_0259,CARDIAC DISORDERS
705-1349,AELOG,25 AUG 2013,E06,ELECTROCARDIOGRAM ST SEGMENT DEPRESSION,25 AUG 2013,,1,N,,2,ST SEGMENT DEPRESSED,ELECTROCARDIOGRAM ST SEGMENT DEPRESSION,HLT_0610,HLGT_0220,INVESTIGATIONS
705-1382,AELOG,09 MAY 2013,E01,HYPERTENSION,,,1,N,,,HYPERTENSION,HYPERTENSION,HLT_0228,HLGT_0476,VASCULAR DISORDERS
705-1382,AELOG,09 MAY 2013,E02,PROSTATE CANCER,,,1,N,,,PROSTATE CANCER,PROSTATE CANCER,HLT_0412,HLGT_0190,"NEOPLASMS BENIGN, MALIGNANT AND UNSPECIFIED (INCL CYSTS AND POLYPS)"
705-1393,AELOG,27 SEP 2012,E01,ABDOMINAL PAIN,19 SEP 2012,24 SEP 2012,1,N,,2,ABDOMINAL CRAMPS,ABDOMINAL PAIN,HLT_0217,HLGT_0419,GASTROINTESTINAL DISORDERS
705-1393,AELOG,02 SEP 2012,E02,RIGHT BUNDLE BRANCH BLOCK,,,1,N,,,RIGHT BUNDLE BRANCH BLOCK,BUNDLE BRANCH BLOCK RIGHT,HLT_0751,HLGT_0597,CARDIAC DISORDERS
705-1393,AELOG,02 SEP 2012,E03,LEFT ATRIAL HYPERTROPHY,,,1,N,,,LEFT ATRIAL HYPERTROPHY,ATRIAL HYPERTROPHY,HLT_0271,HLGT_0067,CARDIAC DISORDERS
705-1393,AELOG,05 DEC 2012,E04,PRURITUS,05 DEC 2011,20 FEB 2013,1,N,,4,PRURITUS,PRURITUS,HLT_0778,HLGT_0695,SKIN AND SUBCUTANEOUS TISSUE DISORDERS
705-1393,AELOG,25 APR 2013,E04,PRURITUS,05 DEC 2011,20 FEB 2013,1,N,,4,PRURITUS,PRURITUS,HLT_0778,HLGT_0695,SKIN AND SUBCUTANEOUS TISSUE DISORDERS
705-1393,AELOG,20 FEB 2013,E05,COLON CANCER,21 JAN 2013,24 JAN 2013,3,N,"4,6",1,COLON CANCER,COLON CANCER,HLT_0597,HLGT_0339,"NEOPLASMS BENIGN, MALIGNANT AND UNSPECIFIED (INCL CYSTS AND POLYPS)"
705-1431,AELOG,16 JUN 2013,E01,CYST OF THYROID,,,1,N,,,CYST OF THYROID,THYROID CYST,HLT_0257,HLGT_0308,ENDOCRINE DISORDERS
705-1431,AELOG,16 JUN 2013,E02,INSOMNIA,,,1,N,,,INSOMNIA,INSOMNIA,HLT_0297,HLGT_0469,PSYCHIATRIC DISORDERS
705-1431,AELOG,16 JUN 2013,E03,CONSTIPATION,,,1,N,,,CONSTIPATION,CONSTIPATION,HLT_0402,HLGT_0635,GASTROINTESTINAL DISORDERS
705-1431,AELOG,07 JUL 2013,E04,ANXIETY,04 JUL 2013,06 JUL 2013,1,N,,3,FEELING ANXIOUS,ANXIETY,HLT_0559,HLGT_0570,PSYCHIATRIC DISORDERS
705-1431,AELOG,23 JUN 2013,E05,RASH ERYTHEMATOUS,22 JUN 2013,,1,N,,4,ERYTHEMATOUS RASH,RASH ERYTHEMATOUS,HLT_0336,HLGT_0701,SKIN AND SUBCUTANEOUS TISSUE DISORDERS
706-1041,AELOG,14 JAN 2014,E01,DIARRHOEA,07 JAN 2014,08 JAN 2014,1,N,,2,DIARRHEA,DIARRHOEA,HLT_0148,HLGT_0588,GASTROINTESTINAL DISORDERS
706-1041,AELOG,21 DEC 2013,E02,ANXIETY ATTACK,,,1,N,,,ANXIETY ATTACK,ANXIETY,HLT_0559,HLGT_0570,PSYCHIATRIC DISORDERS
706-1041,AELOG,14 JAN 2014,E02,ANXIETY,UN MAY 2012,,2,N,,2,ANXIETY ATTACK,ANXIETY,HLT_0559,HLGT_0570,PSYCHIATRIC DISORDERS
706-1041,AELOG,06 MAY 2014,E02,ANXIETY,UN MAY 2012,,1,N,,2,ANXIETY ATTACK,ANXIETY,HLT_0559,HLGT_0570,PSYCHIATRIC DISORDERS
706-1041,AELOG,28 JAN 2014,E03,IRRITABILITY,15 JAN 2014,29 JUL 2014,2,N,,3,IRRITABILITY,IRRITABILITY,HLT_0627,HLGT_0461,PSYCHIATRIC DISORDERS
706-1041,AELOG,29 JUL 2014,E03,IRRITABILITY,15 JAN 2014,29 JUL 2014,2,N,,3,IRRITABILITY,IRRITABILITY,HLT_0627,HLGT_0461,PSYCHIATRIC DISORDERS
706-1041,AELOG,21 DEC 2013,E04,MENOPAUSE,,,1,N,,,MENOPAUSE,MENOPAUSE,HLT_0723,HLGT_0632,SOCIAL CIRCUMSTANCES
706-1041,AELOG,21 DEC 2013,E05,HYPOTHYROIDISM,,,1,N,,,HYPOTHYROIDISM,HYPOTHYROIDISM,HLT_0454,HLGT_0558,ENDOCRINE DISORDERS
706-1041,AELOG,21 DEC 2013,E06,HYPERTENSION,,,1,N,,,HYPERTENSION,HYPERTENSION,HLT_0228,HLGT_0476,VASCULAR DISORDERS
706-1041,AELOG,14 JAN 2014,E07,EXCORIATION,14 JAN 2014,28 JAN 2014,1,N,,1,ABRASIONS,EXCORIATION,HLT_0738,HLGT_0511,"INJURY, POISONING AND PROCEDURAL COMPLICATIONS"
706-1041,AELOG,30 JAN 2014,E07,EXCORIATION,14 JAN 2014,28 JAN 2014,1,N,,1,ABRASIONS,EXCORIATION,HLT_0738,HLGT_0511,"INJURY, POISONING AND PROCEDURAL COMPLICATIONS"
706-1041,AELOG,04 MAR 2014,E08,PRURITUS,04 MAR 2014,29 JUL 2014,1,N,,3,ITCHING,PRURITUS,HLT_0778,HLGT_0695,SKIN AND SUBCUTANEOUS TISSUE DISORDERS
706-1041,AELOG,29 JUL 2014,E08,PRURITUS,04 MAR 2014,29 JUL 2014,1,N,,3,ITCHING,PRURITUS,HLT_0778,HLGT_0695,SKIN AND SUBCUTANEOUS TISSUE DISORDERS
706-1049,AELOG,11 JUN 2013,E01,SYNCOPE,03 JUN 2013,03 JUN 2013,2,N,,3,FAINTING,SYNCOPE,HLT_0440,HLGT_0310,NERVOUS SYSTEM DISORDERS
706-1049,AELOG,25 JUN 2013,E02,SYNCOPE,18 JUN 2013,18 JUN 2013,3,N,4,4,SYNCOPAL ATTACK,SYNCOPE,HLT_0440,HLGT_0310,NERVOUS SYSTEM DISORDERS
706-1384,AELOG,29 SEP 2012,E01,ERYTHEMA,23 SEP 2012,29 SEP 2012,2,N,,4,ERYTHEMA,ERYTHEMA,HLT_0284,HLGT_0192,SKIN AND SUBCUTANEOUS TISSUE DISORDERS
706-1384,AELOG,22 JUN 2013,E01,ERYTHEMA,23 SEP 2012,29 SEP 2012,2,N,,4,ERYTHEMA,ERYTHEMA,HLT_0284,HLGT_0192,SKIN AND SUBCUTANEOUS TISSUE DISORDERS
706-1384,AELOG,25 AUG 2012,E02,LIPOMA,,,1,N,,,LIPOMA,LIPOMA,HLT_0487,HLGT_0591,"NEOPLASMS BENIGN, MALIGNANT AND UNSPECIFIED (INCL CYSTS AND POLYPS)"
706-1384,AELOG,15 SEP 2012,E03,ERYTHEMA,15 SEP 2012,29 SEP 2012,2,N,,1,ERYTHEMA,ERYTHEMA,HLT_0284,HLGT_0192,SKIN AND SUBCUTANEOUS TISSUE DISORDERS
706-1384,AELOG,22 JUN 2013,E03,ERYTHEMA,15 SEP 2012,29 SEP 2012,2,N,,1,ERYTHEMA,ERYTHEMA,HLT_0284,HLGT_0192,SKIN AND SUBCUTANEOUS TISSUE DISORDERS
706-1384,AELOG,15 SEP 2012,E04,PRURITUS,15 SEP 2012,29 SEP 2012,2,N,,1,PRURITIS,PRURITUS,HLT_0778,HLGT_0695,SKIN AND SUBCUTANEOUS TISSUE DISORDERS
706-1384,AELOG,22 JUN 2013,E04,PRURITUS,15 SEP 2012,29 SEP 2012,2,N,,1,PRURITIS,PRURITUS,HLT_0778,HLGT_0695,SKIN AND SUBCUTANEOUS TISSUE DISORDERS
706-1384,AELOG,15 SEP 2012,E05,EXCORIATION,15 SEP 2012,29 SEP 2012,2,N,,1,ABRASIONS,EXCORIATION,HLT_0738,HLGT_0511,"INJURY, POISONING AND PROCEDURAL COMPLICATIONS"
706-1384,AELOG,22 JUN 2013,E05,EXCORIATION,15 SEP 2012,29 SEP 2012,2,N,,1,ABRASIONS,EXCORIATION,HLT_0738,HLGT_0511,"INJURY, POISONING AND PROCEDURAL COMPLICATIONS"
706-1384,AELOG,29 SEP 2012,E06,PRURITUS,23 SEP 2012,29 SEP 2012,2,N,,4,PRURITIS,PRURITUS,HLT_0778,HLGT_0695,SKIN AND SUBCUTANEOUS TISSUE DISORDERS
706-1384,AELOG,22 JUN 2013,E06,PRURITUS,23 SEP 2012,29 SEP 2012,2,N,,4,PRURITIS,PRURITUS,HLT_0778,HLGT_0695,SKIN AND SUBCUTANEOUS TISSUE DISORDERS
706-1384,AELOG,25 AUG 2012,E07,HYPOTHYROIDISM,,,1,N,,,HYPOTHYROIDISM,HYPOTHYROIDISM,HLT_0454,HLGT_0558,ENDOCRINE DISORDERS
706-1384,AELOG,25 AUG 2012,E08,HYPERTENSION,,,1,N,,,HYPERTENSION,HYPERTENSION,HLT_0228,HLGT_0476,VASCULAR DISORDERS
706-1384,AELOG,25 AUG 2012,E09,HEARTBURN,,,1,N,,,HEARTBURN,DYSPEPSIA,HLT_0244,HLGT_0716,GASTROINTESTINAL DISORDERS
706-1384,AELOG,25 AUG 2012,E10,MENOPAUSE,,,1,N,,,MENOPAUSE,MENOPAUSE,HLT_0723,HLGT_0632,SOCIAL CIRCUMSTANCES
707-1037,AELOG,12 DEC 2013,E01,LABYRINTHITIS,,,1,N,,,LABYRINTHITIS,LABYRINTHITIS,HLT_0676,HLGT_0023,INFECTIONS AND INFESTATIONS
707-1037,AELOG,12 DEC 2013,E02,RHINITIS,,,1,N,,,RHINITIS,RHINITIS,HLT_0239,HLGT_0322,INFECTIONS AND INFESTATIONS
707-1037,AELOG,12 DEC 2013,E03,HEART VALVE DISORDERS,,,1,N,,,HEART VALVE DISORDERS,CARDIAC VALVE DISEASE,HLT_0744,HLGT_0596,CARDIAC DISORDERS
707-1037,AELOG,12 DEC 2013,E04,HYPERTENSION,,,1,N,,,HYPERTENSION,HYPERTENSION,HLT_0228,HLGT_0476,VASCULAR DISORDERS
707-1037,AELOG,12 DEC 2013,E05,OSTEOARTHRITIS,,,1,N,,,OSTEOARTHRITIS,OSTEOARTHRITIS,HLT_0247,HLGT_0462,MUSCULOSKELETAL AND CONNECTIVE TISSUE DISORDERS
707-1037,AELOG,12 DEC 2013,E06,DEPRESSION,,,1,N,,,DEPRESSION,DEPRESSION,HLT_0167,HLGT_0582,PSYCHIATRIC DISORDERS
707-1037,AELOG,12 DEC 2013,E07,HYPOTHYROIDISM,,,1,N,,,HYPOTHYROIDISM,HYPOTHYROIDISM,HLT_0454,HLGT_0558,ENDOCRINE DISORDERS
707-1206,AELOG,20 OCT 2013,E02,HYPERLIPIDEMIA,,,1,N,,,HYPERLIPIDEMIA,HYPERLIPIDAEMIA,HLT_0759,HLGT_0061,METABOLISM AND NUTRITION DISORDERS
707-1206,AELOG,27 NOV 2013,E03,BLOOD CREATINE PHOSPHOKINASE INCREASED,26 NOV 2013,09 DEC 2013,2,N,,3,CPK INCREASE,BLOOD CREATINE PHOSPHOKINASE INCREASED,HLT_0404,HLGT_0008,INVESTIGATIONS
707-1206,AELOG,23 DEC 2013,E03,BLOOD CREATINE PHOSPHOKINASE INCREASED,26 NOV 2013,09 DEC 2013,2,N,,3,CPK INCREASE,BLOOD CREATINE PHOSPHOKINASE INCREASED,HLT_0404,HLGT_0008,INVESTIGATIONS
707-1206,AELOG,25 NOV 2013,E04,SINUS ARRHYTHMIA,25 NOV 2013,23 DEC 2013,1,N,,3,SINUS ARRHYTHMIA,SINUS ARRHYTHMIA,HLT_0094,HLGT_0630,CARDIAC DISORDERS
707-1206,AELOG,19 JAN 2014,E04,SINUS ARRHYTHMIA,25 NOV 2013,23 DEC 2013,1,N,,3,SINUS ARRHYTHMIA,SINUS ARRHYTHMIA,HLT_0094,HLGT_0630,CARDIAC DISORDERS
707-1206,AELOG,09 DEC 2013,E05,POSTNASAL DRIP,03 DEC 2013,10 DEC 2013,1,N,,1,POSTNASAL DRIP,POSTNASAL DRIP,HLT_0172,HLGT_0032,"RESPIRATORY, THORACIC AND MEDIASTINAL DISORDERS"
707-1206,AELOG,23 DEC 2013,E05,POSTNASAL DRIP,03 DEC 2013,10 DEC 2013,1,N,,1,POSTNASAL DRIP,POSTNASAL DRIP,HLT_0172,HLGT_0032,"RESPIRATORY, THORACIC AND MEDIASTINAL DISORDERS"
707-1206,AELOG,16 FEB 2014,E06,CONJUNCTIVITIS,08 FEB 2014,22 FEB 2014,2,N,,2,CONJUNCTIVITIS,CONJUNCTIVITIS,HLT_0584,HLGT_0335,EYE DISORDERS
707-1206,AELOG,16 MAR 2014,E06,CONJUNCTIVITIS,08 FEB 2014,22 FEB 2014,2,N,,2,CONJUNCTIVITIS,CONJUNCTIVITIS,HLT_0584,HLGT_0335,EYE DISORDERS
708-1019,AELOG,23 JAN 2014,E02,HEADACHE,31 DEC 2013,31 DEC 2013,3,N,,3,FRONTAL HEADACHE,HEADACHE,HLT_0064,HLGT_0344,NERVOUS SYSTEM DISORDERS
708-1019,AELOG,23 JAN 2014,E03,STUPOR,01 JAN 2014,01 JAN 2014,3,N,,3,STUPOR,STUPOR,HLT_0595,HLGT_0513,NERVOUS SYSTEM DISORDERS
708-1019,AELOG,23 JAN 2014,E04,TRANSIENT ISCHAEMIC ATTACK,01 JAN 2014,01 JAN 2014,3,N,,3,TRANSIENT ISCHEMIC ATTACKS,TRANSIENT ISCHAEMIC ATTACK,HLT_0041,HLGT_0433,NERVOUS SYSTEM DISORDERS
708-1019,AELOG,23 JAN 2014,E05,VISION BLURRED,01 JAN 2014,01 JAN 2014,1,N,,3,BLURRED VISION,VISION BLURRED,HLT_0120,HLGT_0598,EYE DISORDERS
708-1019,AELOG,23 JAN 2014,E06,DIZZINESS,01 JAN 2014,01 JAN 2014,1,N,,3,DIZZINESS,DIZZINESS,HLT_0619,HLGT_0751,NERVOUS SYSTEM DISORDERS
708-1032,AELOG,02 FEB 2013,E01,SINUSITIS,,,1,N,,,SINUSITIS,SINUSITIS,HLT_0262,HLGT_0249,INFECTIONS AND INFESTATIONS
708-1032,AELOG,02 FEB 2013,E02,CYST,,,1,N,,,CYST,CYST,HLT_0763,HLGT_0341,GENERAL DISORDERS AND ADMINISTRATION SITE CONDITIONS
708-1032,AELOG,02 FEB 2013,E03,ARTHRITIS,,,1,N,,,ARTHRITIS,ARTHRITIS,HLT_0019,HLGT_0587,MUSCULOSKELETAL AND CONNECTIVE TISSUE DISORDERS
708-1032,AELOG,02 FEB 2013,E04,INSOMNIA,,,1,N,,,INSOMNIA,INSOMNIA,HLT_0297,HLGT_0469,PSYCHIATRIC DISORDERS
708-1032,AELOG,09 MAR 2013,E05,APPLICATION SITE VESICLES,26 FEB 2013,09 MAR 2013,2,N,,4,APPLICATION SITE BLISTER,APPLICATION SITE VESICLES,HLT_0180,HLGT_0576,GENERAL DISORDERS AND ADMINISTRATION SITE CONDITIONS
708-1084,AELOG,01 MAY 2013,E01,SEPTAL MYOCARDIAL INFARCTION,,,1,N,,,SEPTAL MYOCARDIAL INFARCTION,MYOCARDIAL INFARCTION,HLT_0649,HLGT_0688,CARDIAC DISORDERS
708-1084,AELOG,23 MAY 2013,E02,DIZZINESS,23 MAY 2013,23 MAY 2013,1,N,,3,DIZZINESS,DIZZINESS,HLT_0619,HLGT_0751,NERVOUS SYSTEM DISORDERS
708-1084,AELOG,09 JUN 2013,E02,DIZZINESS,23 MAY 2013,23 MAY 2013,1,N,,3,DIZZINESS,DIZZINESS,HLT_0619,HLGT_0751,NERVOUS SYSTEM DISORDERS
708-1084,AELOG,01 MAY 2013,E03,HYPOTHYROIDISM,,,1,N,,,HYPOTHYROIDISM,HYPOTHYROIDISM,HLT_0454,HLGT_0558,ENDOCRINE DISORDERS
708-1084,AELOG,01 MAY 2013,E04,GLAUCOMA,,,1,N,,,GLAUCOMA,GLAUCOMA,HLT_0556,HLGT_0734,EYE DISORDERS
708-1084,AELOG,01 MAY 2013,E05,LEFT ANTERIOR HEMIBLOCK,,,1,N,,,LEFT ANTERIOR HEMIBLOCK,BUNDLE BRANCH BLOCK LEFT,HLT_0281,HLGT_0721,CARDIAC DISORDERS
708-1084,AELOG,23 JUN 2013,E06,SINUS BRADYCARDIA,23 JUN 2013,23 JUN 2013,1,N,,2,SINUS BRADYCARDIA,SINUS BRADYCARDIA,HLT_0644,HLGT_0500,CARDIAC DISORDERS
708-1084,AELOG,07 JUL 2013,E06,SINUS BRADYCARDIA,23 JUN 2013,23 JUN 2013,1,N,,2,SINUS BRADYCARDIA,SINUS BRADYCARDIA,HLT_0644,HLGT_0500,CARDIAC DISORDERS
708-1084,AELOG,09 JUN 2013,E07,MYOCARDIAL INFARCTION,09 JUN 2013,09 JUN 2013,1,N,,2,MYOCARDIAL INFARCTION,MYOCARDIAL INFARCTION,HLT_0649,HLGT_0688,CARDIAC DISORDERS
708-1084,AELOG,11 JUN 2013,E07,MYOCARDIAL INFARCTION,09 JUN 2013,09 JUN 2013,1,N,,2,MYOCARDIAL INFARCTION,MYOCARDIAL INFARCTION,HLT_0649,HLGT_0688,CARDIAC DISORDERS
708-1087,AELOG,06 OCT 2012,E01,HYPERTENSION,,,1,N,,,HYPERTENSION,HYPERTENSION,HLT_0228,HLGT_0476,VASCULAR DISORDERS
708-1087,AELOG,16 FEB 2013,E02,HEADACHE,16 FEB 2013,,1,N,,1,HEADACHE,HEADACHE,HLT_0064,HLGT_0344,NERVOUS SYSTEM DISORDERS
708-1087,AELOG,16 FEB 2013,E03,DIZZINESS,04 FEB 2013,08 FEB 2013,1,N,,3,DIZZINESS,DIZZINESS,HLT_0619,HLGT_0751,NERVOUS SYSTEM DISORDERS
708-1087,AELOG,19 JAN 2013,E05,HEART RATE IRREGULAR,19 JAN 2013,19 JAN 2013,1,N,,3,HEARTBEATS IRREGULAR,HEART RATE IRREGULAR,HLT_0765,HLGT_0140,INVESTIGATIONS
708-1087,AELOG,16 FEB 2013,E05,HEART RATE IRREGULAR,19 JAN 2013,19 JAN 2013,1,N,,3,HEARTBEATS IRREGULAR,HEART RATE IRREGULAR,HLT_0765,HLGT_0140,INVESTIGATIONS
708-1087,AELOG,16 MAR 2013,E06,HEART RATE IRREGULAR,16 MAR 2013,16 MAR 2013,1,N,,3,HEARTBEATS IRREGULAR,HEART RATE IRREGULAR,HLT_0765,HLGT_0140,INVESTIGATIONS
708-1087,AELOG,10 APR 2013,E06,HEART RATE IRREGULAR,16 MAR 2013,16 MAR 2013,1,N,,3,HEARTBEATS IRREGULAR,HEART RATE IRREGULAR,HLT_0765,HLGT_0140,INVESTIGATIONS
708-1158,AELOG,01 FEB 2014,E01,HYPERTENSION,,,1,N,,,HYPERTENSION,HYPERTENSION,HLT_0228,HLGT_0476,VASCULAR DISORDERS
708-1158,AELOG,01 FEB 2014,E02,RHEUMATOID ARTHRITIS,,,1,N,,,RHEUMATOID ARTHRITIS,RHEUMATOID ARTHRITIS,HLT_0390,HLGT_0743,MUSCULOSKELETAL AND CONNECTIVE TISSUE DISORDERS
708-1158,AELOG,01 FEB 2014,E03,DRY SKIN,,,1,N,,,DRY SKIN,DRY SKIN,HLT_0028,HLGT_0096,SKIN AND SUBCUTANEOUS TISSUE DISORDERS
708-1158,AELOG,01 FEB 2014,E04,KYPHOSIS,,,1,N,,,KYPHOSIS,KYPHOSIS,HLT_0690,HLGT_0505,MUSCULOSKELETAL AND CONNECTIVE TISSUE DISORDERS
708-1158,AELOG,26 FEB 2014,E05,AGITATION,25 FEB 2014,,1,N,,2,AGITATION,AGITATION,HLT_0140,HLGT_0170,PSYCHIATRIC DISORDERS
708-1158,AELOG,22 MAR 2014,E07,ERYTHEMA,22 MAR 2014,22 MAR 2014,1,N,,4,ERYTHEMA,ERYTHEMA,HLT_0284,HLGT_0192,SKIN AND SUBCUTANEOUS TISSUE DISORDERS
708-1171,AELOG,25 NOV 2012,E01,MACULAR DEGENERATION,,,1,N,,,MACULAR DEGENERATION,MACULAR DEGENERATION,HLT_0401,HLGT_0370,EYE DISORDERS
708-1171,AELOG,25 NOV 2012,E02,HYPERCHOLESTEREMIA,,,1,N,,,HYPERCHOLESTEREMIA,HYPERCHOLESTEROLAEMIA,HLT_0025,HLGT_0703,METABOLISM AND NUTRITION DISORDERS
708-1171,AELOG,25 NOV 2012,E03,OSTEOARTHRITIS,,,1,N,,,OSTEOARTHRITIS,OSTEOARTHRITIS,HLT_0247,HLGT_0462,MUSCULOSKELETAL AND CONNECTIVE TISSUE DISORDERS
708-1171,AELOG,25 NOV 2012,E04,CONSTIPATION,,,1,N,,,CONSTIPATION,CONSTIPATION,HLT_0402,HLGT_0635,GASTROINTESTINAL DISORDERS
708-1178,AELOG,13 DEC 2013,E02,HYPERTENSION,,,1,N,,,HYPERTENSION,HYPERTENSION,HLT_0228,HLGT_0476,VASCULAR DISORDERS
708-1178,AELOG,19 DEC 2013,E03,FLANK PAIN,19 DEC 2013,,1,N,,1,FLANK PAIN,FLANK PAIN,HLT_0484,HLGT_0543,MUSCULOSKELETAL AND CONNECTIVE TISSUE DISORDERS
708-1178,AELOG,09 MAR 2014,E05,NASOPHARYNGITIS,01 MAR 2014,08 MAR 2014,1,N,,1,COLD,NASOPHARYNGITIS,HLT_0036,HLGT_0709,INFECTIONS AND INFESTATIONS
708-1178,AELOG,09 MAR 2014,E06,APPLICATION SITE PRURITUS,09 MAR 2014,06 APR 2014,1,N,,4,APPLICATION SITE ITCHING,APPLICATION SITE PRURITUS,HLT_0317,HLGT_0338,GENERAL DISORDERS AND ADMINISTRATION SITE CONDITIONS
708-1178,AELOG,06 APR 2014,E06,APPLICATION SITE PRURITUS,09 MAR 2014,06 APR 2014,1,N,,4,APPLICATION SITE ITCHING,APPLICATION SITE PRURITUS,HLT_0317,HLGT_0338,GENERAL DISORDERS AND ADMINISTRATION SITE CONDITIONS
708-1178,AELOG,13 DEC 2013,E07,VENTRICULAR SEPTAL DEFECT,,,1,N,,,VENTRICULAR SEPTAL DEFECT,VENTRICULAR SEPTAL DEFECT,HLT_0589,HLGT_0747,"CONGENITAL, FAMILIAL AND GENETIC DISORDERS"
708-1178,AELOG,09 MAR 2014,E08,VENTRICULAR SEPTAL DEFECT,09 MAR 2014,,1,N,,1,VENTRICULAR SEPTAL DEFECT,VENTRICULAR SEPTAL DEFECT,HLT_0589,HLGT_0747,"CONGENITAL, FAMILIAL AND GENETIC DISORDERS"
708-1178,AELOG,06 APR 2014,E09,DIZZINESS,24 MAR 2014,26 MAR 2014,3,N,4,3,LIGHT-HEADED,DIZZINESS,HLT_0619,HLGT_0751,NERVOUS SYSTEM DISORDERS
708-1178,AELOG,06 APR 2014,E10,ATRIAL FIBRILLATION,24 MAR 2014,26 MAR 2014,3,N,4,3,ATRIAL FIBRILLATION,ATRIAL FIBRILLATION,HLT_0365,HLGT_0012,CARDIAC DISORDERS
708-1178,AELOG,06 APR 2014,E11,CYSTITIS,24 MAR 2014,28 MAR 2014,1,N,,2,BLADDER INFECTION,CYSTITIS,HLT_0739,HLGT_0129,INFECTIONS AND INFESTATIONS
708-1178,AELOG,06 APR 2014,E13,ALCOHOL USE,24 MAR 2014,24 MAR 2014,1,N,,1,ALCOHOL USE,ALCOHOL USE,HLT_0138,HLGT_0182,SOCIAL CIRCUMSTANCES
708-1213,AELOG,01 FEB 2013,E01,ANEMIA,,,1,N,,,ANEMIA,ANAEMIA,HLT_0378,HLGT_0230,BLOOD AND LYMPHATIC SYSTEM DISORDERS
708-1213,AELOG,01 FEB 2013,E02,VITAMIN B12 DEFICIENCY,,,1,N,,,VITAMIN B12 DEFICIENCY,VITAMIN B12 DEFICIENCY,HLT_0173,HLGT_0563,METABOLISM AND NUTRITION DISORDERS
708-1213,AELOG,22 FEB 2013,E03,ATRIAL FIBRILLATION,22 FEB 2013,22 FEB 2013,1,N,,3,ATRIAL FIBRILLATION,ATRIAL FIBRILLATION,HLT_0365,HLGT_0012,CARDIAC DISORDERS
708-1213,AELOG,26 FEB 2013,E03,ATRIAL FIBRILLATION,22 FEB 2013,22 FEB 2013,1,N,,3,ATRIAL FIBRILLATION,ATRIAL FIBRILLATION,HLT_0365,HLGT_0012,CARDIAC DISORDERS
708-1216,AELOG,08 NOV 2012,E01,APPLICATION SITE PRURITUS,06 NOV 2012,,1,N,,4,APPLICATION SITE ITCHING,APPLICATION SITE PRURITUS,HLT_0317,HLGT_0338,GENERAL DISORDERS AND ADMINISTRATION SITE CONDITIONS
708-1216,AELOG,22 NOV 2012,E02,APPLICATION SITE SWELLING,22 NOV 2012,,1,N,,4,APPLICATION SITE SWELLING,APPLICATION SITE SWELLING,HLT_0105,HLGT_0236,GENERAL DISORDERS AND ADMINISTRATION SITE CONDITIONS
708-1216,AELOG,14 OCT 2012,E03,HYPERTENSION,,,1,N,,,HYPERTENSION,HYPERTENSION,HLT_0228,HLGT_0476,VASCULAR DISORDERS
708-1216,AELOG,14 OCT 2012,E04,CORONARY ARTERY DISEASE,,,1,N,,,CORONARY ARTERY DISEASE,CORONARY ARTERY DISEASE,HLT_0261,HLGT_0248,CARDIAC DISORDERS
708-1216,AELOG,08 NOV 2012,E05,APPLICATION SITE ERYTHEMA,06 NOV 2012,13 DEC 2012,1,N,,4,APPLICATION SITE REDNESS,APPLICATION SITE ERYTHEMA,HLT_0617,HLGT_0152,GENERAL DISORDERS AND ADMINISTRATION SITE CONDITIONS
708-1216,AELOG,09 JAN 2013,E05,APPLICATION SITE ERYTHEMA,06 NOV 2012,13 DEC 2012,1,N,,4,APPLICATION SITE REDNESS,APPLICATION SITE ERYTHEMA,HLT_0617,HLGT_0152,GENERAL DISORDERS AND ADMINISTRATION SITE CONDITIONS
708-1236,AELOG,08 SEP 2013,E01,ESOPHAGEAL REFLUX,,,1,N,,,ESOPHAGEAL REFLUX,GASTROOESOPHAGEAL REFLUX DISEASE,HLT_0407,HLGT_0304,GASTROINTESTINAL DISORDERS
708-1236,AELOG,08 SEP 2013,E02,HYPERTENSION,,,1,N,,,HYPERTENSION,HYPERTENSION,HLT_0228,HLGT_0476,VASCULAR DISORDERS
708-1236,AELOG,08 SEP 2013,E03,MENIERE'S DISEASE,,,1,N,,,MENIERE'S DISEASE,MENIERE'S DISEASE,HLT_0571,HLGT_0355,EAR AND LABYRINTH DISORDERS
708-1253,AELOG,26 APR 2013,E01,HYPERTENSION,,,1,N,,,HYPERTENSION,HYPERTENSION,HLT_0228,HLGT_0476,VASCULAR DISORDERS
708-1253,AELOG,07 MAY 2013,E02,HEART RATE INCREASED,07 MAY 2013,10 MAY 2013,1,N,,3,HEART RATE INCREASED,HEART RATE INCREASED,HLT_0646,HLGT_0673,INVESTIGATIONS
708-1253,AELOG,21 MAY 2013,E02,HEART RATE INCREASED,07 MAY 2013,10 MAY 2013,1,N,,3,HEART RATE INCREASED,HEART RATE INCREASED,HLT_0646,HLGT_0673,INVESTIGATIONS
708-1253,AELOG,07 MAY 2013,E03,COUGH,06 MAY 2013,16 MAY 2013,1,N,,1,COUGH,COUGH,HLT_0701,HLGT_0280,"RESPIRATORY, THORACIC AND MEDIASTINAL DISORDERS"
708-1253,AELOG,21 MAY 2013,E03,COUGH,06 MAY 2013,16 MAY 2013,1,N,,1,COUGH,COUGH,HLT_0701,HLGT_0280,"RESPIRATORY, THORACIC AND MEDIASTINAL DISORDERS"
708-1253,AELOG,07 MAY 2013,E04,CONJUNCTIVITIS,06 MAY 2013,16 MAY 2013,1,N,,1,CONJUNCTIVITIS,CONJUNCTIVITIS,HLT_0584,HLGT_0335,EYE DISORDERS
708-1253,AELOG,21 MAY 2013,E04,CONJUNCTIVITIS,06 MAY 2013,16 MAY 2013,1,N,,1,CONJUNCTIVITIS,CONJUNCTIVITIS,HLT_0584,HLGT_0335,EYE DISORDERS
708-1253,AELOG,07 JUN 2013,E05,DIZZINESS,07 JUN 2013,07 JUN 2013,1,N,,3,DIZZINESS,DIZZINESS,HLT_0619,HLGT_0751,NERVOUS SYSTEM DISORDERS
708-1253,AELOG,09 JUN 2013,E05,DIZZINESS,07 JUN 2013,07 JUN 2013,1,N,,3,DIZZINESS,DIZZINESS,HLT_0619,HLGT_0751,NERVOUS SYSTEM DISORDERS
708-1272,AELOG,22 JAN 2013,E01,IMPOTENCE,,,1,N,,,IMPOTENCE,ERECTILE DYSFUNCTION,HLT_0039,HLGT_0775,REPRODUCTIVE SYSTEM AND BREAST DISORDERS
708-1272,AELOG,22 JAN 2013,E02,RESPIRATION ABNORMAL,,,1,N,,,RESPIRATION ABNORMAL,RESPIRATION ABNORMAL,HLT_0517,HLGT_0043,"RESPIRATORY, THORACIC AND MEDIASTINAL DISORDERS"
708-1272,AELOG,22 JAN 2013,E04,HEARTBEATS IRREGULAR,,,1,N,,,HEARTBEATS IRREGULAR,HEART RATE IRREGULAR,HLT_0765,HLGT_0140,INVESTIGATIONS
708-1272,AELOG,21 FEB 2013,E05,VENTRICULAR EXTRASYSTOLES,21 FEB 2013,20 MAR 2013,1,N,,2,VENTRICULAR BIGEMINY,VENTRICULAR EXTRASYSTOLES,HLT_0050,HLGT_0594,CARDIAC DISORDERS
708-1272,AELOG,04 APR 2013,E05,VENTRICULAR EXTRASYSTOLES,21 FEB 2013,20 MAR 2013,1,N,,2,VENTRICULAR BIGEMINY,VENTRICULAR EXTRASYSTOLES,HLT_0050,HLGT_0594,CARDIAC DISORDERS
708-1272,AELOG,07 MAR 2013,E08,COUGH,01 MAR 2013,07 MAR 2013,1,N,,1,COUGH,COUGH,HLT_0701,HLGT_0280,"RESPIRATORY, THORACIC AND MEDIASTINAL DISORDERS"
708-1272,AELOG,09 MAR 2013,E08,COUGH,01 MAR 2013,07 MAR 2013,1,N,,1,COUGH,COUGH,HLT_0701,HLGT_0280,"RESPIRATORY, THORACIC AND MEDIASTINAL DISORDERS"
708-1272,AELOG,07 MAR 2013,E09,NASOPHARYNGITIS,01 MAR 2013,07 MAR 2013,1,N,,1,COLD,NASOPHARYNGITIS,HLT_0036,HLGT_0709,INFECTIONS AND INFESTATIONS
708-1272,AELOG,09 MAR 2013,E09,NASOPHARYNGITIS,01 MAR 2013,07 MAR 2013,1,N,,1,COLD,NASOPHARYNGITIS,HLT_0036,HLGT_0709,INFECTIONS AND INFESTATIONS
708-1272,AELOG,07 MAR 2013,E10,HEADACHE,07 MAR 2013,07 MAR 2013,1,N,,1,HEADACHE,HEADACHE,HLT_0064,HLGT_0344,NERVOUS SYSTEM DISORDERS
708-1272,AELOG,09 MAR 2013,E10,HEADACHE,07 MAR 2013,07 MAR 2013,1,N,,1,HEADACHE,HEADACHE,HLT_0064,HLGT_0344,NERVOUS SYSTEM DISORDERS
708-1272,AELOG,07 MAR 2013,E11,APPLICATION SITE DERMATITIS,27 FEB 2013,27 FEB 2013,1,N,,4,APPLICATION SITE RASH,APPLICATION SITE DERMATITIS,HLT_0343,HLGT_0241,GENERAL DISORDERS AND ADMINISTRATION SITE CONDITIONS
708-1272,AELOG,21 FEB 2013,E12,DIARRHOEA,11 FEB 2013,11 FEB 2013,1,N,,1,DIARRHEA,DIARRHOEA,HLT_0148,HLGT_0588,GASTROINTESTINAL DISORDERS
708-1272,AELOG,21 FEB 2013,E13,MUSCLE SPASMS,18 FEB 2013,18 FEB 2013,3,N,,1,LEG CRAMPS,MUSCLE SPASMS,HLT_0078,HLGT_0750,MUSCULOSKELETAL AND CONNECTIVE TISSUE DISORDERS
708-1272,AELOG,20 MAR 2013,E14,HOT FLUSH,19 MAR 2013,19 MAR 2013,1,N,,1,HOT FLASHES,HOT FLUSH,HLT_0737,HLGT_0773,VASCULAR DISORDERS
708-1286,AELOG,25 AUG 2013,E01,HYPERTENSION,,,1,N,,,HYPERTENSION,HYPERTENSION,HLT_0228,HLGT_0476,VASCULAR DISORDERS
708-1286,AELOG,25 AUG 2013,E02,INFERIOR MI,,,1,N,,,INFERIOR MI,MYOCARDIAL INFARCTION,HLT_0649,HLGT_0688,CARDIAC DISORDERS
708-1286,AELOG,25 AUG 2013,E03,SWELLING OF LEGS,,,1,N,,,SWELLING OF LEGS,OEDEMA PERIPHERAL,HLT_0661,HLGT_0137,GENERAL DISORDERS AND ADMINISTRATION SITE CONDITIONS
708-1286,AELOG,23 SEP 2013,E04,MYOCARDIAL INFARCTION,23 SEP 2013,,1,N,,2,INFERIOR MYOCARDIAL INFARCTION,MYOCARDIAL INFARCTION,HLT_0649,HLGT_0688,CARDIAC DISORDERS
708-1286,AELOG,25 AUG 2013,E05,SWELLING OF LEGS,,,1,N,,,SWELLING OF LEGS,OEDEMA PERIPHERAL,HLT_0661,HLGT_0137,GENERAL DISORDERS AND ADMINISTRATION SITE CONDITIONS
708-1286,AELOG,23 SEP 2013,E06,APPLICATION SITE PRURITUS,12 SEP 2013,,1,N,,4,APPLICATION SITE ITCHING,APPLICATION SITE PRURITUS,HLT_0317,HLGT_0338,GENERAL DISORDERS AND ADMINISTRATION SITE CONDITIONS
708-1286,AELOG,23 FEB 2014,E08,ABDOMINAL PAIN,18 FEB 2014,18 FEB 2014,1,N,,2,ABDOMINAL PAIN,ABDOMINAL PAIN,HLT_0217,HLGT_0419,GASTROINTESTINAL DISORDERS
708-1286,AELOG,23 FEB 2014,E09,CONSTIPATION,18 FEB 2014,18 FEB 2014,1,N,,2,CONSTIPATION,CONSTIPATION,HLT_0402,HLGT_0635,GASTROINTESTINAL DISORDERS
708-1296,AELOG,07 JUN 2013,E01,HYPERTENSION,,,1,N,,,HYPERTENSION,HYPERTENSION,HLT_0228,HLGT_0476,VASCULAR DISORDERS
708-1296,AELOG,07 JUN 2013,E02,GASTRITIS,,,1,N,,,GASTRITIS,GASTRITIS,HLT_0060,HLGT_0561,GASTROINTESTINAL DISORDERS
708-1296,AELOG,27 JUN 2013,E03,ATRIAL HYPERTROPHY,27 JUN 2013,27 JUN 2013,1,N,,2,LEFT ATRIAL HYPERTROPHY,ATRIAL HYPERTROPHY,HLT_0271,HLGT_0067,CARDIAC DISORDERS
708-1296,AELOG,10 JUL 2013,E03,ATRIAL HYPERTROPHY,27 JUN 2013,27 JUN 2013,1,N,,2,LEFT ATRIAL HYPERTROPHY,ATRIAL HYPERTROPHY,HLT_0271,HLGT_0067,CARDIAC DISORDERS
708-1296,AELOG,04 SEP 2013,E04,APPLICATION SITE PRURITUS,04 SEP 2013,18 SEP 2013,1,N,,4,APPLICATION SITE ITCHING,APPLICATION SITE PRURITUS,HLT_0317,HLGT_0338,GENERAL DISORDERS AND ADMINISTRATION SITE CONDITIONS
708-1296,AELOG,02 OCT 2013,E04,APPLICATION SITE PRURITUS,04 SEP 2013,18 SEP 2013,1,N,,4,APPLICATION SITE ITCHING,APPLICATION SITE PRURITUS,HLT_0317,HLGT_0338,GENERAL DISORDERS AND ADMINISTRATION SITE CONDITIONS
708-1296,AELOG,30 OCT 2013,E05,APPLICATION SITE VESICLES,04 OCT 2013,30 OCT 2013,1,N,,4,APPLICATION SITE BLISTER,APPLICATION SITE VESICLES,HLT_0180,HLGT_0576,GENERAL DISORDERS AND ADMINISTRATION SITE CONDITIONS
708-1296,AELOG,27 NOV 2013,E05,APPLICATION SITE VESICLES,04 OCT 2013,30 OCT 2013,1,N,,4,APPLICATION SITE BLISTER,APPLICATION SITE VESICLES,HLT_0180,HLGT_0576,GENERAL DISORDERS AND ADMINISTRATION SITE CONDITIONS
708-1296,AELOG,12 DEC 2013,E07,PAIN IN EXTREMITY,07 DEC 2013,07 DEC 2013,1,N,,2,PAIN IN THIGH,PAIN IN EXTREMITY,HLT_0213,HLGT_0764,MUSCULOSKELETAL AND CONNECTIVE TISSUE DISORDERS
708-1297,AELOG,15 JAN 2013,E01,LIPOMA,,,1,N,,,LIPOMA,LIPOMA,HLT_0487,HLGT_0591,"NEOPLASMS BENIGN, MALIGNANT AND UNSPECIFIED (INCL CYSTS AND POLYPS)"
708-1297,AELOG,16 APR 2013,E02,APPLICATION SITE PRURITUS,02 APR 2013,,1,N,,4,APPLICATION SITE ITCHING,APPLICATION SITE PRURITUS,HLT_0317,HLGT_0338,GENERAL DISORDERS AND ADMINISTRATION SITE CONDITIONS
708-1297,AELOG,16 APR 2013,E03,APPLICATION SITE SWELLING,02 APR 2013,,1,N,,4,APPLICATION SITE SWELLING,APPLICATION SITE SWELLING,HLT_0105,HLGT_0236,GENERAL DISORDERS AND ADMINISTRATION SITE CONDITIONS
708-1297,AELOG,08 MAY 2013,E04,SINUS BRADYCARDIA,08 MAY 2013,,1,N,,2,SINUS BRADYCARDIA,SINUS BRADYCARDIA,HLT_0644,HLGT_0500,CARDIAC DISORDERS
708-1316,AELOG,15 AUG 2013,E01,ARTHRITIS,,,1,N,,,ARTHRITIS,ARTHRITIS,HLT_0019,HLGT_0587,MUSCULOSKELETAL AND CONNECTIVE TISSUE DISORDERS
708-1316,AELOG,15 AUG 2013,E02,MACULAR DEGENERATION,,,1,N,,,MACULAR DEGENERATION,MACULAR DEGENERATION,HLT_0401,HLGT_0370,EYE DISORDERS
708-1316,AELOG,15 AUG 2013,E03,SWALLOWING DIFFICULT,,,1,N,,,SWALLOWING DIFFICULT,DYSPHAGIA,HLT_0563,HLGT_0405,GASTROINTESTINAL DISORDERS
708-1316,AELOG,15 FEB 2014,E04,APPLICATION SITE ERYTHEMA,15 FEB 2014,,1,N,,4,APPLICATION SITE REDNESS,APPLICATION SITE ERYTHEMA,HLT_0617,HLGT_0152,GENERAL DISORDERS AND ADMINISTRATION SITE CONDITIONS
708-1316,AELOG,15 FEB 2014,E05,HEADACHE,29 JAN 2014,,1,N,,3,HEADACHE,HEADACHE,HLT_0064,HLGT_0344,NERVOUS SYSTEM DISORDERS
708-1336,AELOG,21 NOV 2012,E01,ARTHRITIS,,,1,N,,,ARTHRITIS,ARTHRITIS,HLT_0019,HLGT_0587,MUSCULOSKELETAL AND CONNECTIVE TISSUE DISORDERS
708-1336,AELOG,21 NOV 2012,E02,HYPERTENSION,,,1,N,,,HYPERTENSION,HYPERTENSION,HLT_0228,HLGT_0476,VASCULAR DISORDERS
708-1336,AELOG,21 NOV 2012,E03,HEADACHE,,,1,N,,,HEADACHE,HEADACHE,HLT_0064,HLGT_0344,NERVOUS SYSTEM DISORDERS
708-1336,AELOG,21 NOV 2012,E04,DEAFNESS UNILATERAL,,,1,N,,,DEAFNESS UNILATERAL,DEAFNESS UNILATERAL,HLT_0521,HLGT_0683,EAR AND LABYRINTH DISORDERS
708-1336,AELOG,21 NOV 2012,E05,MULTIPLE ALLERGIES,,,1,N,,,MULTIPLE ALLERGIES,MULTIPLE ALLERGIES,HLT_0141,HLGT_0481,IMMUNE SYSTEM DISORDERS
708-1336,AELOG,21 DEC 2012,E06,DIZZINESS,18 DEC 2012,18 DEC 2012,1,N,,3,LIGHTHEADEDNESS,DIZZINESS,HLT_0619,HLGT_0751,NERVOUS SYSTEM DISORDERS
708-1336,AELOG,21 NOV 2012,E07,BONE SPUR,,,1,N,,,BONE SPUR,EXOSTOSIS,HLT_0308,HLGT_0564,MUSCULOSKELETAL AND CONNECTIVE TISSUE DISORDERS
708-1336,AELOG,15 JAN 2013,E08,APPLICATION SITE PRURITUS,12 JAN 2013,12 JAN 2013,1,N,,4,APPLICATION SITE ITCHING,APPLICATION SITE PRURITUS,HLT_0317,HLGT_0338,GENERAL DISORDERS AND ADMINISTRATION SITE CONDITIONS
708-1336,AELOG,27 FEB 2013,E09,DIZZINESS,02 FEB 2013,02 FEB 2013,1,N,,3,LIGHT HEADEDNESS,DIZZINESS,HLT_0619,HLGT_0751,NERVOUS SYSTEM DISORDERS
708-1336,AELOG,23 APR 2013,E10,APPLICATION SITE PRURITUS,10 APR 2013,05 JUN 2013,1,N,,4,APPLICATION SITE ITCHING,APPLICATION SITE PRURITUS,HLT_0317,HLGT_0338,GENERAL DISORDERS AND ADMINISTRATION SITE CONDITIONS
708-1336,AELOG,05 JUL 2013,E10,APPLICATION SITE PRURITUS,10 APR 2013,05 JUN 2013,1,N,,4,APPLICATION SITE ITCHING,APPLICATION SITE PRURITUS,HLT_0317,HLGT_0338,GENERAL DISORDERS AND ADMINISTRATION SITE CONDITIONS
708-1336,AELOG,23 APR 2013,E11,APPLICATION SITE ERYTHEMA,10 APR 2013,05 JUN 2013,1,N,,4,APPLICATION SITE REDNESS,APPLICATION SITE ERYTHEMA,HLT_0617,HLGT_0152,GENERAL DISORDERS AND ADMINISTRATION SITE CONDITIONS
708-1336,AELOG,05 JUL 2013,E11,APPLICATION SITE ERYTHEMA,10 APR 2013,05 JUN 2013,1,N,,4,APPLICATION SITE REDNESS,APPLICATION SITE ERYTHEMA,HLT_0617,HLGT_0152,GENERAL DISORDERS AND ADMINISTRATION SITE CONDITIONS
708-1342,AELOG,21 DEC 2012,E01,MIGRAINE,,,1,N,,,MIGRAINE,MIGRAINE,HLT_0547,HLGT_0317,NERVOUS SYSTEM DISORDERS
708-1342,AELOG,21 DEC 2012,E02,HYPERTENSION,,,1,N,,,HYPERTENSION,HYPERTENSION,HLT_0228,HLGT_0476,VASCULAR DISORDERS
708-1342,AELOG,21 DEC 2012,E03,VAGINAL BLEEDING,,,1,N,,,VAGINAL BLEEDING,VAGINAL HAEMORRHAGE,HLT_0235,HLGT_0138,REPRODUCTIVE SYSTEM AND BREAST DISORDERS
708-1347,AELOG,11 APR 2013,E01,MOLE OF SKIN,,,1,N,,,MOLE OF SKIN,PIGMENTED NAEVUS,HLT_0664,HLGT_0225,"CONGENITAL, FAMILIAL AND GENETIC DISORDERS"
708-1347,AELOG,13 JUN 2013,E02,PRURITUS,13 JUN 2013,25 JUN 2013,1,N,,4,ITCHING,PRURITUS,HLT_0778,HLGT_0695,SKIN AND SUBCUTANEOUS TISSUE DISORDERS
708-1347,AELOG,02 AUG 2013,E02,PRURITUS,13 JUN 2013,25 JUN 2013,1,N,,4,ITCHING,PRURITUS,HLT_0778,HLGT_0695,SKIN AND SUBCUTANEOUS TISSUE DISORDERS
708-1347,AELOG,13 JUN 2013,E03,ERYTHEMA,13 JUN 2013,25 JUN 2013,2,N,,4,ERYTHEMA,ERYTHEMA,HLT_0284,HLGT_0192,SKIN AND SUBCUTANEOUS TISSUE DISORDERS
708-1347,AELOG,02 AUG 2013,E03,ERYTHEMA,13 JUN 2013,25 JUN 2013,2,N,,4,ERYTHEMA,ERYTHEMA,HLT_0284,HLGT_0192,SKIN AND SUBCUTANEOUS TISSUE DISORDERS
708-1347,AELOG,13 JUN 2013,E04,APPLICATION SITE ERYTHEMA,13 JUN 2013,25 JUN 2013,2,N,,4,APPLICATION SITE REDNESS,APPLICATION SITE ERYTHEMA,HLT_0617,HLGT_0152,GENERAL DISORDERS AND ADMINISTRATION SITE CONDITIONS
708-1347,AELOG,02 AUG 2013,E04,APPLICATION SITE ERYTHEMA,13 JUN 2013,25 JUN 2013,2,N,,4,APPLICATION SITE REDNESS,APPLICATION SITE ERYTHEMA,HLT_0617,HLGT_0152,GENERAL DISORDERS AND ADMINISTRATION SITE CONDITIONS
708-1347,AELOG,13 JUN 2013,E05,APPLICATION SITE SWELLING,13 JUN 2013,25 JUN 2013,2,N,,4,APPLICATION SITE SWELLING,APPLICATION SITE SWELLING,HLT_0105,HLGT_0236,GENERAL DISORDERS AND ADMINISTRATION SITE CONDITIONS
708-1347,AELOG,02 AUG 2013,E05,APPLICATION SITE SWELLING,13 JUN 2013,25 JUN 2013,2,N,,4,APPLICATION SITE SWELLING,APPLICATION SITE SWELLING,HLT_0105,HLGT_0236,GENERAL DISORDERS AND ADMINISTRATION SITE CONDITIONS
708-1348,AELOG,28 JUL 2013,E01,HYPERTENSION,,,1,N,,,HYPERTENSION,HYPERTENSION,HLT_0228,HLGT_0476,VASCULAR DISORDERS
708-1348,AELOG,28 JUL 2013,E02,AORTIC ATHEROSCLEROSIS,,,1,N,,,AORTIC ATHEROSCLEROSIS,AORTIC ATHEROSCLEROSIS,HLT_0370,HLGT_0744,VASCULAR DISORDERS
708-1348,AELOG,19 AUG 2013,E04,MYOCARDIAL INFARCTION,18 AUG 2013,31 AUG 2013,1,N,,3,ANTEROSEPTAL INFARCTION,MYOCARDIAL INFARCTION,HLT_0649,HLGT_0688,CARDIAC DISORDERS
708-1348,AELOG,02 SEP 2013,E04,MYOCARDIAL INFARCTION,18 AUG 2013,31 AUG 2013,1,N,,3,ANTEROSEPTAL INFARCTION,MYOCARDIAL INFARCTION,HLT_0649,HLGT_0688,CARDIAC DISORDERS
708-1348,AELOG,01 DEC 2013,E05,APPLICATION SITE PRURITUS,01 DEC 2013,,1,N,,4,APPLICATION SITE ITCHING,APPLICATION SITE PRURITUS,HLT_0317,HLGT_0338,GENERAL DISORDERS AND ADMINISTRATION SITE CONDITIONS
708-1353,AELOG,17 JUN 2013,E01,BILATERAL CATARACTS,,,1,N,,,BILATERAL CATARACTS,CATARACT,HLT_0090,HLGT_0498,EYE DISORDERS
708-1353,AELOG,17 JUN 2013,E02,ANKLE EDEMA,,,1,N,,,ANKLE EDEMA,OEDEMA PERIPHERAL,HLT_0661,HLGT_0137,GENERAL DISORDERS AND ADMINISTRATION SITE CONDITIONS
708-1353,AELOG,17 JUN 2013,E03,VARICOSE VEINS OF LOWER EXTREMITIES,,,1,N,,,VARICOSE VEINS OF LOWER EXTREMITIES,VARICOSE VEIN,HLT_0372,HLGT_0037,VASCULAR DISORDERS
708-1353,AELOG,17 JUN 2013,E05,RIGHT BUNDLE BRANCH BLOCK,,,1,N,,,RIGHT BUNDLE BRANCH BLOCK,BUNDLE BRANCH BLOCK RIGHT,HLT_0751,HLGT_0597,CARDIAC DISORDERS
708-1353,AELOG,17 JUN 2013,E06,LEFT ATRIAL HYPERTROPHY,,,1,N,,,LEFT ATRIAL HYPERTROPHY,ATRIAL HYPERTROPHY,HLT_0271,HLGT_0067,CARDIAC DISORDERS
708-1353,AELOG,18 AUG 2013,E09,DIZZINESS,18 AUG 2013,10 SEP 2013,1,N,,2,DIZZINESS,DIZZINESS,HLT_0619,HLGT_0751,NERVOUS SYSTEM DISORDERS
708-1353,AELOG,10 SEP 2013,E09,DIZZINESS,18 AUG 2013,10 SEP 2013,1,N,,2,DIZZINESS,DIZZINESS,HLT_0619,HLGT_0751,NERVOUS SYSTEM DISORDERS
708-1353,AELOG,10 SEP 2013,E10,HYPOTENSION,28 AUG 2013,10 SEP 2013,1,N,,3,LOW BLOOD PRESSURE,HYPOTENSION,HLT_0761,HLGT_0412,VASCULAR DISORDERS
708-1372,AELOG,03 APR 2013,E01,DIARRHEA,,,1,N,,,DIARRHEA,DIARRHOEA,HLT_0148,HLGT_0588,GASTROINTESTINAL DISORDERS
708-1372,AELOG,03 APR 2013,E02,GOUT,,,1,N,,,GOUT,GOUT,HLT_0396,HLGT_0479,METABOLISM AND NUTRITION DISORDERS
708-1372,AELOG,10 APR 2013,E03,ATRIOVENTRICULAR BLOCK SECOND DEGREE,10 APR 2013,,2,N,,1,AV BLOCK SECOND DEGREE,ATRIOVENTRICULAR BLOCK SECOND DEGREE,HLT_0415,HLGT_0086,CARDIAC DISORDERS
708-1378,AELOG,24 AUG 2013,E01,OSTEOARTHRITIS,,,1,N,,,OSTEOARTHRITIS,OSTEOARTHRITIS,HLT_0247,HLGT_0462,MUSCULOSKELETAL AND CONNECTIVE TISSUE DISORDERS
708-1406,AELOG,06 DEC 2013,E01,UTERINE FIBROID,,,1,N,,,UTERINE FIBROID,UTERINE LEIOMYOMA,HLT_0270,HLGT_0379,"NEOPLASMS BENIGN, MALIGNANT AND UNSPECIFIED (INCL CYSTS AND POLYPS)"
708-1406,AELOG,16 JUN 2014,E03,OEDEMA PERIPHERAL,16 JUN 2014,,1,N,,1,SWELLING OF LEGS,OEDEMA PERIPHERAL,HLT_0661,HLGT_0137,GENERAL DISORDERS AND ADMINISTRATION SITE CONDITIONS
708-1406,AELOG,16 JUN 2014,E04,OEDEMA PERIPHERAL,16 JUN 2014,,1,N,,1,SWELLING OF LEGS,OEDEMA PERIPHERAL,HLT_0661,HLGT_0137,GENERAL DISORDERS AND ADMINISTRATION SITE CONDITIONS
708-1428,AELOG,10 DEC 2013,E01,APPLICATION SITE PRURITUS,10 DEC 2013,21 DEC 2013,2,N,,4,APPLICATION SITE ITCHING,APPLICATION SITE PRURITUS,HLT_0317,HLGT_0338,GENERAL DISORDERS AND ADMINISTRATION SITE CONDITIONS
708-1428,AELOG,26 DEC 2013,E01,APPLICATION SITE PRURITUS,10 DEC 2013,21 DEC 2013,3,N,,4,APPLICATION SITE ITCHING,APPLICATION SITE PRURITUS,HLT_0317,HLGT_0338,GENERAL DISORDERS AND ADMINISTRATION SITE CONDITIONS
708-1428,AELOG,10 DEC 2013,E02,APPLICATION SITE ERYTHEMA,10 DEC 2013,21 DEC 2013,2,N,,4,APPLICATION SITE REDNESS,APPLICATION SITE ERYTHEMA,HLT_0617,HLGT_0152,GENERAL DISORDERS AND ADMINISTRATION SITE CONDITIONS
708-1428,AELOG,26 DEC 2013,E02,APPLICATION SITE ERYTHEMA,10 DEC 2013,21 DEC 2013,3,N,,4,APPLICATION SITE REDNESS,APPLICATION SITE ERYTHEMA,HLT_0617,HLGT_0152,GENERAL DISORDERS AND ADMINISTRATION SITE CONDITIONS
708-1428,AELOG,10 DEC 2013,E03,APPLICATION SITE WARMTH,10 DEC 2013,21 DEC 2013,2,N,,4,APPLICATION SITE WARMTH,APPLICATION SITE WARMTH,HLT_0260,HLGT_0301,GENERAL DISORDERS AND ADMINISTRATION SITE CONDITIONS
708-1428,AELOG,26 DEC 2013,E03,APPLICATION SITE WARMTH,10 DEC 2013,21 DEC 2013,3,N,,4,APPLICATION SITE WARMTH,APPLICATION SITE WARMTH,HLT_0260,HLGT_0301,GENERAL DISORDERS AND ADMINISTRATION SITE CONDITIONS
708-1428,AELOG,23 NOV 2013,E04,EPISTAXIS,22 NOV 2013,22 NOV 2013,1,N,,2,NOSE BLEED,EPISTAXIS,HLT_0386,HLGT_0577,"RESPIRATORY, THORACIC AND MEDIASTINAL DISORDERS"
709-1001,AELOG,20 SEP 2013,E01,HIGH CHOLESTEROL,,,1,N,,,HIGH CHOLESTEROL,BLOOD CHOLESTEROL INCREASED,HLT_0210,HLGT_0430,INVESTIGATIONS
709-1001,AELOG,20 SEP 2013,E02,BLOOD PRESSURE HIGH,,,1,N,,,BLOOD PRESSURE HIGH,HYPERTENSION,HLT_0228,HLGT_0476,VASCULAR DISORDERS
709-1001,AELOG,20 SEP 2013,E03,SYSTOLIC MURMUR,,,1,N,,,SYSTOLIC MURMUR,CARDIAC MURMUR,HLT_0085,HLGT_0133,INVESTIGATIONS
709-1007,AELOG,21 JUL 2012,E01,ERYTHEMA,,,1,N,,,ERYTHEMA,ERYTHEMA,HLT_0284,HLGT_0192,SKIN AND SUBCUTANEOUS TISSUE DISORDERS
709-1007,AELOG,18 AUG 2012,E02,APPLICATION SITE DERMATITIS,16 AUG 2012,19 AUG 2012,1,N,,4,APPLICATION SITE RASH,APPLICATION SITE DERMATITIS,HLT_0343,HLGT_0241,GENERAL DISORDERS AND ADMINISTRATION SITE CONDITIONS
709-1007,AELOG,01 SEP 2012,E02,APPLICATION SITE DERMATITIS,16 AUG 2012,19 AUG 2012,1,N,,4,APPLICATION SITE RASH,APPLICATION SITE DERMATITIS,HLT_0343,HLGT_0241,GENERAL DISORDERS AND ADMINISTRATION SITE CONDITIONS
709-1007,AELOG,01 SEP 2012,E03,APPLICATION SITE DERMATITIS,21 AUG 2012,,3,N,,4,APPLICATION SITE RASH,APPLICATION SITE DERMATITIS,HLT_0343,HLGT_0241,GENERAL DISORDERS AND ADMINISTRATION SITE CONDITIONS
709-1007,AELOG,01 SEP 2012,E04,DIARRHOEA,30 AUG 2012,30 AUG 2012,1,N,,3,DIARRHEA,DIARRHOEA,HLT_0148,HLGT_0588,GASTROINTESTINAL DISORDERS
709-1020,AELOG,27 DEC 2012,E01,APPLICATION SITE DERMATITIS,27 DEC 2012,,1,N,,4,APPLICATION SITE RASH,APPLICATION SITE DERMATITIS,HLT_0343,HLGT_0241,GENERAL DISORDERS AND ADMINISTRATION SITE CONDITIONS
709-1020,AELOG,12 JAN 2013,E02,DIARRHOEA,03 JAN 2013,11 JAN 2013,1,N,,3,DIARRHEA,DIARRHOEA,HLT_0148,HLGT_0588,GASTROINTESTINAL DISORDERS
709-1020,AELOG,12 JAN 2013,E03,ABDOMINAL PAIN,03 JAN 2013,11 JAN 2013,1,N,,3,ABDOMINAL PAIN,ABDOMINAL PAIN,HLT_0217,HLGT_0419,GASTROINTESTINAL DISORDERS
709-1020,AELOG,26 JAN 2013,E04,APPLICATION SITE PRURITUS,15 JAN 2013,,1,N,,4,APPLICATION SITE ITCHING,APPLICATION SITE PRURITUS,HLT_0317,HLGT_0338,GENERAL DISORDERS AND ADMINISTRATION SITE CONDITIONS
709-1029,AELOG,10 DEC 2012,E01,JAUNDICE HEMOLYTIC,,,1,N,,,JAUNDICE HEMOLYTIC,JAUNDICE ACHOLURIC,HLT_0216,HLGT_0119,BLOOD AND LYMPHATIC SYSTEM DISORDERS
709-1029,AELOG,10 DEC 2012,E02,ECTOPIC BEATS,,,1,N,,,ECTOPIC BEATS,EXTRASYSTOLES,HLT_0135,HLGT_0044,CARDIAC DISORDERS
709-1029,AELOG,10 DEC 2012,E03,MOTTLED SKIN,,,1,N,,,MOTTLED SKIN,LIVEDO RETICULARIS,HLT_0163,HLGT_0359,SKIN AND SUBCUTANEOUS TISSUE DISORDERS
709-1029,AELOG,10 DEC 2012,E04,HYPOREFLEXIA,,,1,N,,,HYPOREFLEXIA,HYPOREFLEXIA,HLT_0371,HLGT_0090,NERVOUS SYSTEM DISORDERS
709-1029,AELOG,10 DEC 2012,E05,CONJUNCTIVAL DISCOLORATION,,,1,N,,,CONJUNCTIVAL DISCOLORATION,CONJUNCTIVAL DISCOLOURATION,HLT_0732,HLGT_0261,EYE DISORDERS
709-1029,AELOG,06 FEB 2013,E07,MUSCLE SPASMS,24 JAN 2013,27 FEB 2013,1,N,,2,CRAMP,MUSCLE SPASMS,HLT_0078,HLGT_0750,MUSCULOSKELETAL AND CONNECTIVE TISSUE DISORDERS
709-1029,AELOG,20 MAR 2013,E07,MUSCLE SPASMS,24 JAN 2013,27 FEB 2013,1,N,,2,CRAMP,MUSCLE SPASMS,HLT_0078,HLGT_0750,MUSCULOSKELETAL AND CONNECTIVE TISSUE DISORDERS
709-1029,AELOG,21 JAN 2013,E08,APPLICATION SITE ERYTHEMA,17 JAN 2013,,1,N,,4,APPLICATION SITE REDNESS,APPLICATION SITE ERYTHEMA,HLT_0617,HLGT_0152,GENERAL DISORDERS AND ADMINISTRATION SITE CONDITIONS
709-1029,AELOG,09 JAN 2013,E09,MYOCARDIAL INFARCTION,09 JAN 2013,19 FEB 2013,1,N,,1,SEPTAL MYOCARDIAL INFARCTION,MYOCARDIAL INFARCTION,HLT_0649,HLGT_0688,CARDIAC DISORDERS
709-1029,AELOG,20 MAR 2013,E09,MYOCARDIAL INFARCTION,09 JAN 2013,19 FEB 2013,1,N,,1,SEPTAL MYOCARDIAL INFARCTION,MYOCARDIAL INFARCTION,HLT_0649,HLGT_0688,CARDIAC DISORDERS
709-1029,AELOG,20 MAR 2013,E10,MYOCARDIAL INFARCTION,20 MAR 2013,16 APR 2013,1,N,,1,SEPTAL MYOCARDIAL INFARCTION,MYOCARDIAL INFARCTION,HLT_0649,HLGT_0688,CARDIAC DISORDERS
709-1029,AELOG,15 MAY 2013,E10,MYOCARDIAL INFARCTION,20 MAR 2013,16 APR 2013,1,N,,1,SEPTAL MYOCARDIAL INFARCTION,MYOCARDIAL INFARCTION,HLT_0649,HLGT_0688,CARDIAC DISORDERS
709-1029,AELOG,15 MAY 2013,E11,COUGH,12 MAY 2013,19 MAY 2013,1,N,,1,COUGH,COUGH,HLT_0701,HLGT_0280,"RESPIRATORY, THORACIC AND MEDIASTINAL DISORDERS"
709-1029,AELOG,12 JUN 2013,E11,COUGH,12 MAY 2013,19 MAY 2013,1,N,,1,COUGH,COUGH,HLT_0701,HLGT_0280,"RESPIRATORY, THORACIC AND MEDIASTINAL DISORDERS"
709-1029,AELOG,15 MAY 2013,E12,PHARYNGEAL ERYTHEMA,12 MAY 2013,19 MAY 2013,1,N,,1,RED THROAT,PHARYNGEAL ERYTHEMA,HLT_0591,HLGT_0398,"RESPIRATORY, THORACIC AND MEDIASTINAL DISORDERS"
709-1029,AELOG,12 JUN 2013,E12,PHARYNGEAL ERYTHEMA,12 MAY 2013,19 MAY 2013,1,N,,1,RED THROAT,PHARYNGEAL ERYTHEMA,HLT_0591,HLGT_0398,"RESPIRATORY, THORACIC AND MEDIASTINAL DISORDERS"
709-1029,AELOG,15 MAY 2013,E13,MYOCARDIAL INFARCTION,15 MAY 2013,,1,N,,2,SEPTAL MYOCARDIAL INFARCTION,MYOCARDIAL INFARCTION,HLT_0649,HLGT_0688,CARDIAC DISORDERS
709-1029,AELOG,26 JUN 2013,E14,PRURITUS,19 JUN 2013,,1,N,,4,ITCHING,PRURITUS,HLT_0778,HLGT_0695,SKIN AND SUBCUTANEOUS TISSUE DISORDERS
709-1029,AELOG,20 MAR 2013,E15,SINUS BRADYCARDIA,20 MAR 2013,16 APR 2013,1,N,,2,SINUS BRADYCARDIA,SINUS BRADYCARDIA,HLT_0644,HLGT_0500,CARDIAC DISORDERS
709-1029,AELOG,15 MAY 2013,E15,SINUS BRADYCARDIA,20 MAR 2013,16 APR 2013,1,N,,2,SINUS BRADYCARDIA,SINUS BRADYCARDIA,HLT_0644,HLGT_0500,CARDIAC DISORDERS
709-1029,AELOG,12 JUN 2013,E16,SINUS BRADYCARDIA,12 JUN 2013,,1,N,,2,SINUS BRADYCARDIA,SINUS BRADYCARDIA,HLT_0644,HLGT_0500,CARDIAC DISORDERS
709-1081,AELOG,09 JAN 2014,E01,SWOLLEN ARM,,,2,N,,,SWOLLEN ARM,OEDEMA PERIPHERAL,HLT_0661,HLGT_0137,GENERAL DISORDERS AND ADMINISTRATION SITE CONDITIONS
709-1081,AELOG,09 JAN 2014,E02,HOLOSYSTOLIC MURMUR,,,1,N,,,HOLOSYSTOLIC MURMUR,CARDIAC MURMUR,HLT_0085,HLGT_0133,INVESTIGATIONS
709-1081,AELOG,09 JAN 2014,E03,BILATERAL CATARACTS,,,1,N,,,BILATERAL CATARACTS,CATARACT,HLT_0090,HLGT_0498,EYE DISORDERS
709-1081,AELOG,09 JAN 2014,E04,ARTHRITIS,,,1,N,,,ARTHRITIS,ARTHRITIS,HLT_0019,HLGT_0587,MUSCULOSKELETAL AND CONNECTIVE TISSUE DISORDERS
709-1081,AELOG,21 APR 2014,E05,RASH,07 APR 2014,,2,N,,4,RASH,RASH,HLT_0762,HLGT_0198,SKIN AND SUBCUTANEOUS TISSUE DISORDERS
709-1081,AELOG,10 MAY 2014,E06,OEDEMA PERIPHERAL,01 MAY 2014,,2,N,,2,PERIPHERAL SWELLING,OEDEMA PERIPHERAL,HLT_0661,HLGT_0137,GENERAL DISORDERS AND ADMINISTRATION SITE CONDITIONS
709-1088,AELOG,30 MAR 2014,E01,SENSORINEURAL HEARING LOSS,,,1,N,,,SENSORINEURAL HEARING LOSS,DEAFNESS NEUROSENSORY,HLT_0663,HLGT_0624,EAR AND LABYRINTH DISORDERS
709-1088,AELOG,08 MAY 2014,E02,APPLICATION SITE DERMATITIS,08 MAY 2014,,1,N,,4,APPLICATION SITE RASH,APPLICATION SITE DERMATITIS,HLT_0343,HLGT_0241,GENERAL DISORDERS AND ADMINISTRATION SITE CONDITIONS
709-1088,AELOG,02 AUG 2014,E04,RASH,02 AUG 2014,,1,N,,1,RASH,RASH,HLT_0762,HLGT_0198,SKIN AND SUBCUTANEOUS TISSUE DISORDERS
709-1099,AELOG,12 NOV 2013,E01,NASOPHARYNGITIS,06 NOV 2013,17 NOV 2013,1,N,,1,COLD SYMPTOMS,NASOPHARYNGITIS,HLT_0036,HLGT_0709,INFECTIONS AND INFESTATIONS
709-1099,AELOG,27 NOV 2013,E01,NASOPHARYNGITIS,06 NOV 2013,17 NOV 2013,1,N,,1,COLD SYMPTOMS,NASOPHARYNGITIS,HLT_0036,HLGT_0709,INFECTIONS AND INFESTATIONS
709-1099,AELOG,12 NOV 2013,E02,APPLICATION SITE DERMATITIS,12 NOV 2013,,1,N,,4,APPLICATION SITE RASH,APPLICATION SITE DERMATITIS,HLT_0343,HLGT_0241,GENERAL DISORDERS AND ADMINISTRATION SITE CONDITIONS
709-1099,AELOG,26 DEC 2013,E02,APPLICATION SITE DERMATITIS,12 NOV 2013,,2,N,,4,APPLICATION SITE RASH,APPLICATION SITE DERMATITIS,HLT_0343,HLGT_0241,GENERAL DISORDERS AND ADMINISTRATION SITE CONDITIONS
709-1099,AELOG,14 OCT 2013,E03,BACK PAIN,,,1,N,,,BACK PAIN,BACK PAIN,HLT_0115,HLGT_0508,MUSCULOSKELETAL AND CONNECTIVE TISSUE DISORDERS
709-1099,AELOG,12 NOV 2013,E04,APPLICATION SITE VESICLES,12 NOV 2013,,1,N,,4,APPLICATION SITE VESICLES,APPLICATION SITE VESICLES,HLT_0180,HLGT_0576,GENERAL DISORDERS AND ADMINISTRATION SITE CONDITIONS
709-1099,AELOG,12 NOV 2013,E05,APPLICATION SITE PRURITUS,12 NOV 2013,,1,N,,4,APPLICATION SITE ITCHING,APPLICATION SITE PRURITUS,HLT_0317,HLGT_0338,GENERAL DISORDERS AND ADMINISTRATION SITE CONDITIONS
709-1099,AELOG,26 DEC 2013,E05,APPLICATION SITE PRURITUS,12 NOV 2013,,2,N,,4,APPLICATION SITE ITCHING,APPLICATION SITE PRURITUS,HLT_0317,HLGT_0338,GENERAL DISORDERS AND ADMINISTRATION SITE CONDITIONS
709-1099,AELOG,11 APR 2014,E06,ACROCHORDON EXCISION,23 MAR 2014,23 MAR 2014,1,N,,1,SKIN TAG REMOVAL,ACROCHORDON EXCISION,HLT_0629,HLGT_0103,SURGICAL AND MEDICAL PROCEDURES
709-1102,AELOG,11 FEB 2013,E01,APPLICATION SITE DERMATITIS,11 FEB 2013,,1,N,,4,APPLICATION SITE RASH,APPLICATION SITE DERMATITIS,HLT_0343,HLGT_0241,GENERAL DISORDERS AND ADMINISTRATION SITE CONDITIONS
709-1102,AELOG,12 MAR 2013,E01,APPLICATION SITE DERMATITIS,11 FEB 2013,,2,N,,4,APPLICATION SITE RASH,APPLICATION SITE DERMATITIS,HLT_0343,HLGT_0241,GENERAL DISORDERS AND ADMINISTRATION SITE CONDITIONS
709-1102,AELOG,11 FEB 2013,E02,APPLICATION SITE PRURITUS,11 FEB 2013,,1,N,,4,APPLICATION SITE ITCHING,APPLICATION SITE PRURITUS,HLT_0317,HLGT_0338,GENERAL DISORDERS AND ADMINISTRATION SITE CONDITIONS
709-1102,AELOG,12 MAR 2013,E02,APPLICATION SITE PRURITUS,11 FEB 2013,,2,N,,4,APPLICATION SITE ITCHING,APPLICATION SITE PRURITUS,HLT_0317,HLGT_0338,GENERAL DISORDERS AND ADMINISTRATION SITE CONDITIONS
709-1102,AELOG,07 JAN 2013,E03,NON-INSULIN-DEPENDENT DIABETES MELLITUS,,,1,N,,,NON-INSULIN-DEPENDENT DIABETES MELLITUS,DIABETES MELLITUS NON-INSULIN-DEPENDENT,HLT_0706,HLGT_0092,METABOLISM AND NUTRITION DISORDERS
709-1102,AELOG,31 MAR 2013,E04,APPLICATION SITE VESICLES,26 MAR 2013,27 MAR 2013,1,N,,4,APPLICATION SITE BLISTER,APPLICATION SITE VESICLES,HLT_0180,HLGT_0576,GENERAL DISORDERS AND ADMINISTRATION SITE CONDITIONS
709-1102,AELOG,31 MAR 2013,E05,DIZZINESS,20 MAR 2013,26 MAR 2013,1,N,,3,DIZZINESS,DIZZINESS,HLT_0619,HLGT_0751,NERVOUS SYSTEM DISORDERS
709-1168,AELOG,25 JUL 2013,E01,HYPERTENSION,,,2,N,,,HYPERTENSION,HYPERTENSION,HLT_0228,HLGT_0476,VASCULAR DISORDERS
709-1168,AELOG,17 AUG 2013,E02,SKIN IRRITATION,17 AUG 2013,06 SEP 2013,1,N,,4,IRRITATION SKIN,SKIN IRRITATION,HLT_0583,HLGT_0384,SKIN AND SUBCUTANEOUS TISSUE DISORDERS
709-1168,AELOG,13 SEP 2013,E02,SKIN IRRITATION,17 AUG 2013,06 SEP 2013,1,N,,4,IRRITATION SKIN,SKIN IRRITATION,HLT_0583,HLGT_0384,SKIN AND SUBCUTANEOUS TISSUE DISORDERS
709-1168,AELOG,13 SEP 2013,E03,PRURITUS,06 SEP 2013,11 OCT 2013,2,N,,4,ITCHY,PRURITUS,HLT_0778,HLGT_0695,SKIN AND SUBCUTANEOUS TISSUE DISORDERS
709-1168,AELOG,01 NOV 2013,E03,PRURITUS,06 SEP 2013,11 OCT 2013,2,N,,4,ITCHY,PRURITUS,HLT_0778,HLGT_0695,SKIN AND SUBCUTANEOUS TISSUE DISORDERS
709-1168,AELOG,13 SEP 2013,E04,RASH,06 SEP 2013,11 OCT 2013,2,N,,4,RASH,RASH,HLT_0762,HLGT_0198,SKIN AND SUBCUTANEOUS TISSUE DISORDERS
709-1168,AELOG,01 NOV 2013,E04,RASH,06 SEP 2013,11 OCT 2013,2,N,,4,RASH,RASH,HLT_0762,HLGT_0198,SKIN AND SUBCUTANEOUS TISSUE DISORDERS
709-1217,AELOG,16 FEB 2013,E01,PROSTATIC DISORDER,,,1,N,,,PROSTATIC DISORDER,PROSTATIC DISORDER,HLT_0431,HLGT_0645,REPRODUCTIVE SYSTEM AND BREAST DISORDERS
709-1217,AELOG,16 FEB 2013,E02,HEARTBEATS IRREGULAR,,,1,N,,,HEARTBEATS IRREGULAR,HEART RATE IRREGULAR,HLT_0765,HLGT_0140,INVESTIGATIONS
709-1217,AELOG,16 FEB 2013,E03,CERVICAL RADICULOPATHY,,,1,N,,,CERVICAL RADICULOPATHY,CERVICOBRACHIAL SYNDROME,HLT_0466,HLGT_0651,NERVOUS SYSTEM DISORDERS
709-1217,AELOG,16 FEB 2013,E04,NEUROPATHY,,,1,N,,,NEUROPATHY,NEUROPATHY,HLT_0618,HLGT_0378,NERVOUS SYSTEM DISORDERS
709-1217,AELOG,30 MAR 2013,E05,APPLICATION SITE DERMATITIS,26 MAR 2013,18 JUN 2013,1,N,,4,APPLICATION SITE RASH,APPLICATION SITE DERMATITIS,HLT_0343,HLGT_0241,GENERAL DISORDERS AND ADMINISTRATION SITE CONDITIONS
709-1217,AELOG,29 APR 2013,E05,APPLICATION SITE DERMATITIS,26 MAR 2013,18 JUN 2013,2,N,,4,APPLICATION SITE RASH,APPLICATION SITE DERMATITIS,HLT_0343,HLGT_0241,GENERAL DISORDERS AND ADMINISTRATION SITE CONDITIONS
709-1217,AELOG,25 JUN 2013,E05,APPLICATION SITE DERMATITIS,26 MAR 2013,18 JUN 2013,2,N,,4,APPLICATION SITE RASH,APPLICATION SITE DERMATITIS,HLT_0343,HLGT_0241,GENERAL DISORDERS AND ADMINISTRATION SITE CONDITIONS
709-1217,AELOG,30 MAR 2013,E06,COUGH,20 MAR 2013,,1,N,,1,COUGH,COUGH,HLT_0701,HLGT_0280,"RESPIRATORY, THORACIC AND MEDIASTINAL DISORDERS"
709-1217,AELOG,30 MAR 2013,E07,DIZZINESS,27 MAR 2013,27 MAR 2013,1,N,,3,DIZZINESS,DIZZINESS,HLT_0619,HLGT_0751,NERVOUS SYSTEM DISORDERS
709-1217,AELOG,01 APR 2013,E08,DIZZINESS,01 APR 2013,11 APR 2013,1,N,,3,DIZZINESS,DIZZINESS,HLT_0619,HLGT_0751,NERVOUS SYSTEM DISORDERS
709-1217,AELOG,13 APR 2013,E08,DIZZINESS,01 APR 2013,11 APR 2013,1,N,,3,DIZZINESS,DIZZINESS,HLT_0619,HLGT_0751,NERVOUS SYSTEM DISORDERS
709-1217,AELOG,19 MAR 2013,E09,DIZZINESS,06 MAR 2013,06 MAR 2013,2,N,,3,DIZZINESS,DIZZINESS,HLT_0619,HLGT_0751,NERVOUS SYSTEM DISORDERS
709-1217,AELOG,25 JUN 2013,E10,PRURITUS,27 MAY 2013,18 JUN 2013,2,N,,4,ITCHING,PRURITUS,HLT_0778,HLGT_0695,SKIN AND SUBCUTANEOUS TISSUE DISORDERS
709-1217,AELOG,16 FEB 2013,E11,ST SEGMENT DEPRESSED,,,1,N,,,ST SEGMENT DEPRESSED,ELECTROCARDIOGRAM ST SEGMENT DEPRESSION,HLT_0610,HLGT_0220,INVESTIGATIONS
709-1217,AELOG,16 FEB 2013,E12,T WAVE INVERTED,,,1,N,,,T WAVE INVERTED,ELECTROCARDIOGRAM T WAVE INVERSION,HLT_0289,HLGT_0130,INVESTIGATIONS
709-1217,AELOG,30 MAR 2013,E13,ELECTROCARDIOGRAM T WAVE INVERSION,30 MAR 2013,,1,N,,1,T WAVE INVERTED,ELECTROCARDIOGRAM T WAVE INVERSION,HLT_0289,HLGT_0130,INVESTIGATIONS
709-1217,AELOG,25 MAY 2013,E14,HEADACHE,17 MAY 2013,18 MAY 2013,1,N,,2,HEADACHE,HEADACHE,HLT_0064,HLGT_0344,NERVOUS SYSTEM DISORDERS
709-1238,AELOG,02 MAY 2013,E01,SWELLING OF L KNEE,,,1,N,,,SWELLING OF L KNEE,JOINT SWELLING,HLT_0171,HLGT_0417,MUSCULOSKELETAL AND CONNECTIVE TISSUE DISORDERS
709-1238,AELOG,29 MAY 2013,E02,DIARRHOEA,28 MAY 2013,28 MAY 2013,2,N,,1,DIARRHEA,DIARRHOEA,HLT_0148,HLGT_0588,GASTROINTESTINAL DISORDERS
709-1238,AELOG,02 MAY 2013,E03,ARTHRITIS,,,2,N,,,ARTHRITIS,ARTHRITIS,HLT_0019,HLGT_0587,MUSCULOSKELETAL AND CONNECTIVE TISSUE DISORDERS
709-1238,AELOG,19 JUN 2013,E04,COUGH,09 JUN 2013,,2,N,,1,COUGH,COUGH,HLT_0701,HLGT_0280,"RESPIRATORY, THORACIC AND MEDIASTINAL DISORDERS"
709-1238,AELOG,19 JUN 2013,E05,HIP FRACTURE,31 MAY 2013,31 MAY 2013,2,N,,1,HIP FRACTURE,HIP FRACTURE,HLT_0097,HLGT_0131,"INJURY, POISONING AND PROCEDURAL COMPLICATIONS"
709-1238,AELOG,19 JUN 2013,E06,UPPER RESPIRATORY TRACT INFECTION,09 JUN 2013,,2,N,,1,UPPER RESPIRATORY INFECTION,UPPER RESPIRATORY TRACT INFECTION,HLT_0520,HLGT_0489,INFECTIONS AND INFESTATIONS
709-1238,AELOG,19 JUN 2013,E07,APPLICATION SITE DERMATITIS,30 MAY 2013,,2,N,,4,APPLICATION SITE RASH,APPLICATION SITE DERMATITIS,HLT_0343,HLGT_0241,GENERAL DISORDERS AND ADMINISTRATION SITE CONDITIONS
709-1238,AELOG,19 JUN 2013,E08,APPLICATION SITE PRURITUS,30 MAY 2013,,2,N,,4,APPLICATION SITE ITCHING,APPLICATION SITE PRURITUS,HLT_0317,HLGT_0338,GENERAL DISORDERS AND ADMINISTRATION SITE CONDITIONS
709-1238,AELOG,19 JUN 2013,E09,APPLICATION SITE DISCHARGE,30 MAY 2013,,2,N,,4,APPLICATION SITE DISCHARGE,APPLICATION SITE DISCHARGE,HLT_0200,HLGT_0457,GENERAL DISORDERS AND ADMINISTRATION SITE CONDITIONS
709-1238,AELOG,02 JUL 2013,E10,SKIN LESION EXCISION,28 JUN 2013,28 JUN 2013,1,N,,1,SKIN LESION EXCISION,SKIN LESION EXCISION,HLT_0498,HLGT_0450,SURGICAL AND MEDICAL PROCEDURES
709-1259,AELOG,13 JAN 2013,E01,ARTHRITIS,,,1,N,,,ARTHRITIS,ARTHRITIS,HLT_0019,HLGT_0587,MUSCULOSKELETAL AND CONNECTIVE TISSUE DISORDERS
709-1259,AELOG,13 JAN 2013,E02,NEVUS,,,1,N,,,NEVUS,EPIDERMAL NAEVUS,HLT_0695,HLGT_0321,"CONGENITAL, FAMILIAL AND GENETIC DISORDERS"
709-1259,AELOG,13 JAN 2013,E03,CATARACT (LEFT),,,1,N,,,CATARACT (LEFT),CATARACT,HLT_0090,HLGT_0498,EYE DISORDERS
709-1259,AELOG,13 JAN 2013,E04,WHEEZING,,,1,N,,,WHEEZING,WHEEZING,HLT_0760,HLGT_0532,"RESPIRATORY, THORACIC AND MEDIASTINAL DISORDERS"
709-1259,AELOG,10 FEB 2013,E05,LOCALISED INFECTION,05 FEB 2013,13 FEB 2013,1,N,,1,INFECTED FINGER,LOCALISED INFECTION,HLT_0435,HLGT_0557,INFECTIONS AND INFESTATIONS
709-1259,AELOG,22 FEB 2013,E05,LOCALISED INFECTION,05 FEB 2013,13 FEB 2013,1,N,,1,INFECTED FINGER,LOCALISED INFECTION,HLT_0435,HLGT_0557,INFECTIONS AND INFESTATIONS
709-1259,AELOG,23 MAR 2013,E06,BLOOD URINE PRESENT,14 MAR 2013,,1,N,,1,BLOOD IN URINE,BLOOD URINE PRESENT,HLT_0458,HLGT_0289,INVESTIGATIONS
709-1259,AELOG,23 MAR 2013,E07,CYSTOSCOPY,17 MAR 2013,17 MAR 2013,1,N,,1,CYSTOSCOPY,CYSTOSCOPY,HLT_0436,HLGT_0041,INVESTIGATIONS
709-1259,AELOG,23 MAR 2013,E08,BENIGN PROSTATIC HYPERPLASIA,17 MAR 2013,30 MAR 2013,1,N,4,1,ENLARGED PROSTATE,BENIGN PROSTATIC HYPERPLASIA,HLT_0215,HLGT_0568,REPRODUCTIVE SYSTEM AND BREAST DISORDERS
709-1259,AELOG,20 APR 2013,E08,BENIGN PROSTATIC HYPERPLASIA,17 MAR 2013,30 MAR 2013,3,N,4,1,ENLARGED PROSTATE,BENIGN PROSTATIC HYPERPLASIA,HLT_0215,HLGT_0568,REPRODUCTIVE SYSTEM AND BREAST DISORDERS
709-1259,AELOG,20 APR 2013,E11,PYREXIA,13 APR 2013,14 APR 2013,1,N,,1,FEVER,PYREXIA,HLT_0310,HLGT_0652,GENERAL DISORDERS AND ADMINISTRATION SITE CONDITIONS
709-1259,AELOG,20 APR 2013,E12,DEHYDRATION,13 APR 2013,14 APR 2013,1,N,,1,DEHYDRATION,DEHYDRATION,HLT_0533,HLGT_0011,METABOLISM AND NUTRITION DISORDERS
709-1259,AELOG,20 APR 2013,E13,HYPOTENSION,13 APR 2013,14 APR 2013,1,N,4,3,LOW BLOOD PRESSURE,HYPOTENSION,HLT_0761,HLGT_0412,VASCULAR DISORDERS
709-1259,AELOG,20 APR 2013,E14,ORTHOSTATIC HYPOTENSION,20 APR 2013,13 JUN 2013,1,N,,3,POSTURAL HYPOTENSION,ORTHOSTATIC HYPOTENSION,HLT_0194,HLGT_0111,VASCULAR DISORDERS
709-1259,AELOG,13 JUN 2013,E14,ORTHOSTATIC HYPOTENSION,20 APR 2013,13 JUN 2013,1,N,,3,POSTURAL HYPOTENSION,ORTHOSTATIC HYPOTENSION,HLT_0194,HLGT_0111,VASCULAR DISORDERS
709-1285,AELOG,17 MAR 2013,E01,GLAUCOMA,,,1,N,,,GLAUCOMA,GLAUCOMA,HLT_0556,HLGT_0734,EYE DISORDERS
709-1285,AELOG,17 MAR 2013,E02,BLOOD PRESSURE HIGH,,,1,N,,,BLOOD PRESSURE HIGH,HYPERTENSION,HLT_0228,HLGT_0476,VASCULAR DISORDERS
709-1285,AELOG,19 APR 2013,E03,HEMIANOPIA HOMONYMOUS,14 APR 2013,,1,N,3,1,HOMONYMOUS HEMIANOPSIA,HEMIANOPIA HOMONYMOUS,HLT_0639,HLGT_0547,NERVOUS SYSTEM DISORDERS
709-1285,AELOG,19 APR 2013,E04,APPLICATION SITE DERMATITIS,19 APR 2013,31 MAY 2013,1,N,,4,APPLICATION SITE RASH,APPLICATION SITE DERMATITIS,HLT_0343,HLGT_0241,GENERAL DISORDERS AND ADMINISTRATION SITE CONDITIONS
709-1285,AELOG,31 MAY 2013,E04,APPLICATION SITE DERMATITIS,19 APR 2013,31 MAY 2013,1,N,,4,APPLICATION SITE RASH,APPLICATION SITE DERMATITIS,HLT_0343,HLGT_0241,GENERAL DISORDERS AND ADMINISTRATION SITE CONDITIONS
709-1285,AELOG,19 APR 2013,E05,APPLICATION SITE PRURITUS,19 APR 2013,31 MAY 2013,1,N,,4,APPLICATION SITE ITCHING,APPLICATION SITE PRURITUS,HLT_0317,HLGT_0338,GENERAL DISORDERS AND ADMINISTRATION SITE CONDITIONS
709-1285,AELOG,31 MAY 2013,E05,APPLICATION SITE PRURITUS,19 APR 2013,31 MAY 2013,1,N,,4,APPLICATION SITE ITCHING,APPLICATION SITE PRURITUS,HLT_0317,HLGT_0338,GENERAL DISORDERS AND ADMINISTRATION SITE CONDITIONS
709-1285,AELOG,19 MAY 2013,E06,SINUS BRADYCARDIA,19 MAY 2013,,1,N,,3,SINUS BRADYCARDIA,SINUS BRADYCARDIA,HLT_0644,HLGT_0500,CARDIAC DISORDERS
709-1301,AELOG,14 JUL 2013,E01,BILATERAL CATARACTS,,,1,N,,,BILATERAL CATARACTS,CATARACT,HLT_0090,HLGT_0498,EYE DISORDERS
709-1301,AELOG,30 AUG 2013,E02,DIABETES MELLITUS,30 AUG 2013,,1,N,,1,DIABETES,DIABETES MELLITUS,HLT_0447,HLGT_0572,METABOLISM AND NUTRITION DISORDERS
709-1306,AELOG,30 APR 2014,E01,RASH,20 APR 2014,23 JUN 2014,1,N,,4,RASH,RASH,HLT_0762,HLGT_0198,SKIN AND SUBCUTANEOUS TISSUE DISORDERS
709-1306,AELOG,28 MAY 2014,E01,RASH,20 APR 2014,23 JUN 2014,2,N,,4,RASH,RASH,HLT_0762,HLGT_0198,SKIN AND SUBCUTANEOUS TISSUE DISORDERS
709-1306,AELOG,25 JUN 2014,E01,RASH,20 APR 2014,23 JUN 2014,2,N,,4,RASH,RASH,HLT_0762,HLGT_0198,SKIN AND SUBCUTANEOUS TISSUE DISORDERS
709-1306,AELOG,30 APR 2014,E02,APPLICATION SITE PRURITUS,20 APR 2014,23 JUN 2014,1,N,,4,APPLICATION SITE ITCHING,APPLICATION SITE PRURITUS,HLT_0317,HLGT_0338,GENERAL DISORDERS AND ADMINISTRATION SITE CONDITIONS
709-1306,AELOG,28 MAY 2014,E02,APPLICATION SITE PRURITUS,20 APR 2014,23 JUN 2014,2,N,,4,APPLICATION SITE ITCHING,APPLICATION SITE PRURITUS,HLT_0317,HLGT_0338,GENERAL DISORDERS AND ADMINISTRATION SITE CONDITIONS
709-1306,AELOG,25 JUN 2014,E02,APPLICATION SITE PRURITUS,20 APR 2014,23 JUN 2014,2,N,,4,APPLICATION SITE ITCHING,APPLICATION SITE PRURITUS,HLT_0317,HLGT_0338,GENERAL DISORDERS AND ADMINISTRATION SITE CONDITIONS
709-1306,AELOG,28 MAY 2014,E03,APPLICATION SITE IRRITATION,04 MAY 2014,23 JUN 2014,2,N,,4,APPLICATION SITE BURNING,APPLICATION SITE IRRITATION,HLT_0061,HLGT_0346,GENERAL DISORDERS AND ADMINISTRATION SITE CONDITIONS
709-1306,AELOG,25 JUN 2014,E03,APPLICATION SITE IRRITATION,04 MAY 2014,23 JUN 2014,2,N,,4,APPLICATION SITE BURNING,APPLICATION SITE IRRITATION,HLT_0061,HLGT_0346,GENERAL DISORDERS AND ADMINISTRATION SITE CONDITIONS
709-1306,AELOG,28 MAY 2014,E04,DRUG ERUPTION,20 MAY 2014,23 MAY 2014,1,N,,1,DRUG RASH,DRUG ERUPTION,HLT_0430,HLGT_0253,SKIN AND SUBCUTANEOUS TISSUE DISORDERS
709-1309,AELOG,09 JUN 2013,E01,MACULOPAPULAR RASH,,,1,N,,,MACULOPAPULAR RASH,RASH MACULO-PAPULAR,HLT_0500,HLGT_0097,SKIN AND SUBCUTANEOUS TISSUE DISORDERS
709-1309,AELOG,17 JUN 2013,E02,RASH MACULO-PAPULAR,10 JUN 2013,01 JUL 2013,1,N,,3,MACULOPAPULAR RASH,RASH MACULO-PAPULAR,HLT_0500,HLGT_0097,SKIN AND SUBCUTANEOUS TISSUE DISORDERS
709-1309,AELOG,16 JUL 2013,E02,RASH MACULO-PAPULAR,10 JUN 2013,01 JUL 2013,1,N,,3,MACULOPAPULAR RASH,RASH MACULO-PAPULAR,HLT_0500,HLGT_0097,SKIN AND SUBCUTANEOUS TISSUE DISORDERS
709-1309,AELOG,19 JUN 2013,E03,RASH PAPULAR,18 JUN 2013,16 JUL 2013,1,N,,3,PAPULAR RASH,RASH PAPULAR,HLT_0549,HLGT_0007,SKIN AND SUBCUTANEOUS TISSUE DISORDERS
709-1309,AELOG,18 JUL 2013,E03,RASH PAPULAR,18 JUN 2013,16 JUL 2013,1,N,,3,PAPULAR RASH,RASH PAPULAR,HLT_0549,HLGT_0007,SKIN AND SUBCUTANEOUS TISSUE DISORDERS
709-1309,AELOG,01 JUL 2013,E04,RASH MACULO-PAPULAR,20 JUN 2013,,1,N,,4,MACULOPAPULAR RASH,RASH MACULO-PAPULAR,HLT_0500,HLGT_0097,SKIN AND SUBCUTANEOUS TISSUE DISORDERS
709-1309,AELOG,19 JUN 2013,E05,VOMITING,19 JUN 2013,19 JUN 2013,1,N,,3,VOMITING,VOMITING,HLT_0016,HLGT_0350,GASTROINTESTINAL DISORDERS
709-1309,AELOG,01 JUL 2013,E05,VOMITING,19 JUN 2013,19 JUN 2013,1,N,,3,VOMITING,VOMITING,HLT_0016,HLGT_0350,GASTROINTESTINAL DISORDERS
709-1309,AELOG,01 JUL 2013,E06,NASAL CONGESTION,19 JUN 2013,20 JUN 2013,1,N,,2,NASAL CONGESTION,NASAL CONGESTION,HLT_0118,HLGT_0549,"RESPIRATORY, THORACIC AND MEDIASTINAL DISORDERS"
709-1309,AELOG,01 JUL 2013,E07,NIGHTMARE,19 JUN 2013,20 JUN 2013,1,N,,2,NIGHTMARE,NIGHTMARE,HLT_0186,HLGT_0049,PSYCHIATRIC DISORDERS
709-1309,AELOG,01 JUL 2013,E08,DIZZINESS,01 JUL 2013,01 JUL 2013,1,N,,1,DIZZINESS,DIZZINESS,HLT_0619,HLGT_0751,NERVOUS SYSTEM DISORDERS
709-1309,AELOG,16 JUL 2013,E08,DIZZINESS,01 JUL 2013,01 JUL 2013,1,N,,1,DIZZINESS,DIZZINESS,HLT_0619,HLGT_0751,NERVOUS SYSTEM DISORDERS
709-1309,AELOG,01 JUL 2013,E09,BIOPSY,26 JUN 2013,26 JUN 2013,1,N,,1,BIOPSY,BIOPSY,HLT_0685,HLGT_0076,INVESTIGATIONS
709-1309,AELOG,16 JUL 2013,E10,ALLERGIC GRANULOMATOUS ANGIITIS,04 JUL 2013,04 JUL 2013,1,N,,1,ALLERGIC GRANULOMATOSIS,ALLERGIC GRANULOMATOUS ANGIITIS,HLT_0114,HLGT_0157,"RESPIRATORY, THORACIC AND MEDIASTINAL DISORDERS"
709-1309,AELOG,09 JUN 2013,E11,ENLARGED PROSTATE,,,1,N,,,ENLARGED PROSTATE,BENIGN PROSTATIC HYPERPLASIA,HLT_0215,HLGT_0568,REPRODUCTIVE SYSTEM AND BREAST DISORDERS
709-1309,AELOG,31 JUL 2013,E12,APPLICATION SITE PRURITUS,28 JUL 2013,,1,N,,4,APPLICATION SITE ITCHING,APPLICATION SITE PRURITUS,HLT_0317,HLGT_0338,GENERAL DISORDERS AND ADMINISTRATION SITE CONDITIONS
709-1309,AELOG,11 SEP 2013,E13,FEELING COLD,06 SEP 2013,,1,N,,1,FEELING COLD,FEELING COLD,HLT_0340,HLGT_0717,GENERAL DISORDERS AND ADMINISTRATION SITE CONDITIONS
709-1312,AELOG,13 APR 2014,E01,HYPERTENSION,,,1,N,,,HYPERTENSION,HYPERTENSION,HLT_0228,HLGT_0476,VASCULAR DISORDERS
709-1312,AELOG,13 APR 2014,E02,HYPERCHOLESTEROLEMIA,,,1,N,,,HYPERCHOLESTEROLEMIA,HYPERCHOLESTEROLAEMIA,HLT_0025,HLGT_0703,METABOLISM AND NUTRITION DISORDERS
709-1312,AELOG,13 APR 2014,E03,ANGINA PECTORIS,,,1,N,,,ANGINA PECTORIS,ANGINA PECTORIS,HLT_0033,HLGT_0063,CARDIAC DISORDERS
709-1312,AELOG,17 MAY 2014,E04,APPLICATION SITE DERMATITIS,17 MAY 2014,,1,N,,4,APPLICATION SITE RASH,APPLICATION SITE DERMATITIS,HLT_0343,HLGT_0241,GENERAL DISORDERS AND ADMINISTRATION SITE CONDITIONS
709-1312,AELOG,19 OCT 2014,E05,ELECTROCARDIOGRAM ST SEGMENT DEPRESSION,19 OCT 2014,,1,N,,2,ST SEGMENT DEPRESSED,ELECTROCARDIOGRAM ST SEGMENT DEPRESSION,HLT_0610,HLGT_0220,INVESTIGATIONS
709-1326,AELOG,21 MAR 2013,E01,BLOOD PRESSURE HIGH,,,1,N,,,BLOOD PRESSURE HIGH,HYPERTENSION,HLT_0228,HLGT_0476,VASCULAR DISORDERS
709-1326,AELOG,21 MAR 2013,E02,DUPUYTREN'S CONTRACTURE,,,1,N,,,DUPUYTREN'S CONTRACTURE,DUPUYTREN'S CONTRACTURE,HLT_0058,HLGT_0028,MUSCULOSKELETAL AND CONNECTIVE TISSUE DISORDERS
709-1326,AELOG,01 JUN 2013,E03,VOMITING,21 MAY 2013,21 MAY 2013,1,N,,3,VOMITING,VOMITING,HLT_0016,HLGT_0350,GASTROINTESTINAL DISORDERS
709-1326,AELOG,01 JUN 2013,E04,SYNCOPE,21 MAY 2013,21 MAY 2013,1,N,4,3,SYNCOPE,SYNCOPE,HLT_0440,HLGT_0310,NERVOUS SYSTEM DISORDERS
709-1326,AELOG,01 MAY 2013,E05,APPLICATION SITE DERMATITIS,01 MAY 2013,,1,N,,4,APPLICATION SITE RASH,APPLICATION SITE DERMATITIS,HLT_0343,HLGT_0241,GENERAL DISORDERS AND ADMINISTRATION SITE CONDITIONS
709-1326,AELOG,01 MAY 2013,E06,APPLICATION SITE PRURITUS,01 MAY 2013,,1,N,,4,APPLICATION SITE ITCHING,APPLICATION SITE PRURITUS,HLT_0317,HLGT_0338,GENERAL DISORDERS AND ADMINISTRATION SITE CONDITIONS
709-1326,AELOG,26 JUN 2013,E07,APPLICATION SITE BLEEDING,07 JUN 2013,17 JUN 2013,2,N,,4,APPLICATION SITE BLEEDING,APPLICATION SITE BLEEDING,HLT_0718,HLGT_0324,GENERAL DISORDERS AND ADMINISTRATION SITE CONDITIONS
709-1326,AELOG,26 JUL 2013,E08,COUGH,12 JUL 2013,,1,N,,1,COUGH,COUGH,HLT_0701,HLGT_0280,"RESPIRATORY, THORACIC AND MEDIASTINAL DISORDERS"
709-1329,AELOG,01 AUG 2013,E01,SPRUE,,,1,N,,,SPRUE,MALABSORPTION,HLT_0122,HLGT_0318,GASTROINTESTINAL DISORDERS
709-1329,AELOG,29 AUG 2013,E02,DIZZINESS,25 AUG 2013,25 AUG 2013,1,N,,3,DIZZINESS,DIZZINESS,HLT_0619,HLGT_0751,NERVOUS SYSTEM DISORDERS
709-1329,AELOG,29 AUG 2013,E03,PYREXIA,25 AUG 2013,25 AUG 2013,1,N,,2,FEVER,PYREXIA,HLT_0310,HLGT_0652,GENERAL DISORDERS AND ADMINISTRATION SITE CONDITIONS
709-1339,AELOG,15 DEC 2012,E01,URINARY INCONTINENCE,,,1,N,,,URINARY INCONTINENCE,URINARY INCONTINENCE,HLT_0572,HLGT_0128,RENAL AND URINARY DISORDERS
709-1339,AELOG,15 DEC 2012,E02,EMPHYSEMA,,,1,N,,,EMPHYSEMA,EMPHYSEMA,HLT_0698,HLGT_0221,"RESPIRATORY, THORACIC AND MEDIASTINAL DISORDERS"
709-1339,AELOG,15 DEC 2012,E03,HERNIA HIATAL,,,1,N,,,HERNIA HIATAL,HIATUS HERNIA,HLT_0159,HLGT_0109,GASTROINTESTINAL DISORDERS
709-1339,AELOG,15 DEC 2012,E04,HEADACHE,,,1,N,,,HEADACHE,HEADACHE,HLT_0064,HLGT_0344,NERVOUS SYSTEM DISORDERS
709-1339,AELOG,19 FEB 2013,E04,HEADACHE,UN NOV 2011,,2,N,,1,HEADACHE,HEADACHE,HLT_0064,HLGT_0344,NERVOUS SYSTEM DISORDERS
709-1339,AELOG,12 MAY 2013,E05,BLOOD ALKALINE PHOSPHATASE INCREASED,12 MAY 2013,,2,N,,1,ALK PHOS RAISED,BLOOD ALKALINE PHOSPHATASE INCREASED,HLT_0615,HLGT_0298,INVESTIGATIONS
709-1424,AELOG,15 FEB 2013,E01,HEARING LOSS UNILATERAL,,,1,N,,,HEARING LOSS UNILATERAL,DEAFNESS UNILATERAL,HLT_0521,HLGT_0683,EAR AND LABYRINTH DISORDERS
709-1424,AELOG,15 FEB 2013,E02,URINARY INCONTINENCE,,,1,N,,,URINARY INCONTINENCE,URINARY INCONTINENCE,HLT_0572,HLGT_0128,RENAL AND URINARY DISORDERS
709-1424,AELOG,15 FEB 2013,E03,ECTOPIC BEATS,,,1,N,,,ECTOPIC BEATS,EXTRASYSTOLES,HLT_0135,HLGT_0044,CARDIAC DISORDERS
709-1424,AELOG,15 FEB 2013,E04,PREMATURE ATRIAL CONTRACTION,,,1,N,,,PREMATURE ATRIAL CONTRACTION,SUPRAVENTRICULAR EXTRASYSTOLES,HLT_0188,HLGT_0279,CARDIAC DISORDERS
709-1424,AELOG,08 MAR 2013,E05,SYNCOPE,07 MAR 2013,07 MAR 2013,2,yes,2,3,SYNCOPE,SYNCOPE,HLT_0440,HLGT_0310,NERVOUS SYSTEM DISORDERS
710-1002,AELOG,18 JAN 2014,E01,TRANSIENT ISCHAEMIC ATTACK,16 JAN 2014,20 JAN 2014,1,N,4,2,TRANSIENT ISCHEMIC ATTACKS,TRANSIENT ISCHAEMIC ATTACK,HLT_0041,HLGT_0433,NERVOUS SYSTEM DISORDERS
710-1002,AELOG,20 JAN 2014,E01,TRANSIENT ISCHAEMIC ATTACK,16 JAN 2014,20 JAN 2014,1,N,4,2,TRANSIENT ISCHEMIC ATTACKS,TRANSIENT ISCHAEMIC ATTACK,HLT_0041,HLGT_0433,NERVOUS SYSTEM DISORDERS
710-1006,AELOG,22 FEB 2013,E01,DIZZINESS,18 FEB 2013,19 FEB 2013,1,N,,1,DIZZINESS,DIZZINESS,HLT_0619,HLGT_0751,NERVOUS SYSTEM DISORDERS
710-1006,AELOG,08 MAR 2013,E02,SALIVARY HYPERSECRETION,01 MAR 2013,,1,N,,3,SALIVATION,SALIVARY HYPERSECRETION,HLT_0374,HLGT_0488,GASTROINTESTINAL DISORDERS
710-1006,AELOG,08 MAR 2013,E03,SKIN IRRITATION,01 MAR 2013,,1,N,,3,SKIN IRRITATION,SKIN IRRITATION,HLT_0583,HLGT_0384,SKIN AND SUBCUTANEOUS TISSUE DISORDERS
710-1006,AELOG,04 MAY 2013,E04,URINARY TRACT INFECTION,17 APR 2013,19 APR 2013,1,N,,1,URINARY INFECTION,URINARY TRACT INFECTION,HLT_0161,HLGT_0093,INFECTIONS AND INFESTATIONS
710-1006,AELOG,04 MAY 2013,E05,DIZZINESS,16 APR 2013,16 APR 2013,1,N,,1,FELT FAINT,DIZZINESS,HLT_0619,HLGT_0751,NERVOUS SYSTEM DISORDERS
710-1006,AELOG,04 MAY 2013,E06,NEPHROLITHIASIS,17 APR 2013,17 APR 2013,2,N,,1,KIDNEY STONE,NEPHROLITHIASIS,HLT_0439,HLGT_0546,RENAL AND URINARY DISORDERS
710-1006,AELOG,01 JUN 2013,E07,PRURITUS,18 MAY 2013,,2,N,,3,PRURITUS,PRURITUS,HLT_0778,HLGT_0695,SKIN AND SUBCUTANEOUS TISSUE DISORDERS
710-1006,AELOG,29 JUN 2013,E08,SINUS BRADYCARDIA,29 JUN 2013,04 JUL 2013,2,N,,2,SINUS BRADYCARDIA,SINUS BRADYCARDIA,HLT_0644,HLGT_0500,CARDIAC DISORDERS
710-1006,AELOG,27 JUL 2013,E08,SINUS BRADYCARDIA,29 JUN 2013,04 JUL 2013,2,N,,2,SINUS BRADYCARDIA,SINUS BRADYCARDIA,HLT_0644,HLGT_0500,CARDIAC DISORDERS
710-1006,AELOG,10 AUG 2013,E09,FALL,08 AUG 2013,08 AUG 2013,1,N,,1,FALL,FALL,HLT_0168,HLGT_0446,"INJURY, POISONING AND PROCEDURAL COMPLICATIONS"
710-1006,AELOG,10 AUG 2013,E10,FACIAL BONES FRACTURE,08 AUG 2013,,2,N,,1,FRACTURED NOSE,FACIAL BONES FRACTURE,HLT_0305,HLGT_0585,"INJURY, POISONING AND PROCEDURAL COMPLICATIONS"
710-1006,AELOG,10 AUG 2013,E11,CONTUSION,08 AUG 2013,,1,N,,1,BRUISING OF FACE,CONTUSION,HLT_0713,HLGT_0381,"INJURY, POISONING AND PROCEDURAL COMPLICATIONS"
710-1021,AELOG,11 OCT 2013,E01,CHEST PAIN,10 OCT 2013,10 OCT 2013,1,N,,2,CHEST PAIN,CHEST PAIN,HLT_0717,HLGT_0195,GENERAL DISORDERS AND ADMINISTRATION SITE CONDITIONS
710-1021,AELOG,27 OCT 2013,E02,PRURITUS,21 OCT 2013,31 OCT 2013,2,N,,3,ITCHING,PRURITUS,HLT_0778,HLGT_0695,SKIN AND SUBCUTANEOUS TISSUE DISORDERS
710-1021,AELOG,12 NOV 2013,E02,PRURITUS,21 OCT 2013,31 OCT 2013,2,N,,3,ITCHING,PRURITUS,HLT_0778,HLGT_0695,SKIN AND SUBCUTANEOUS TISSUE DISORDERS
710-1027,AELOG,03 FEB 2014,E01,CONSTIPATION,,,1,N,,,CONSTIPATION,CONSTIPATION,HLT_0402,HLGT_0635,GASTROINTESTINAL DISORDERS
710-1027,AELOG,03 FEB 2014,E02,HEARING AID USER,,,2,N,,,HEARING AID USER,HEARING AID USER,HLT_0350,HLGT_0202,SOCIAL CIRCUMSTANCES
710-1027,AELOG,03 FEB 2014,E03,RIGHT BUNDLE BRANCH BLOCK,,,1,N,,,RIGHT BUNDLE BRANCH BLOCK,BUNDLE BRANCH BLOCK RIGHT,HLT_0751,HLGT_0597,CARDIAC DISORDERS
710-1027,AELOG,03 FEB 2014,E04,BLOCK HEART,,,1,N,,,BLOCK HEART,ATRIOVENTRICULAR BLOCK,HLT_0389,HLGT_0278,CARDIAC DISORDERS
710-1027,AELOG,23 MAY 2014,E05,HAEMOPTYSIS,09 MAY 2014,01 JUN 2014,1,N,,1,COUGHING BLOOD,HAEMOPTYSIS,HLT_0192,HLGT_0680,"RESPIRATORY, THORACIC AND MEDIASTINAL DISORDERS"
710-1027,AELOG,20 JUN 2014,E05,HAEMOPTYSIS,09 MAY 2014,01 JUN 2014,1,N,,1,COUGHING BLOOD,HAEMOPTYSIS,HLT_0192,HLGT_0680,"RESPIRATORY, THORACIC AND MEDIASTINAL DISORDERS"
710-1027,AELOG,23 MAY 2014,E06,RALES,23 MAY 2014,20 JUN 2014,1,N,,1,RALES,RALES,HLT_0020,HLGT_0410,"RESPIRATORY, THORACIC AND MEDIASTINAL DISORDERS"
710-1027,AELOG,17 JUL 2014,E06,RALES,23 MAY 2014,20 JUN 2014,1,N,,1,RALES,RALES,HLT_0020,HLGT_0410,"RESPIRATORY, THORACIC AND MEDIASTINAL DISORDERS"
710-1045,AELOG,20 MAY 2013,E01,HYPERTENSION,,,1,N,,,HYPERTENSION,HYPERTENSION,HLT_0228,HLGT_0476,VASCULAR DISORDERS
710-1045,AELOG,20 MAY 2013,E02,ASTHMA,,,1,N,,,ASTHMA,ASTHMA,HLT_0254,HLGT_0380,"RESPIRATORY, THORACIC AND MEDIASTINAL DISORDERS"
710-1045,AELOG,20 MAY 2013,E03,ARTHRITIS,,,1,N,,,ARTHRITIS,ARTHRITIS,HLT_0019,HLGT_0587,MUSCULOSKELETAL AND CONNECTIVE TISSUE DISORDERS
710-1045,AELOG,20 MAY 2013,E04,SYSTOLIC MURMUR,,,1,N,,,SYSTOLIC MURMUR,CARDIAC MURMUR,HLT_0085,HLGT_0133,INVESTIGATIONS
710-1045,AELOG,01 JUL 2013,E05,VOMITING,22 JUN 2013,22 JUN 2013,1,N,,2,VOMITING,VOMITING,HLT_0016,HLGT_0350,GASTROINTESTINAL DISORDERS
710-1045,AELOG,05 JUL 2013,E06,NASOPHARYNGITIS,02 JUL 2013,09 JUL 2013,1,N,,1,COLD SYMPTOMS,NASOPHARYNGITIS,HLT_0036,HLGT_0709,INFECTIONS AND INFESTATIONS
710-1045,AELOG,15 JUL 2013,E06,NASOPHARYNGITIS,02 JUL 2013,09 JUL 2013,1,N,,1,COLD SYMPTOMS,NASOPHARYNGITIS,HLT_0036,HLGT_0709,INFECTIONS AND INFESTATIONS
710-1045,AELOG,05 JUL 2013,E07,SKIN IRRITATION,02 JUL 2013,17 AUG 2013,1,N,,3,SKIN IRRITATION,SKIN IRRITATION,HLT_0583,HLGT_0384,SKIN AND SUBCUTANEOUS TISSUE DISORDERS
710-1045,AELOG,08 SEP 2013,E07,SKIN IRRITATION,02 JUL 2013,17 AUG 2013,1,N,,3,SKIN IRRITATION,SKIN IRRITATION,HLT_0583,HLGT_0384,SKIN AND SUBCUTANEOUS TISSUE DISORDERS
710-1045,AELOG,05 JUL 2013,E08,PRURITUS,02 JUL 2013,17 AUG 2013,1,N,,3,ITCHING,PRURITUS,HLT_0778,HLGT_0695,SKIN AND SUBCUTANEOUS TISSUE DISORDERS
710-1045,AELOG,08 SEP 2013,E08,PRURITUS,02 JUL 2013,17 AUG 2013,1,N,,3,ITCHING,PRURITUS,HLT_0778,HLGT_0695,SKIN AND SUBCUTANEOUS TISSUE DISORDERS
710-1045,AELOG,29 JUL 2013,E09,RASH,22 JUL 2013,17 AUG 2013,1,N,,3,RASH,RASH,HLT_0762,HLGT_0198,SKIN AND SUBCUTANEOUS TISSUE DISORDERS
710-1045,AELOG,08 SEP 2013,E09,RASH,22 JUL 2013,17 AUG 2013,1,N,,3,RASH,RASH,HLT_0762,HLGT_0198,SKIN AND SUBCUTANEOUS TISSUE DISORDERS
710-1045,AELOG,17 AUG 2013,E10,ERYTHEMA,03 AUG 2013,17 AUG 2013,1,N,,3,ERYTHEMA,ERYTHEMA,HLT_0284,HLGT_0192,SKIN AND SUBCUTANEOUS TISSUE DISORDERS
710-1045,AELOG,08 SEP 2013,E10,ERYTHEMA,03 AUG 2013,17 AUG 2013,1,N,,3,ERYTHEMA,ERYTHEMA,HLT_0284,HLGT_0192,SKIN AND SUBCUTANEOUS TISSUE DISORDERS
710-1045,AELOG,17 AUG 2013,E11,SKIN EXFOLIATION,13 AUG 2013,17 AUG 2013,2,N,,3,SKIN PEELING,SKIN EXFOLIATION,HLT_0236,HLGT_0726,SKIN AND SUBCUTANEOUS TISSUE DISORDERS
710-1045,AELOG,08 SEP 2013,E11,SKIN EXFOLIATION,13 AUG 2013,17 AUG 2013,2,N,,3,SKIN PEELING,SKIN EXFOLIATION,HLT_0236,HLGT_0726,SKIN AND SUBCUTANEOUS TISSUE DISORDERS
710-1053,AELOG,15 DEC 2012,E01,HYPOTHYROIDISM,,,1,N,,,HYPOTHYROIDISM,HYPOTHYROIDISM,HLT_0454,HLGT_0558,ENDOCRINE DISORDERS
710-1053,AELOG,15 DEC 2012,E02,DISORDER CIRCULATORY SYSTEM,,,1,N,,,DISORDER CIRCULATORY SYSTEM,CARDIOVASCULAR DISORDER,HLT_0449,HLGT_0148,CARDIAC DISORDERS
710-1053,AELOG,06 FEB 2013,E03,PRURITUS,28 JAN 2013,11 FEB 2013,2,N,,3,ITCHING,PRURITUS,HLT_0778,HLGT_0695,SKIN AND SUBCUTANEOUS TISSUE DISORDERS
710-1053,AELOG,15 FEB 2013,E03,PRURITUS,28 JAN 2013,11 FEB 2013,2,N,,3,ITCHING,PRURITUS,HLT_0778,HLGT_0695,SKIN AND SUBCUTANEOUS TISSUE DISORDERS
710-1053,AELOG,06 FEB 2013,E04,RASH,28 JAN 2013,11 FEB 2013,2,N,,3,RASH,RASH,HLT_0762,HLGT_0198,SKIN AND SUBCUTANEOUS TISSUE DISORDERS
710-1053,AELOG,15 FEB 2013,E04,RASH,28 JAN 2013,11 FEB 2013,2,N,,3,RASH,RASH,HLT_0762,HLGT_0198,SKIN AND SUBCUTANEOUS TISSUE DISORDERS
710-1060,AELOG,24 DEC 2012,E01,GLAUCOMA,,,1,N,,,GLAUCOMA,GLAUCOMA,HLT_0556,HLGT_0734,EYE DISORDERS
710-1060,AELOG,24 DEC 2012,E02,HYPERTENSION,,,1,N,,,HYPERTENSION,HYPERTENSION,HLT_0228,HLGT_0476,VASCULAR DISORDERS
710-1060,AELOG,24 DEC 2012,E03,SPINAL STENOSIS NOS,,,1,N,,,SPINAL STENOSIS NOS,SPINAL COLUMN STENOSIS,HLT_0665,HLGT_0375,MUSCULOSKELETAL AND CONNECTIVE TISSUE DISORDERS
710-1060,AELOG,15 JAN 2013,E04,INSOMNIA,04 JAN 2013,15 JAN 2013,1,N,,1,DIFFICULTY SLEEPING,INSOMNIA,HLT_0297,HLGT_0469,PSYCHIATRIC DISORDERS
710-1060,AELOG,01 FEB 2013,E04,INSOMNIA,04 JAN 2013,15 JAN 2013,1,N,,1,DIFFICULTY SLEEPING,INSOMNIA,HLT_0297,HLGT_0469,PSYCHIATRIC DISORDERS
710-1060,AELOG,15 JAN 2013,E05,NASAL CONGESTION,02 JAN 2013,02 JAN 2013,1,N,,1,NASAL CONGESTION,NASAL CONGESTION,HLT_0118,HLGT_0549,"RESPIRATORY, THORACIC AND MEDIASTINAL DISORDERS"
710-1060,AELOG,01 FEB 2013,E06,APPLICATION SITE PRURITUS,23 JAN 2013,23 JAN 2013,1,N,,3,APPLICATION SITE ITCHING,APPLICATION SITE PRURITUS,HLT_0317,HLGT_0338,GENERAL DISORDERS AND ADMINISTRATION SITE CONDITIONS
710-1060,AELOG,01 FEB 2013,E07,APPLICATION SITE INDURATION,21 JAN 2013,21 JAN 2013,1,N,,3,APPLICATION SITE INDURATION,APPLICATION SITE INDURATION,HLT_0696,HLGT_0715,GENERAL DISORDERS AND ADMINISTRATION SITE CONDITIONS
710-1060,AELOG,01 FEB 2013,E08,APPLICATION SITE PRURITUS,31 JAN 2013,31 JAN 2013,1,N,,3,APPLICATION SITE ITCHING,APPLICATION SITE PRURITUS,HLT_0317,HLGT_0338,GENERAL DISORDERS AND ADMINISTRATION SITE CONDITIONS
710-1060,AELOG,12 FEB 2013,E09,FALL,08 FEB 2013,08 FEB 2013,1,N,,1,FALLING DOWN,FALL,HLT_0168,HLGT_0446,"INJURY, POISONING AND PROCEDURAL COMPLICATIONS"
710-1060,AELOG,12 FEB 2013,E10,FALL,09 FEB 2013,09 FEB 2013,1,N,,1,FALLING DOWN,FALL,HLT_0168,HLGT_0446,"INJURY, POISONING AND PROCEDURAL COMPLICATIONS"
710-1070,AELOG,28 AUG 2012,E01,HEARING AID USER,,,1,N,,,HEARING AID USER,HEARING AID USER,HLT_0350,HLGT_0202,SOCIAL CIRCUMSTANCES
710-1070,AELOG,28 AUG 2012,E02,KYPHOSCOLIOSIS,,,1,N,,,KYPHOSCOLIOSIS,KYPHOSCOLIOSIS,HLT_0169,HLGT_0115,MUSCULOSKELETAL AND CONNECTIVE TISSUE DISORDERS
710-1070,AELOG,28 AUG 2012,E03,LEFT ATRIAL HYPERTROPHY,,,1,N,,,LEFT ATRIAL HYPERTROPHY,ATRIAL HYPERTROPHY,HLT_0271,HLGT_0067,CARDIAC DISORDERS
710-1070,AELOG,28 AUG 2012,E04,LEFT VENTRICULAR HYPERTROPHY,,,1,N,,,LEFT VENTRICULAR HYPERTROPHY,VENTRICULAR HYPERTROPHY,HLT_0104,HLGT_0259,CARDIAC DISORDERS
710-1070,AELOG,28 AUG 2012,E05,SYSTOLIC MURMUR,,,1,N,,,SYSTOLIC MURMUR,CARDIAC MURMUR,HLT_0085,HLGT_0133,INVESTIGATIONS
710-1070,AELOG,28 AUG 2012,E06,ST SEGMENT DEPRESSED,,,1,N,,,ST SEGMENT DEPRESSED,ELECTROCARDIOGRAM ST SEGMENT DEPRESSION,HLT_0610,HLGT_0220,INVESTIGATIONS
710-1070,AELOG,28 AUG 2012,E07,INVERTED T WAVES,,,1,N,,,INVERTED T WAVES,ELECTROCARDIOGRAM T WAVE INVERSION,HLT_0289,HLGT_0130,INVESTIGATIONS
710-1070,AELOG,06 OCT 2012,E08,SUPRAVENTRICULAR EXTRASYSTOLES,06 OCT 2012,,1,N,,3,PREMATURE ATRIAL CONTRACTION,SUPRAVENTRICULAR EXTRASYSTOLES,HLT_0188,HLGT_0279,CARDIAC DISORDERS
710-1070,AELOG,28 DEC 2012,E09,PRURITUS,12 DEC 2012,,1,N,,4,ITCHY,PRURITUS,HLT_0778,HLGT_0695,SKIN AND SUBCUTANEOUS TISSUE DISORDERS
710-1070,AELOG,28 DEC 2012,E10,ERYTHEMA,12 DEC 2012,,1,N,,4,ERYTHEMA,ERYTHEMA,HLT_0284,HLGT_0192,SKIN AND SUBCUTANEOUS TISSUE DISORDERS
710-1070,AELOG,28 DEC 2012,E11,RASH,12 DEC 2012,,1,N,,4,RASH,RASH,HLT_0762,HLGT_0198,SKIN AND SUBCUTANEOUS TISSUE DISORDERS
710-1070,AELOG,23 FEB 2013,E12,HIP FRACTURE,22 JAN 2013,25 JAN 2013,3,N,4,1,HIP FRACTURE,HIP FRACTURE,HLT_0097,HLGT_0131,"INJURY, POISONING AND PROCEDURAL COMPLICATIONS"
710-1070,AELOG,23 FEB 2013,E13,GASTROINTESTINAL HAEMORRHAGE,05 FEB 2013,10 FEB 2013,3,N,4,1,GI BLEED,GASTROINTESTINAL HAEMORRHAGE,HLT_0354,HLGT_0020,GASTROINTESTINAL DISORDERS
710-1077,AELOG,03 NOV 2013,E01,ARTHRITIS,,,2,N,,,ARTHRITIS,ARTHRITIS,HLT_0019,HLGT_0587,MUSCULOSKELETAL AND CONNECTIVE TISSUE DISORDERS
710-1077,AELOG,06 APR 2014,E01,ARTHRITIS,UN UNK 1977,,3,N,,1,ARTHRITIS,ARTHRITIS,HLT_0019,HLGT_0587,MUSCULOSKELETAL AND CONNECTIVE TISSUE DISORDERS
710-1077,AELOG,03 MAY 2014,E01,ARTHRITIS,UN UNK 1977,,2,N,,1,ARTHRITIS,ARTHRITIS,HLT_0019,HLGT_0587,MUSCULOSKELETAL AND CONNECTIVE TISSUE DISORDERS
710-1077,AELOG,03 NOV 2013,E02,VERTIGO,,,1,N,,,VERTIGO,VERTIGO,HLT_0255,HLGT_0147,EAR AND LABYRINTH DISORDERS
710-1077,AELOG,03 NOV 2013,E03,HYPOTHYROIDISM,,,1,N,,,HYPOTHYROIDISM,HYPOTHYROIDISM,HLT_0454,HLGT_0558,ENDOCRINE DISORDERS
710-1077,AELOG,15 DEC 2013,E04,APPLICATION SITE DERMATITIS,12 DEC 2013,12 DEC 2013,1,N,,3,APPLICATION SITE RASH,APPLICATION SITE DERMATITIS,HLT_0343,HLGT_0241,GENERAL DISORDERS AND ADMINISTRATION SITE CONDITIONS
710-1077,AELOG,30 DEC 2013,E05,SKIN IRRITATION,27 DEC 2013,,1,N,,3,SKIN IRRITATION,SKIN IRRITATION,HLT_0583,HLGT_0384,SKIN AND SUBCUTANEOUS TISSUE DISORDERS
710-1077,AELOG,12 JAN 2014,E06,AGITATION,12 JAN 2014,,1,N,,2,AGITATION,AGITATION,HLT_0140,HLGT_0170,PSYCHIATRIC DISORDERS
710-1078,AELOG,06 SEP 2013,E01,HYPERTENSION,,,1,N,,,HYPERTENSION,HYPERTENSION,HLT_0228,HLGT_0476,VASCULAR DISORDERS
710-1078,AELOG,06 SEP 2013,E02,ARTHRITIS,,,1,N,,,ARTHRITIS,ARTHRITIS,HLT_0019,HLGT_0587,MUSCULOSKELETAL AND CONNECTIVE TISSUE DISORDERS
710-1083,AELOG,09 JUL 2013,E01,ARTHRITIS,,,1,N,,,ARTHRITIS,ARTHRITIS,HLT_0019,HLGT_0587,MUSCULOSKELETAL AND CONNECTIVE TISSUE DISORDERS
710-1083,AELOG,09 JUL 2013,E02,CARDIAC PACEMAKER INSERTION,,,1,N,,,CARDIAC PACEMAKER INSERTION,CARDIAC PACEMAKER INSERTION,HLT_0474,HLGT_0501,SURGICAL AND MEDICAL PROCEDURES
710-1083,AELOG,09 JUL 2013,E03,FIRST DEGREE ATRIOVENTRICULAR BLOCK,,,1,N,,,FIRST DEGREE ATRIOVENTRICULAR BLOCK,ATRIOVENTRICULAR BLOCK FIRST DEGREE,HLT_0419,HLGT_0464,CARDIAC DISORDERS
710-1083,AELOG,03 AUG 2013,E04,MYOCARDIAL INFARCTION,02 AUG 2013,02 AUG 2013,3,N,"1,2,4",3,MYOCARDIAL INFARCT,MYOCARDIAL INFARCTION,HLT_0649,HLGT_0688,CARDIAC DISORDERS
710-1137,AELOG,03 OCT 2013,E01,HYPERTENSION,,,1,N,,,HYPERTENSION,HYPERTENSION,HLT_0228,HLGT_0476,VASCULAR DISORDERS
710-1137,AELOG,03 OCT 2013,E02,ANGINA PECTORIS,,,1,N,,,ANGINA PECTORIS,ANGINA PECTORIS,HLT_0033,HLGT_0063,CARDIAC DISORDERS
710-1137,AELOG,03 OCT 2013,E03,MENOPAUSE,,,1,N,,,MENOPAUSE,MENOPAUSE,HLT_0723,HLGT_0632,SOCIAL CIRCUMSTANCES
710-1137,AELOG,25 OCT 2013,E04,PRURITUS,13 OCT 2013,,1,N,,3,ITCHING,PRURITUS,HLT_0778,HLGT_0695,SKIN AND SUBCUTANEOUS TISSUE DISORDERS
710-1137,AELOG,25 OCT 2013,E05,ERYTHEMA,13 OCT 2013,,1,N,,3,REDNESS,ERYTHEMA,HLT_0284,HLGT_0192,SKIN AND SUBCUTANEOUS TISSUE DISORDERS
710-1137,AELOG,08 NOV 2013,E06,VERTIGO,04 NOV 2013,,2,N,,3,VERTIGO,VERTIGO,HLT_0255,HLGT_0147,EAR AND LABYRINTH DISORDERS
710-1137,AELOG,13 NOV 2013,E07,HEADACHE,13 NOV 2013,,1,N,,2,HEADACHE,HEADACHE,HLT_0064,HLGT_0344,NERVOUS SYSTEM DISORDERS
710-1142,AELOG,12 SEP 2012,E01,HEARING AID USER,,,2,N,,,HEARING AID USER,HEARING AID USER,HLT_0350,HLGT_0202,SOCIAL CIRCUMSTANCES
710-1142,AELOG,16 OCT 2012,E02,DIZZINESS,04 OCT 2012,06 OCT 2012,2,N,,2,DIZZINESS,DIZZINESS,HLT_0619,HLGT_0751,NERVOUS SYSTEM DISORDERS
710-1142,AELOG,16 OCT 2012,E03,HEADACHE,04 OCT 2012,06 OCT 2012,1,N,,2,HEADACHE,HEADACHE,HLT_0064,HLGT_0344,NERVOUS SYSTEM DISORDERS
710-1142,AELOG,12 SEP 2012,E04,ARTHRITIS,,,1,N,,,ARTHRITIS,ARTHRITIS,HLT_0019,HLGT_0587,MUSCULOSKELETAL AND CONNECTIVE TISSUE DISORDERS
710-1142,AELOG,23 OCT 2012,E05,MYOCARDIAL INFARCTION,19 OCT 2012,19 OCT 2012,2,N,4,3,MYOCARDIAL INFARCTION,MYOCARDIAL INFARCTION,HLT_0649,HLGT_0688,CARDIAC DISORDERS
710-1142,AELOG,23 OCT 2012,E06,SYNCOPE VASOVAGAL,19 OCT 2012,19 OCT 2012,2,N,,3,SYNCOPE VASOVAGAL,SYNCOPE VASOVAGAL,HLT_0003,HLGT_0687,NERVOUS SYSTEM DISORDERS
710-1142,AELOG,16 OCT 2012,E07,NAUSEA,14 OCT 2012,14 OCT 2012,1,N,,1,NAUSEA,NAUSEA,HLT_0742,HLGT_0326,GASTROINTESTINAL DISORDERS
710-1154,AELOG,08 MAR 2014,E01,CARDIAC PACEMAKER INSERTION,,,1,N,,,CARDIAC PACEMAKER INSERTION,CARDIAC PACEMAKER INSERTION,HLT_0474,HLGT_0501,SURGICAL AND MEDICAL PROCEDURES
710-1154,AELOG,08 MAR 2014,E02,BRADYCARDIA,,,1,N,,,BRADYCARDIA,BRADYCARDIA,HLT_0640,HLGT_0294,CARDIAC DISORDERS
710-1154,AELOG,08 MAR 2014,E03,HYPERTENSION,,,1,N,,,HYPERTENSION,HYPERTENSION,HLT_0228,HLGT_0476,VASCULAR DISORDERS
710-1154,AELOG,25 APR 2014,E04,SKIN IRRITATION,18 APR 2014,,2,N,,3,SKIN IRRITATION,SKIN IRRITATION,HLT_0583,HLGT_0384,SKIN AND SUBCUTANEOUS TISSUE DISORDERS
710-1154,AELOG,09 MAY 2014,E04,SKIN IRRITATION,18 APR 2014,,3,N,,3,SKIN IRRITATION,SKIN IRRITATION,HLT_0583,HLGT_0384,SKIN AND SUBCUTANEOUS TISSUE DISORDERS
710-1166,AELOG,10 NOV 2012,E01,ILEOSTOMY,,,1,N,,,ILEOSTOMY,ILEOSTOMY,HLT_0165,HLGT_0640,SURGICAL AND MEDICAL PROCEDURES
710-1166,AELOG,10 NOV 2012,E02,ARTHRITIS,,,1,N,,,ARTHRITIS,ARTHRITIS,HLT_0019,HLGT_0587,MUSCULOSKELETAL AND CONNECTIVE TISSUE DISORDERS
710-1166,AELOG,10 NOV 2012,E04,MYOCARDIAL INFARCTION OLD,,,1,N,,,MYOCARDIAL INFARCTION OLD,MYOCARDIAL INFARCTION,HLT_0649,HLGT_0688,CARDIAC DISORDERS
710-1166,AELOG,30 MAR 2013,E05,FALL,19 MAR 2013,19 MAR 2013,2,N,,3,FALL,FALL,HLT_0168,HLGT_0446,"INJURY, POISONING AND PROCEDURAL COMPLICATIONS"
710-1166,AELOG,30 MAR 2013,E06,SKIN LACERATION,19 MAR 2013,19 MAR 2013,2,N,,3,LACERATION OF HEAD,SKIN LACERATION,HLT_0075,HLGT_0118,"INJURY, POISONING AND PROCEDURAL COMPLICATIONS"
710-1166,AELOG,30 MAR 2013,E07,SYNCOPE,19 MAR 2013,19 MAR 2013,2,N,,3,SYNCOPE,SYNCOPE,HLT_0440,HLGT_0310,NERVOUS SYSTEM DISORDERS
710-1166,AELOG,30 MAR 2013,E08,SYNCOPE,20 MAR 2013,20 MAR 2013,2,N,4,3,SYNCOPE,SYNCOPE,HLT_0440,HLGT_0310,NERVOUS SYSTEM DISORDERS
710-1166,AELOG,30 MAR 2013,E09,COMPLEX PARTIAL SEIZURES,19 MAR 2013,20 MAR 2013,2,N,4,3,COMPLEX PARTIAL SEIZURES,COMPLEX PARTIAL SEIZURES,HLT_0558,HLGT_0656,NERVOUS SYSTEM DISORDERS
710-1183,AELOG,24 OCT 2013,E01,ARTHRITIS,,,1,N,,,ARTHRITIS,ARTHRITIS,HLT_0019,HLGT_0587,MUSCULOSKELETAL AND CONNECTIVE TISSUE DISORDERS
710-1183,AELOG,24 OCT 2013,E02,DRY RALE,,,1,N,,,DRY RALE,RALES,HLT_0020,HLGT_0410,"RESPIRATORY, THORACIC AND MEDIASTINAL DISORDERS"
710-1183,AELOG,24 OCT 2013,E03,SYSTOLIC MURMUR,,,1,N,,,SYSTOLIC MURMUR,CARDIAC MURMUR,HLT_0085,HLGT_0133,INVESTIGATIONS
710-1183,AELOG,24 OCT 2013,E04,LEG EDEMA,,,1,N,,,LEG EDEMA,OEDEMA PERIPHERAL,HLT_0661,HLGT_0137,GENERAL DISORDERS AND ADMINISTRATION SITE CONDITIONS
710-1183,AELOG,24 OCT 2013,E05,ANTALGIC GAIT,,,1,N,,,ANTALGIC GAIT,GAIT DISTURBANCE,HLT_0175,HLGT_0694,GENERAL DISORDERS AND ADMINISTRATION SITE CONDITIONS
710-1183,AELOG,24 OCT 2013,E06,HEMATURIA,,,1,N,,,HEMATURIA,HAEMATURIA,HLT_0091,HLGT_0686,RENAL AND URINARY DISORDERS
710-1183,AELOG,10 MAR 2014,E07,SINUS BRADYCARDIA,10 MAR 2014,,2,N,,3,SINUS BRADYCARDIA,SINUS BRADYCARDIA,HLT_0644,HLGT_0500,CARDIAC DISORDERS
710-1183,AELOG,10 MAR 2014,E08,ATRIOVENTRICULAR BLOCK FIRST DEGREE,10 MAR 2014,,1,N,,3,FIRST DEGREE ATRIOVENTRICULAR BLOCK,ATRIOVENTRICULAR BLOCK FIRST DEGREE,HLT_0419,HLGT_0464,CARDIAC DISORDERS
710-1187,AELOG,26 OCT 2012,E01,HYPERTENSION,,,1,N,,,HYPERTENSION,HYPERTENSION,HLT_0228,HLGT_0476,VASCULAR DISORDERS
710-1187,AELOG,26 OCT 2012,E02,DIABETES,,,1,N,,,DIABETES,DIABETES MELLITUS,HLT_0447,HLGT_0572,METABOLISM AND NUTRITION DISORDERS
710-1187,AELOG,23 DEC 2012,E03,APPLICATION SITE IRRITATION,23 DEC 2012,,1,N,,3,APPLICATION SITE IRRITATION,APPLICATION SITE IRRITATION,HLT_0061,HLGT_0346,GENERAL DISORDERS AND ADMINISTRATION SITE CONDITIONS
710-1235,AELOG,19 DEC 2012,E01,COUGH,22 NOV 2012,14 DEC 2012,2,N,,1,COUGH,COUGH,HLT_0701,HLGT_0280,"RESPIRATORY, THORACIC AND MEDIASTINAL DISORDERS"
710-1235,AELOG,15 JAN 2013,E02,SHOULDER PAIN,13 JAN 2013,,1,N,,1,SHOULDER PAIN,SHOULDER PAIN,HLT_0527,HLGT_0288,MUSCULOSKELETAL AND CONNECTIVE TISSUE DISORDERS
710-1235,AELOG,12 FEB 2013,E03,APPLICATION SITE PRURITUS,29 JAN 2013,,1,N,,3,APPLICATION SITE ITCHING,APPLICATION SITE PRURITUS,HLT_0317,HLGT_0338,GENERAL DISORDERS AND ADMINISTRATION SITE CONDITIONS
710-1235,AELOG,13 SEP 2012,E04,CANE USER,,,1,N,,,CANE USER,WALKING AID USER,HLT_0620,HLGT_0535,SOCIAL CIRCUMSTANCES
710-1235,AELOG,13 SEP 2012,E05,LUNG NODULE,,,1,N,,,LUNG NODULE,LUNG NEOPLASM,HLT_0483,HLGT_0364,"NEOPLASMS BENIGN, MALIGNANT AND UNSPECIFIED (INCL CYSTS AND POLYPS)"
710-1249,AELOG,19 DEC 2013,E01,DIABETES,,,1,N,,,DIABETES,DIABETES MELLITUS,HLT_0447,HLGT_0572,METABOLISM AND NUTRITION DISORDERS
710-1249,AELOG,19 DEC 2013,E02,HYPERTENSION,,,1,N,,,HYPERTENSION,HYPERTENSION,HLT_0228,HLGT_0476,VASCULAR DISORDERS
710-1249,AELOG,19 DEC 2013,E03,HYPOTHYROIDISM,,,1,N,,,HYPOTHYROIDISM,HYPOTHYROIDISM,HLT_0454,HLGT_0558,ENDOCRINE DISORDERS
710-1249,AELOG,19 DEC 2013,E04,SYSTOLIC MURMUR,,,1,N,,,SYSTOLIC MURMUR,CARDIAC MURMUR,HLT_0085,HLGT_0133,INVESTIGATIONS
710-1249,AELOG,22 FEB 2014,E05,PRURITUS,11 FEB 2014,11 FEB 2014,1,N,,3,ITCHY,PRURITUS,HLT_0778,HLGT_0695,SKIN AND SUBCUTANEOUS TISSUE DISORDERS
710-1249,AELOG,22 FEB 2014,E06,PRURITUS,18 FEB 2014,18 FEB 2014,1,N,,3,ITCHY,PRURITUS,HLT_0778,HLGT_0695,SKIN AND SUBCUTANEOUS TISSUE DISORDERS
710-1249,AELOG,22 MAR 2014,E07,ERYTHEMA,23 FEB 2014,,1,N,,3,ERYTHEMA,ERYTHEMA,HLT_0284,HLGT_0192,SKIN AND SUBCUTANEOUS TISSUE DISORDERS
710-1249,AELOG,17 MAY 2014,E08,PRURITUS,24 APR 2014,,2,N,,3,PRURITUS,PRURITUS,HLT_0778,HLGT_0695,SKIN AND SUBCUTANEOUS TISSUE DISORDERS
710-1264,AELOG,02 JUN 2013,E01,BACKACHE,,,1,N,,,BACKACHE,BACK PAIN,HLT_0115,HLGT_0508,MUSCULOSKELETAL AND CONNECTIVE TISSUE DISORDERS
710-1264,AELOG,02 JUN 2013,E02,REFLEXES DECREASED,,,1,N,,,REFLEXES DECREASED,HYPOREFLEXIA,HLT_0371,HLGT_0090,NERVOUS SYSTEM DISORDERS
710-1264,AELOG,02 JUN 2013,E03,REFLEXES DECREASED,,,1,N,,,REFLEXES DECREASED,HYPOREFLEXIA,HLT_0371,HLGT_0090,NERVOUS SYSTEM DISORDERS
710-1264,AELOG,02 JUN 2013,E04,ABSENT ANKLE JERK,,,1,N,,,ABSENT ANKLE JERK,AREFLEXIA,HLT_0451,HLGT_0516,NERVOUS SYSTEM DISORDERS
710-1264,AELOG,03 SEP 2013,E05,PRURITUS,21 AUG 2013,,1,N,,3,PRURITUS,PRURITUS,HLT_0778,HLGT_0695,SKIN AND SUBCUTANEOUS TISSUE DISORDERS
710-1264,AELOG,03 SEP 2013,E06,RASH,21 AUG 2013,,1,N,,3,RASH,RASH,HLT_0762,HLGT_0198,SKIN AND SUBCUTANEOUS TISSUE DISORDERS
710-1264,AELOG,01 OCT 2013,E07,COLD SWEAT,29 SEP 2013,29 SEP 2013,2,N,,3,COLD SWEAT,COLD SWEAT,HLT_0124,HLGT_0208,SKIN AND SUBCUTANEOUS TISSUE DISORDERS
710-1264,AELOG,12 OCT 2013,E08,COLD SWEAT,09 OCT 2013,09 OCT 2013,2,N,,3,COLD SWEAT,COLD SWEAT,HLT_0124,HLGT_0208,SKIN AND SUBCUTANEOUS TISSUE DISORDERS
710-1264,AELOG,12 OCT 2013,E09,CHILLS,09 OCT 2013,09 OCT 2013,2,N,,3,CHILLS,CHILLS,HLT_0586,HLGT_0161,GENERAL DISORDERS AND ADMINISTRATION SITE CONDITIONS
710-1264,AELOG,12 OCT 2013,E10,COLD SWEAT,11 OCT 2013,11 OCT 2013,2,N,,3,COLD SWEAT,COLD SWEAT,HLT_0124,HLGT_0208,SKIN AND SUBCUTANEOUS TISSUE DISORDERS
710-1264,AELOG,12 OCT 2013,E11,CHILLS,11 OCT 2013,11 OCT 2013,2,N,,3,CHILLS,CHILLS,HLT_0586,HLGT_0161,GENERAL DISORDERS AND ADMINISTRATION SITE CONDITIONS
710-1264,AELOG,01 OCT 2013,E12,CHILLS,29 SEP 2013,29 SEP 2013,2,N,,3,CHILLS,CHILLS,HLT_0586,HLGT_0161,GENERAL DISORDERS AND ADMINISTRATION SITE CONDITIONS
710-1264,AELOG,11 JUL 2013,E13,DIARRHOEA,03 JUL 2013,05 JUL 2013,1,N,,3,DIARRHEA,DIARRHOEA,HLT_0148,HLGT_0588,GASTROINTESTINAL DISORDERS
710-1270,AELOG,01 FEB 2014,E01,HYPERTENSION,,,1,N,,,HYPERTENSION,HYPERTENSION,HLT_0228,HLGT_0476,VASCULAR DISORDERS
710-1270,AELOG,01 FEB 2014,E02,ARTHRITIS,,,1,N,,,ARTHRITIS,ARTHRITIS,HLT_0019,HLGT_0587,MUSCULOSKELETAL AND CONNECTIVE TISSUE DISORDERS
710-1270,AELOG,01 FEB 2014,E03,DIVERTICULOSIS,,,1,N,,,DIVERTICULOSIS,DIVERTICULUM,HLT_0069,HLGT_0141,GASTROINTESTINAL DISORDERS
710-1270,AELOG,01 MAR 2014,E04,ERYTHEMA,23 FEB 2014,,2,N,,3,ERYTHEMA,ERYTHEMA,HLT_0284,HLGT_0192,SKIN AND SUBCUTANEOUS TISSUE DISORDERS
710-1270,AELOG,01 MAR 2014,E05,PRURITUS,23 FEB 2014,,2,N,,3,ITCHING,PRURITUS,HLT_0778,HLGT_0695,SKIN AND SUBCUTANEOUS TISSUE DISORDERS
710-1271,AELOG,04 SEP 2012,E01,GLAUCOMA,,,1,N,,,GLAUCOMA,GLAUCOMA,HLT_0556,HLGT_0734,EYE DISORDERS
710-1271,AELOG,04 SEP 2012,E02,GANGLION,,,1,N,,,GANGLION,GANGLION,HLT_0674,HLGT_0046,MUSCULOSKELETAL AND CONNECTIVE TISSUE DISORDERS
710-1271,AELOG,04 SEP 2012,E03,MYOCARDIAL INFARCTION OLD,,,1,N,,,MYOCARDIAL INFARCTION OLD,MYOCARDIAL INFARCTION,HLT_0649,HLGT_0688,CARDIAC DISORDERS
710-1271,AELOG,02 DEC 2012,E04,DYSPNOEA,21 NOV 2012,21 NOV 2012,2,N,4,3,SHORTNESS OF BREATH,DYSPNOEA,HLT_0296,HLGT_0255,"RESPIRATORY, THORACIC AND MEDIASTINAL DISORDERS"
710-1271,AELOG,02 DEC 2012,E05,MYOCARDIAL INFARCTION,21 NOV 2012,21 NOV 2012,3,N,"2,4",3,MYOCARDIAL INFARCT,MYOCARDIAL INFARCTION,HLT_0649,HLGT_0688,CARDIAC DISORDERS
710-1271,AELOG,02 DEC 2012,E06,CARDIAC FAILURE CONGESTIVE,22 NOV 2012,,2,N,"2,4",3,CONGESTIVE HEART FAILURE,CARDIAC FAILURE CONGESTIVE,HLT_0511,HLGT_0413,CARDIAC DISORDERS
710-1271,AELOG,02 DEC 2012,E07,ATRIAL FIBRILLATION,21 NOV 2012,26 NOV 2012,2,N,"2,4",3,PAROXYSMAL ATRIAL FIBRILLATION,ATRIAL FIBRILLATION,HLT_0365,HLGT_0012,CARDIAC DISORDERS
710-1271,AELOG,02 DEC 2012,E08,HYPONATRAEMIA,22 NOV 2012,26 NOV 2012,2,N,4,2,HYPONATREMIA,HYPONATRAEMIA,HLT_0688,HLGT_0102,METABOLISM AND NUTRITION DISORDERS
710-1278,AELOG,24 JAN 2013,E01,SOMNOLENCE,13 JAN 2013,19 JAN 2013,1,N,,2,DROWSINESS,SOMNOLENCE,HLT_0160,HLGT_0254,NERVOUS SYSTEM DISORDERS
710-1278,AELOG,21 FEB 2013,E02,RASH,07 FEB 2013,03 MAR 2013,1,N,,3,RASH,RASH,HLT_0762,HLGT_0198,SKIN AND SUBCUTANEOUS TISSUE DISORDERS
710-1278,AELOG,10 MAR 2013,E02,RASH,07 FEB 2013,03 MAR 2013,1,N,,3,RASH,RASH,HLT_0762,HLGT_0198,SKIN AND SUBCUTANEOUS TISSUE DISORDERS
710-1278,AELOG,03 MAR 2013,E03,APPLICATION SITE ERYTHEMA,24 FEB 2013,03 MAR 2013,1,N,,3,APPLICATION SITE ERYTHEMA,APPLICATION SITE ERYTHEMA,HLT_0617,HLGT_0152,GENERAL DISORDERS AND ADMINISTRATION SITE CONDITIONS
710-1278,AELOG,10 MAR 2013,E03,APPLICATION SITE ERYTHEMA,24 FEB 2013,03 MAR 2013,1,N,,3,APPLICATION SITE ERYTHEMA,APPLICATION SITE ERYTHEMA,HLT_0617,HLGT_0152,GENERAL DISORDERS AND ADMINISTRATION SITE CONDITIONS
710-1278,AELOG,03 MAR 2013,E04,BURNING SENSATION,24 FEB 2013,26 FEB 2013,2,N,,3,BURNING SENSATION,BURNING SENSATION,HLT_0775,HLGT_0456,NERVOUS SYSTEM DISORDERS
710-1278,AELOG,03 MAR 2013,E05,VOMITING,02 MAR 2013,02 MAR 2013,1,N,,2,VOMITING,VOMITING,HLT_0016,HLGT_0350,GASTROINTESTINAL DISORDERS
710-1300,AELOG,04 DEC 2012,E01,BRUISING OF LEG,,,1,N,,,BRUISING OF LEG,CONTUSION,HLT_0713,HLGT_0381,"INJURY, POISONING AND PROCEDURAL COMPLICATIONS"
710-1300,AELOG,11 FEB 2013,E02,PRURITUS,31 JAN 2013,,2,N,,3,ITCHING,PRURITUS,HLT_0778,HLGT_0695,SKIN AND SUBCUTANEOUS TISSUE DISORDERS
710-1300,AELOG,11 FEB 2013,E03,ERYTHEMA,10 FEB 2013,,2,N,,3,ERYTHEMA,ERYTHEMA,HLT_0284,HLGT_0192,SKIN AND SUBCUTANEOUS TISSUE DISORDERS
710-1300,AELOG,11 FEB 2013,E04,BLISTER,10 FEB 2013,,2,N,,3,BLISTERS,BLISTER,HLT_0752,HLGT_0267,SKIN AND SUBCUTANEOUS TISSUE DISORDERS
710-1300,AELOG,19 FEB 2013,E05,APPLICATION SITE IRRITATION,13 FEB 2013,,1,N,,3,APPLICATION SITE BURNING,APPLICATION SITE IRRITATION,HLT_0061,HLGT_0346,GENERAL DISORDERS AND ADMINISTRATION SITE CONDITIONS
710-1314,AELOG,23 MAY 2013,E01,NASOPHARYNGITIS,20 MAY 2013,24 MAY 2013,1,N,,1,COMMON COLD,NASOPHARYNGITIS,HLT_0036,HLGT_0709,INFECTIONS AND INFESTATIONS
710-1314,AELOG,25 MAY 2013,E01,NASOPHARYNGITIS,20 MAY 2013,24 MAY 2013,1,N,,1,COMMON COLD,NASOPHARYNGITIS,HLT_0036,HLGT_0709,INFECTIONS AND INFESTATIONS
710-1315,AELOG,12 FEB 2013,E01,HYPERTENSION,,,1,N,,,HYPERTENSION,HYPERTENSION,HLT_0228,HLGT_0476,VASCULAR DISORDERS
710-1315,AELOG,27 FEB 2013,E02,HEADACHE,26 FEB 2013,26 FEB 2013,1,N,,2,HEADACHE,HEADACHE,HLT_0064,HLGT_0344,NERVOUS SYSTEM DISORDERS
710-1315,AELOG,21 MAY 2013,E03,PRURITUS,14 MAY 2013,07 JUL 2013,1,N,,3,PRURITUS,PRURITUS,HLT_0778,HLGT_0695,SKIN AND SUBCUTANEOUS TISSUE DISORDERS
710-1315,AELOG,16 JUL 2013,E03,PRURITUS,14 MAY 2013,07 JUL 2013,1,N,,3,PRURITUS,PRURITUS,HLT_0778,HLGT_0695,SKIN AND SUBCUTANEOUS TISSUE DISORDERS
710-1315,AELOG,18 JUN 2013,E04,RASH,18 JUN 2013,07 JUL 2013,2,N,,3,RASH,RASH,HLT_0762,HLGT_0198,SKIN AND SUBCUTANEOUS TISSUE DISORDERS
710-1315,AELOG,16 JUL 2013,E04,RASH,18 JUN 2013,07 JUL 2013,2,N,,3,RASH,RASH,HLT_0762,HLGT_0198,SKIN AND SUBCUTANEOUS TISSUE DISORDERS
710-1315,AELOG,18 JUN 2013,E05,ERYTHEMA,18 JUN 2013,07 JUL 2013,2,N,,3,ERYTHEMA,ERYTHEMA,HLT_0284,HLGT_0192,SKIN AND SUBCUTANEOUS TISSUE DISORDERS
710-1315,AELOG,16 JUL 2013,E05,ERYTHEMA,18 JUN 2013,07 JUL 2013,2,N,,3,ERYTHEMA,ERYTHEMA,HLT_0284,HLGT_0192,SKIN AND SUBCUTANEOUS TISSUE DISORDERS
710-1354,AELOG,29 OCT 2012,E01,HEARING AID USER,,,1,N,,,HEARING AID USER,HEARING AID USER,HLT_0350,HLGT_0202,SOCIAL CIRCUMSTANCES
710-1354,AELOG,29 OCT 2012,E02,HYPERCHOLESTEROLEMIA,,,1,N,,,HYPERCHOLESTEROLEMIA,HYPERCHOLESTEROLAEMIA,HLT_0025,HLGT_0703,METABOLISM AND NUTRITION DISORDERS
710-1354,AELOG,29 OCT 2012,E03,GLAUCOMA,,,1,N,,,GLAUCOMA,GLAUCOMA,HLT_0556,HLGT_0734,EYE DISORDERS
710-1354,AELOG,29 OCT 2012,E04,SINUS BRADYCARDIA,,,1,N,,,SINUS BRADYCARDIA,SINUS BRADYCARDIA,HLT_0644,HLGT_0500,CARDIAC DISORDERS
710-1354,AELOG,29 OCT 2012,E05,FIRST DEGREE ATRIOVENTRICULAR BLOCK,,,1,N,,,FIRST DEGREE ATRIOVENTRICULAR BLOCK,ATRIOVENTRICULAR BLOCK FIRST DEGREE,HLT_0419,HLGT_0464,CARDIAC DISORDERS
710-1354,AELOG,29 OCT 2012,E06,MYOCARDIAL INFARCTION OLD,,,1,N,,,MYOCARDIAL INFARCTION OLD,MYOCARDIAL INFARCTION,HLT_0649,HLGT_0688,CARDIAC DISORDERS
710-1354,AELOG,29 OCT 2012,E07,INVERTED T WAVES,,,1,N,,,INVERTED T WAVES,ELECTROCARDIOGRAM T WAVE INVERSION,HLT_0289,HLGT_0130,INVESTIGATIONS
710-1354,AELOG,29 OCT 2012,E08,ST SEGMENT ELEVATED,,,1,N,,,ST SEGMENT ELEVATED,ELECTROCARDIOGRAM ST SEGMENT ELEVATION,HLT_0272,HLGT_0116,INVESTIGATIONS
710-1354,AELOG,06 JAN 2013,E09,ERYTHEMA,30 DEC 2012,,1,N,,3,ERYTHEMA,ERYTHEMA,HLT_0284,HLGT_0192,SKIN AND SUBCUTANEOUS TISSUE DISORDERS
710-1354,AELOG,02 MAR 2013,E10,PRURITUS,14 FEB 2013,,1,N,,3,PRURITUS,PRURITUS,HLT_0778,HLGT_0695,SKIN AND SUBCUTANEOUS TISSUE DISORDERS
710-1358,AELOG,02 SEP 2012,E01,DIABETES,,,1,N,,,DIABETES,DIABETES MELLITUS,HLT_0447,HLGT_0572,METABOLISM AND NUTRITION DISORDERS
710-1358,AELOG,02 SEP 2012,E02,HYPERCHOLESTEROLEMIA,,,1,N,,,HYPERCHOLESTEROLEMIA,HYPERCHOLESTEROLAEMIA,HLT_0025,HLGT_0703,METABOLISM AND NUTRITION DISORDERS
710-1358,AELOG,02 SEP 2012,E03,GLAUCOMA,,,1,N,,,GLAUCOMA,GLAUCOMA,HLT_0556,HLGT_0734,EYE DISORDERS
710-1358,AELOG,09 JAN 2013,E04,RASH,22 DEC 2012,,1,N,,3,RASH,RASH,HLT_0762,HLGT_0198,SKIN AND SUBCUTANEOUS TISSUE DISORDERS
710-1358,AELOG,09 JAN 2013,E05,PRURITUS,22 DEC 2012,,1,N,,3,ITCHY,PRURITUS,HLT_0778,HLGT_0695,SKIN AND SUBCUTANEOUS TISSUE DISORDERS
710-1358,AELOG,06 FEB 2013,E06,APPLICATION SITE DESQUAMATION,24 JAN 2013,,1,N,,3,APPLICATION SITE DESQUAMATION,APPLICATION SITE DESQUAMATION,HLT_0351,HLGT_0193,GENERAL DISORDERS AND ADMINISTRATION SITE CONDITIONS
710-1368,AELOG,21 OCT 2013,E01,KYPHOSIS,,,1,N,,,KYPHOSIS,KYPHOSIS,HLT_0690,HLGT_0505,MUSCULOSKELETAL AND CONNECTIVE TISSUE DISORDERS
710-1368,AELOG,21 OCT 2013,E02,OSTEOARTHRITIS,,,1,N,,,OSTEOARTHRITIS,OSTEOARTHRITIS,HLT_0247,HLGT_0462,MUSCULOSKELETAL AND CONNECTIVE TISSUE DISORDERS
710-1368,AELOG,21 OCT 2013,E03,SEPTAL MYOCARDIAL INFARCTION,,,1,N,,,SEPTAL MYOCARDIAL INFARCTION,MYOCARDIAL INFARCTION,HLT_0649,HLGT_0688,CARDIAC DISORDERS
710-1368,AELOG,21 OCT 2013,E04,INSOMNIA,,,1,N,,,INSOMNIA,INSOMNIA,HLT_0297,HLGT_0469,PSYCHIATRIC DISORDERS
710-1368,AELOG,15 JAN 2014,E05,HIP FRACTURE,25 DEC 2013,24 APR 2014,3,N,4,1,FRACTURED HIP,HIP FRACTURE,HLT_0097,HLGT_0131,"INJURY, POISONING AND PROCEDURAL COMPLICATIONS"
710-1368,AELOG,24 APR 2014,E05,HIP FRACTURE,25 DEC 2013,24 APR 2014,3,N,4,1,FRACTURED HIP,HIP FRACTURE,HLT_0097,HLGT_0131,"INJURY, POISONING AND PROCEDURAL COMPLICATIONS"
710-1368,AELOG,09 APR 2014,E06,DELUSION,26 MAR 2014,,1,N,,2,DELUSIONS,DELUSION,HLT_0198,HLGT_0565,PSYCHIATRIC DISORDERS
710-1368,AELOG,09 APR 2014,E08,PSYCHOMOTOR HYPERACTIVITY,26 MAR 2014,,1,N,,2,INCREASED ACTIVITY,PSYCHOMOTOR HYPERACTIVITY,HLT_0383,HLGT_0277,NERVOUS SYSTEM DISORDERS
710-1385,AELOG,21 OCT 2012,E01,GLAUCOMA,,,1,N,,,GLAUCOMA,GLAUCOMA,HLT_0556,HLGT_0734,EYE DISORDERS
710-1385,AELOG,21 OCT 2012,E02,ARTHRITIS,,,1,N,,,ARTHRITIS,ARTHRITIS,HLT_0019,HLGT_0587,MUSCULOSKELETAL AND CONNECTIVE TISSUE DISORDERS
710-1385,AELOG,21 OCT 2012,E03,URINARY INCONTINENCE,,,1,N,,,URINARY INCONTINENCE,URINARY INCONTINENCE,HLT_0572,HLGT_0128,RENAL AND URINARY DISORDERS
710-1385,AELOG,21 OCT 2012,E04,SEPTAL MYOCARDIAL INFARCTION,,,1,N,,,SEPTAL MYOCARDIAL INFARCTION,MYOCARDIAL INFARCTION,HLT_0649,HLGT_0688,CARDIAC DISORDERS
710-1385,AELOG,21 OCT 2012,E05,MULTIPLE ALLERGIES,,,1,N,,,MULTIPLE ALLERGIES,MULTIPLE ALLERGIES,HLT_0141,HLGT_0481,IMMUNE SYSTEM DISORDERS
710-1385,AELOG,12 NOV 2012,E06,SUPRAVENTRICULAR TACHYCARDIA,12 NOV 2012,13 NOV 2012,2,N,,1,SUPRAVENTRICULAR TACHYCARDIA,SUPRAVENTRICULAR TACHYCARDIA,HLT_0692,HLGT_0619,CARDIAC DISORDERS
710-1385,AELOG,26 NOV 2012,E06,SUPRAVENTRICULAR TACHYCARDIA,12 NOV 2012,13 NOV 2012,2,N,,1,SUPRAVENTRICULAR TACHYCARDIA,SUPRAVENTRICULAR TACHYCARDIA,HLT_0692,HLGT_0619,CARDIAC DISORDERS
710-1385,AELOG,21 OCT 2012,E07,LEFT ANTERIOR HEMIBLOCK,,,1,N,,,LEFT ANTERIOR HEMIBLOCK,BUNDLE BRANCH BLOCK LEFT,HLT_0281,HLGT_0721,CARDIAC DISORDERS
710-1385,AELOG,26 NOV 2012,E08,ATRIOVENTRICULAR BLOCK FIRST DEGREE,26 NOV 2012,,1,N,,1,FIRST DEGREE ATRIOVENTRICULAR BLOCK,ATRIOVENTRICULAR BLOCK FIRST DEGREE,HLT_0419,HLGT_0464,CARDIAC DISORDERS
710-1385,AELOG,25 DEC 2012,E09,PRURITUS,18 DEC 2012,,1,N,,3,ITCHING,PRURITUS,HLT_0778,HLGT_0695,SKIN AND SUBCUTANEOUS TISSUE DISORDERS
710-1385,AELOG,21 JAN 2013,E10,RASH,27 DEC 2012,,1,N,,3,RASH,RASH,HLT_0762,HLGT_0198,SKIN AND SUBCUTANEOUS TISSUE DISORDERS
710-1385,AELOG,21 JAN 2013,E11,BLISTER,27 DEC 2012,,1,N,,3,BLISTERS,BLISTER,HLT_0752,HLGT_0267,SKIN AND SUBCUTANEOUS TISSUE DISORDERS
710-1385,AELOG,18 FEB 2013,E12,ATRIAL FIBRILLATION,18 FEB 2013,,2,N,,1,ATRIAL FIBRILLATION,ATRIAL FIBRILLATION,HLT_0365,HLGT_0012,CARDIAC DISORDERS
710-1385,AELOG,18 FEB 2013,E13,ELECTROCARDIOGRAM T WAVE AMPLITUDE DECREASED,18 FEB 2013,,1,N,,2,T WAVE FLATTENING OF,ELECTROCARDIOGRAM T WAVE AMPLITUDE DECREASED,HLT_0037,HLGT_0030,INVESTIGATIONS
710-1408,AELOG,26 DEC 2012,E01,DIVERTICULOSIS,,,1,N,,,DIVERTICULOSIS,DIVERTICULUM,HLT_0069,HLGT_0141,GASTROINTESTINAL DISORDERS
710-1408,AELOG,26 DEC 2012,E02,ARTHRITIS,,,1,N,,,ARTHRITIS,ARTHRITIS,HLT_0019,HLGT_0587,MUSCULOSKELETAL AND CONNECTIVE TISSUE DISORDERS
710-1408,AELOG,26 DEC 2012,E03,ST SEGMENT DEPRESSED,,,1,N,,,ST SEGMENT DEPRESSED,ELECTROCARDIOGRAM ST SEGMENT DEPRESSION,HLT_0610,HLGT_0220,INVESTIGATIONS
710-1408,AELOG,26 DEC 2012,E04,T WAVE FLATTENING OF,,,1,N,,,T WAVE FLATTENING OF,ELECTROCARDIOGRAM T WAVE AMPLITUDE DECREASED,HLT_0037,HLGT_0030,INVESTIGATIONS
710-1408,AELOG,26 DEC 2012,E05,SYSTOLIC MURMUR,,,1,N,,,SYSTOLIC MURMUR,CARDIAC MURMUR,HLT_0085,HLGT_0133,INVESTIGATIONS
710-1408,AELOG,07 FEB 2013,E06,NASOPHARYNGITIS,31 JAN 2013,09 FEB 2013,1,N,,1,COLD SYMPTOMS,NASOPHARYNGITIS,HLT_0036,HLGT_0709,INFECTIONS AND INFESTATIONS
710-1408,AELOG,20 FEB 2013,E06,NASOPHARYNGITIS,31 JAN 2013,09 FEB 2013,1,N,,1,COLD SYMPTOMS,NASOPHARYNGITIS,HLT_0036,HLGT_0709,INFECTIONS AND INFESTATIONS
710-1408,AELOG,07 MAR 2013,E07,ERYTHEMA,24 FEB 2013,31 MAY 2013,1,N,,3,ERYTHEMA,ERYTHEMA,HLT_0284,HLGT_0192,SKIN AND SUBCUTANEOUS TISSUE DISORDERS
710-1408,AELOG,28 JUN 2013,E07,ERYTHEMA,24 FEB 2013,31 MAY 2013,1,N,,3,ERYTHEMA,ERYTHEMA,HLT_0284,HLGT_0192,SKIN AND SUBCUTANEOUS TISSUE DISORDERS
711-1012,AELOG,20 MAR 2013,E01,VERTIGO,,,3,N,,,VERTIGO,VERTIGO,HLT_0255,HLGT_0147,EAR AND LABYRINTH DISORDERS
711-1012,AELOG,20 MAR 2013,E02,HEADACHE,,,1,N,,,HEADACHE,HEADACHE,HLT_0064,HLGT_0344,NERVOUS SYSTEM DISORDERS
711-1012,AELOG,20 MAR 2013,E03,DIZZINESS,,,1,N,,,DIZZINESS,DIZZINESS,HLT_0619,HLGT_0751,NERVOUS SYSTEM DISORDERS
711-1012,AELOG,20 MAR 2013,E04,"UNQUALIFIED VISUAL LOSS, ONE EYE",,,2,N,,,"UNQUALIFIED VISUAL LOSS, ONE EYE",BLINDNESS UNILATERAL,HLT_0492,HLGT_0445,EYE DISORDERS
711-1012,AELOG,20 MAR 2013,E05,HYPERTENSION,,,1,N,,,HYPERTENSION,HYPERTENSION,HLT_0228,HLGT_0476,VASCULAR DISORDERS
711-1012,AELOG,17 APR 2013,E06,APPLICATION SITE DERMATITIS,16 APR 2013,,1,N,,4,APPLICATION SITE RASH,APPLICATION SITE DERMATITIS,HLT_0343,HLGT_0241,GENERAL DISORDERS AND ADMINISTRATION SITE CONDITIONS
711-1012,AELOG,02 MAY 2013,E06,APPLICATION SITE DERMATITIS,16 APR 2013,,2,N,,4,APPLICATION SITE RASH,APPLICATION SITE DERMATITIS,HLT_0343,HLGT_0241,GENERAL DISORDERS AND ADMINISTRATION SITE CONDITIONS
711-1012,AELOG,02 MAY 2013,E07,NASOPHARYNGITIS,27 APR 2013,,2,N,,1,COLD SYMPTOMS,NASOPHARYNGITIS,HLT_0036,HLGT_0709,INFECTIONS AND INFESTATIONS
711-1012,AELOG,02 MAY 2013,E08,APPLICATION SITE URTICARIA,29 APR 2013,01 MAY 2013,2,N,,4,APPLICATION SITE URTICARIA,APPLICATION SITE URTICARIA,HLT_0196,HLGT_0233,GENERAL DISORDERS AND ADMINISTRATION SITE CONDITIONS
711-1012,AELOG,17 APR 2013,E09,APPLICATION SITE PRURITUS,16 APR 2013,02 MAY 2013,1,N,,4,APPLICATION SITE ITCHING,APPLICATION SITE PRURITUS,HLT_0317,HLGT_0338,GENERAL DISORDERS AND ADMINISTRATION SITE CONDITIONS
711-1012,AELOG,02 MAY 2013,E09,APPLICATION SITE PRURITUS,16 APR 2013,02 MAY 2013,2,N,,4,APPLICATION SITE ITCHING,APPLICATION SITE PRURITUS,HLT_0317,HLGT_0338,GENERAL DISORDERS AND ADMINISTRATION SITE CONDITIONS
711-1012,AELOG,17 JUL 2013,E09,APPLICATION SITE PRURITUS,16 APR 2013,02 MAY 2013,2,N,,4,APPLICATION SITE ITCHING,APPLICATION SITE PRURITUS,HLT_0317,HLGT_0338,GENERAL DISORDERS AND ADMINISTRATION SITE CONDITIONS
711-1036,AELOG,20 JUL 2012,E01,DIZZINESS,,,1,N,,,DIZZINESS,DIZZINESS,HLT_0619,HLGT_0751,NERVOUS SYSTEM DISORDERS
711-1036,AELOG,20 JUL 2012,E02,PULMONARY FIBROSIS,,,1,N,,,PULMONARY FIBROSIS,PULMONARY FIBROSIS,HLT_0394,HLGT_0659,"RESPIRATORY, THORACIC AND MEDIASTINAL DISORDERS"
711-1036,AELOG,29 JUL 2012,E03,HEADACHE,29 JUL 2012,,1,N,,1,INTERMITTENT HEADACHE,HEADACHE,HLT_0064,HLGT_0344,NERVOUS SYSTEM DISORDERS
711-1036,AELOG,12 AUG 2012,E04,EAR INFECTION,04 AUG 2012,12 AUG 2012,1,N,,1,EAR INFECTION,EAR INFECTION,HLT_0757,HLGT_0760,INFECTIONS AND INFESTATIONS
711-1036,AELOG,29 AUG 2012,E04,EAR INFECTION,04 AUG 2012,12 AUG 2012,1,N,,1,EAR INFECTION,EAR INFECTION,HLT_0757,HLGT_0760,INFECTIONS AND INFESTATIONS
711-1036,AELOG,12 AUG 2012,E05,GLOSSITIS,12 AUG 2012,,1,N,,1,GLOSSITIS,GLOSSITIS,HLT_0250,HLGT_0427,GASTROINTESTINAL DISORDERS
711-1036,AELOG,20 JUL 2012,E07,RAYNAUD'S PHENOMENON,,,1,N,,,RAYNAUD'S PHENOMENON,RAYNAUD'S PHENOMENON,HLT_0693,HLGT_0200,VASCULAR DISORDERS
711-1143,AELOG,30 MAR 2013,E01,MULTIPLE ALLERGIES,,,1,N,,,MULTIPLE ALLERGIES,MULTIPLE ALLERGIES,HLT_0141,HLGT_0481,IMMUNE SYSTEM DISORDERS
711-1143,AELOG,30 MAR 2013,E02,ARTHRITIS,,,1,N,,,ARTHRITIS,ARTHRITIS,HLT_0019,HLGT_0587,MUSCULOSKELETAL AND CONNECTIVE TISSUE DISORDERS
711-1143,AELOG,30 MAR 2013,E06,STRESS INCONTINENCE,,,1,N,,,STRESS INCONTINENCE,STRESS INCONTINENCE,HLT_0059,HLGT_0075,RENAL AND URINARY DISORDERS
711-1143,AELOG,30 MAR 2013,E08,CONSTIPATION,,,1,N,,,CONSTIPATION,CONSTIPATION,HLT_0402,HLGT_0635,GASTROINTESTINAL DISORDERS
711-1143,AELOG,30 MAR 2013,E10,MULTIPLE INJURIES,,,2,N,,,MULTIPLE INJURIES,POLYTRAUMATISM,HLT_0565,HLGT_0783,"INJURY, POISONING AND PROCEDURAL COMPLICATIONS"
711-1143,AELOG,30 MAR 2013,E12,HEADACHE,,,1,N,,,HEADACHE,HEADACHE,HLT_0064,HLGT_0344,NERVOUS SYSTEM DISORDERS
711-1143,AELOG,30 MAR 2013,E13,DIZZINESS,,,1,N,,,DIZZINESS,DIZZINESS,HLT_0619,HLGT_0751,NERVOUS SYSTEM DISORDERS
711-1143,AELOG,30 MAR 2013,E15,TINNITUS,,,1,N,,,TINNITUS,TINNITUS,HLT_0570,HLGT_0180,EAR AND LABYRINTH DISORDERS
711-1143,AELOG,17 APR 2013,E15,TINNITUS,UN OCT 2007,,2,N,,3,TINNITUS,TINNITUS,HLT_0570,HLGT_0180,EAR AND LABYRINTH DISORDERS
711-1143,AELOG,17 APR 2013,E16,PARAESTHESIA ORAL,11 APR 2013,,1,N,,3,TINGLING MOUTH,PARAESTHESIA ORAL,HLT_0727,HLGT_0035,NERVOUS SYSTEM DISORDERS
711-1143,AELOG,30 MAR 2013,E17,ITCHING,,,1,N,,,ITCHING,PRURITUS,HLT_0778,HLGT_0695,SKIN AND SUBCUTANEOUS TISSUE DISORDERS
711-1143,AELOG,29 APR 2013,E18,NASOPHARYNGITIS,28 APR 2013,11 MAY 2013,3,N,,1,COLD,NASOPHARYNGITIS,HLT_0036,HLGT_0709,INFECTIONS AND INFESTATIONS
711-1143,AELOG,01 MAY 2013,E18,NASOPHARYNGITIS,28 APR 2013,11 MAY 2013,1,N,,1,COLD,NASOPHARYNGITIS,HLT_0036,HLGT_0709,INFECTIONS AND INFESTATIONS
711-1143,AELOG,15 MAY 2013,E18,NASOPHARYNGITIS,28 APR 2013,11 MAY 2013,1,N,,1,COLD,NASOPHARYNGITIS,HLT_0036,HLGT_0709,INFECTIONS AND INFESTATIONS
711-1143,AELOG,28 MAY 2013,E19,APPLICATION SITE DERMATITIS,18 MAY 2013,,2,N,,4,APPLICATION SITE RASH,APPLICATION SITE DERMATITIS,HLT_0343,HLGT_0241,GENERAL DISORDERS AND ADMINISTRATION SITE CONDITIONS
711-1143,AELOG,28 MAY 2013,E20,RASH PRURITIC,27 MAY 2013,31 MAY 2013,2,N,,4,ITCHY RASH,RASH PRURITIC,HLT_0127,HLGT_0753,SKIN AND SUBCUTANEOUS TISSUE DISORDERS
711-1143,AELOG,01 JUN 2013,E20,RASH PRURITIC,27 MAY 2013,31 MAY 2013,2,N,,4,ITCHY RASH,RASH PRURITIC,HLT_0127,HLGT_0753,SKIN AND SUBCUTANEOUS TISSUE DISORDERS
711-1143,AELOG,28 MAY 2013,E21,VENTRICULAR EXTRASYSTOLES,28 MAY 2013,01 JUN 2013,2,N,,4,PREMATURE VENTRICULAR CONTRACTIONS,VENTRICULAR EXTRASYSTOLES,HLT_0050,HLGT_0594,CARDIAC DISORDERS
711-1143,AELOG,22 JUN 2013,E21,VENTRICULAR EXTRASYSTOLES,28 MAY 2013,01 JUN 2013,2,N,,4,PREMATURE VENTRICULAR CONTRACTIONS,VENTRICULAR EXTRASYSTOLES,HLT_0050,HLGT_0594,CARDIAC DISORDERS
711-1143,AELOG,01 JUN 2013,E22,CERUMEN IMPACTION,01 JUN 2013,,1,N,,1,CERUMEN IMPACTION,CERUMEN IMPACTION,HLT_0018,HLGT_0158,EAR AND LABYRINTH DISORDERS
711-1143,AELOG,01 JUN 2013,E23,CONJUNCTIVAL HAEMORRHAGE,30 MAY 2013,,2,N,,2,SUBCONJUNCTIVAL HEMORRHAGE,CONJUNCTIVAL HAEMORRHAGE,HLT_0013,HLGT_0720,EYE DISORDERS
711-1143,AELOG,29 APR 2013,E24,SUPRAVENTRICULAR EXTRASYSTOLES,29 APR 2013,15 MAY 2013,1,N,,3,ECTOPIC ATRIAL BEATS,SUPRAVENTRICULAR EXTRASYSTOLES,HLT_0188,HLGT_0279,CARDIAC DISORDERS
711-1143,AELOG,28 MAY 2013,E24,SUPRAVENTRICULAR EXTRASYSTOLES,29 APR 2013,15 MAY 2013,1,N,,3,ECTOPIC ATRIAL BEATS,SUPRAVENTRICULAR EXTRASYSTOLES,HLT_0188,HLGT_0279,CARDIAC DISORDERS
711-1143,AELOG,30 MAR 2013,E25,HYPOTHYROIDISM,,,1,N,,,HYPOTHYROIDISM,HYPOTHYROIDISM,HLT_0454,HLGT_0558,ENDOCRINE DISORDERS
711-1143,AELOG,30 MAR 2013,E26,POSTMENOPAUSAL SYMPTOMS,,,1,N,,,POSTMENOPAUSAL SYMPTOMS,MENOPAUSAL SYMPTOMS,HLT_0397,HLGT_0345,REPRODUCTIVE SYSTEM AND BREAST DISORDERS
711-1433,AELOG,23 JAN 2013,E01,HYPERTENSION,,,2,N,,,HYPERTENSION,HYPERTENSION,HLT_0228,HLGT_0476,VASCULAR DISORDERS
711-1433,AELOG,25 JAN 2013,E01,HYPERTENSION,23 JUL 2012,,1,N,,1,HYPERTENSION,HYPERTENSION,HLT_0228,HLGT_0476,VASCULAR DISORDERS
711-1433,AELOG,06 FEB 2013,E01,HYPERTENSION,23 JUL 2012,,2,N,,1,HYPERTENSION,HYPERTENSION,HLT_0228,HLGT_0476,VASCULAR DISORDERS
711-1433,AELOG,23 JAN 2013,E02,CONSTIPATION,,,1,N,,,CONSTIPATION,CONSTIPATION,HLT_0402,HLGT_0635,GASTROINTESTINAL DISORDERS
711-1433,AELOG,06 FEB 2013,E03,ASTHENIA,05 FEB 2013,,2,N,,2,WEAKNESS,ASTHENIA,HLT_0205,HLGT_0614,GENERAL DISORDERS AND ADMINISTRATION SITE CONDITIONS
711-1433,AELOG,23 JAN 2013,E04,HALLUCINATION,,,2,N,,,HALLUCINATION,HALLUCINATION,HLT_0026,HLGT_0649,PSYCHIATRIC DISORDERS
711-1433,AELOG,23 JAN 2013,E05,STYE,,,1,N,,,STYE,HORDEOLUM,HLT_0604,HLGT_0290,INFECTIONS AND INFESTATIONS
713-1043,AELOG,17 AUG 2013,E01,GLAUCOMA,,,1,N,,,GLAUCOMA,GLAUCOMA,HLT_0556,HLGT_0734,EYE DISORDERS
713-1043,AELOG,17 AUG 2013,E02,HEADACHE,,,1,N,,,HEADACHE,HEADACHE,HLT_0064,HLGT_0344,NERVOUS SYSTEM DISORDERS
713-1043,AELOG,11 OCT 2013,E04,NAUSEA,11 OCT 2013,11 OCT 2013,2,N,,3,NAUSEA,NAUSEA,HLT_0742,HLGT_0326,GASTROINTESTINAL DISORDERS
713-1043,AELOG,13 OCT 2013,E04,NAUSEA,11 OCT 2013,11 OCT 2013,2,N,,3,NAUSEA,NAUSEA,HLT_0742,HLGT_0326,GASTROINTESTINAL DISORDERS
713-1043,AELOG,11 OCT 2013,E05,VOMITING,11 OCT 2013,11 OCT 2013,2,N,,3,EMESIS,VOMITING,HLT_0016,HLGT_0350,GASTROINTESTINAL DISORDERS
713-1043,AELOG,13 OCT 2013,E05,VOMITING,11 OCT 2013,11 OCT 2013,2,N,,3,EMESIS,VOMITING,HLT_0016,HLGT_0350,GASTROINTESTINAL DISORDERS
713-1043,AELOG,30 SEP 2013,E06,APPLICATION SITE ERYTHEMA,26 SEP 2013,,1,N,,4,APPLICATION SITE REDNESS,APPLICATION SITE ERYTHEMA,HLT_0617,HLGT_0152,GENERAL DISORDERS AND ADMINISTRATION SITE CONDITIONS
713-1043,AELOG,13 OCT 2013,E06,APPLICATION SITE ERYTHEMA,26 SEP 2013,,2,N,,4,APPLICATION SITE REDNESS,APPLICATION SITE ERYTHEMA,HLT_0617,HLGT_0152,GENERAL DISORDERS AND ADMINISTRATION SITE CONDITIONS
713-1043,AELOG,24 MAR 2014,E07,CATARACT OPERATION,08 MAR 2014,08 MAR 2014,1,N,,1,CATARACT EXTRACTION,CATARACT OPERATION,HLT_0432,HLGT_0058,SURGICAL AND MEDICAL PROCEDURES
713-1073,AELOG,15 MAR 2014,E01,HYPERTENSION,,,1,N,,,HYPERTENSION,HYPERTENSION,HLT_0228,HLGT_0476,VASCULAR DISORDERS
713-1073,AELOG,15 MAR 2014,E02,VITAMIN B12 DEFICIENCY,,,1,N,,,VITAMIN B12 DEFICIENCY,VITAMIN B12 DEFICIENCY,HLT_0173,HLGT_0563,METABOLISM AND NUTRITION DISORDERS
713-1073,AELOG,21 JUL 2014,E03,APPLICATION SITE PRURITUS,14 JUL 2014,,1,N,,4,APPLICATION SITE ITCHING,APPLICATION SITE PRURITUS,HLT_0317,HLGT_0338,GENERAL DISORDERS AND ADMINISTRATION SITE CONDITIONS
713-1141,AELOG,23 MAY 2013,E01,HYPERTENSION,,,1,N,,,HYPERTENSION,HYPERTENSION,HLT_0228,HLGT_0476,VASCULAR DISORDERS
713-1141,AELOG,23 MAY 2013,E02,POLYARTHRITIS,,,1,N,,,POLYARTHRITIS,POLYARTHRITIS,HLT_0134,HLGT_0167,MUSCULOSKELETAL AND CONNECTIVE TISSUE DISORDERS
713-1141,AELOG,26 JUN 2013,E03,RASH PRURITIC,21 JUN 2013,15 JUL 2013,1,N,,4,PRURITIC RASH,RASH PRURITIC,HLT_0127,HLGT_0753,SKIN AND SUBCUTANEOUS TISSUE DISORDERS
713-1141,AELOG,06 AUG 2013,E03,RASH PRURITIC,21 JUN 2013,15 JUL 2013,1,N,,4,PRURITIC RASH,RASH PRURITIC,HLT_0127,HLGT_0753,SKIN AND SUBCUTANEOUS TISSUE DISORDERS
713-1141,AELOG,06 AUG 2013,E04,BACK PAIN,30 JUN 2013,,2,N,,2,BACK PAIN,BACK PAIN,HLT_0115,HLGT_0508,MUSCULOSKELETAL AND CONNECTIVE TISSUE DISORDERS
713-1141,AELOG,06 AUG 2013,E05,DELIRIUM,01 JUL 2013,15 JUL 2013,2,N,4,3,DELIRIUM,DELIRIUM,HLT_0376,HLGT_0176,PSYCHIATRIC DISORDERS
713-1179,AELOG,24 AUG 2013,E01,DYSURIA,19 AUG 2013,23 AUG 2013,1,N,,2,MICTURITION BURNING,DYSURIA,HLT_0637,HLGT_0210,RENAL AND URINARY DISORDERS
713-1179,AELOG,24 AUG 2013,E02,DYSPEPSIA,22 AUG 2013,22 AUG 2013,1,N,,3,HEARTBURN,DYSPEPSIA,HLT_0244,HLGT_0716,GASTROINTESTINAL DISORDERS
713-1179,AELOG,05 SEP 2013,E04,URINARY TRACT INFECTION,28 AUG 2013,08 SEP 2013,1,N,,2,URINARY TRACT INFECTION,URINARY TRACT INFECTION,HLT_0161,HLGT_0093,INFECTIONS AND INFESTATIONS
713-1179,AELOG,19 SEP 2013,E04,URINARY TRACT INFECTION,28 AUG 2013,08 SEP 2013,1,N,,2,URINARY TRACT INFECTION,URINARY TRACT INFECTION,HLT_0161,HLGT_0093,INFECTIONS AND INFESTATIONS
713-1179,AELOG,07 SEP 2013,E05,ASTHENIA,05 SEP 2013,,2,N,,3,LOWER EXTREMITIES WEAKNESS OF,ASTHENIA,HLT_0205,HLGT_0614,GENERAL DISORDERS AND ADMINISTRATION SITE CONDITIONS
713-1179,AELOG,19 SEP 2013,E05,ASTHENIA,05 SEP 2013,,1,N,,3,LOWER EXTREMITIES WEAKNESS OF,ASTHENIA,HLT_0205,HLGT_0614,GENERAL DISORDERS AND ADMINISTRATION SITE CONDITIONS
713-1179,AELOG,19 SEP 2013,E06,DYSPEPSIA,12 SEP 2013,,1,N,,3,INDIGESTION,DYSPEPSIA,HLT_0244,HLGT_0716,GASTROINTESTINAL DISORDERS
713-1179,AELOG,06 NOV 2013,E07,PELVIC PAIN,10 OCT 2013,18 JAN 2014,1,N,,3,PELVIC PAIN,PELVIC PAIN,HLT_0189,HLGT_0691,REPRODUCTIVE SYSTEM AND BREAST DISORDERS
713-1179,AELOG,24 JAN 2014,E07,PELVIC PAIN,10 OCT 2013,18 JAN 2014,1,N,,3,PELVIC PAIN,PELVIC PAIN,HLT_0189,HLGT_0691,REPRODUCTIVE SYSTEM AND BREAST DISORDERS
713-1179,AELOG,06 NOV 2013,E08,GASTROENTERITIS VIRAL,10 OCT 2013,13 OCT 2013,2,N,4,2,STOMACH FLU,GASTROENTERITIS VIRAL,HLT_0211,HLGT_0385,INFECTIONS AND INFESTATIONS
713-1179,AELOG,26 NOV 2013,E09,VAGINAL MYCOSIS,23 NOV 2013,02 DEC 2013,1,N,,2,VAGINAL YEAST INFECTION,VAGINAL MYCOSIS,HLT_0508,HLGT_0643,INFECTIONS AND INFESTATIONS
713-1179,AELOG,01 JAN 2014,E09,VAGINAL MYCOSIS,23 NOV 2013,02 DEC 2013,1,N,,2,VAGINAL YEAST INFECTION,VAGINAL MYCOSIS,HLT_0508,HLGT_0643,INFECTIONS AND INFESTATIONS
713-1179,AELOG,26 NOV 2013,E10,CERVICITIS,23 NOV 2013,02 DEC 2013,1,N,,2,CERVICITIS,CERVICITIS,HLT_0651,HLGT_0282,INFECTIONS AND INFESTATIONS
713-1179,AELOG,01 JAN 2014,E10,CERVICITIS,23 NOV 2013,02 DEC 2013,1,N,,2,CERVICITIS,CERVICITIS,HLT_0651,HLGT_0282,INFECTIONS AND INFESTATIONS
713-1179,AELOG,06 NOV 2013,E11,GASTROOESOPHAGEAL REFLUX DISEASE,10 OCT 2013,,1,N,,3,GASTROOESOPHAGEAL REFLUX DISEASE,GASTROOESOPHAGEAL REFLUX DISEASE,HLT_0407,HLGT_0304,GASTROINTESTINAL DISORDERS
713-1209,AELOG,16 MAY 2013,E01,DEGENERATION MACULAR,,,2,N,,,DEGENERATION MACULAR,MACULAR DEGENERATION,HLT_0401,HLGT_0370,EYE DISORDERS
713-1209,AELOG,16 MAY 2013,E02,HEARING LOSS BILATERAL,,,2,N,,,HEARING LOSS BILATERAL,DEAFNESS BILATERAL,HLT_0567,HLGT_0426,EAR AND LABYRINTH DISORDERS
713-1209,AELOG,16 MAY 2013,E03,INDIGESTION,,,1,N,,,INDIGESTION,DYSPEPSIA,HLT_0244,HLGT_0716,GASTROINTESTINAL DISORDERS
713-1209,AELOG,16 MAY 2013,E04,TIC,,,1,N,,,TIC,TIC,HLT_0525,HLGT_0406,PSYCHIATRIC DISORDERS
713-1209,AELOG,14 JUN 2013,E05,ABDOMINAL PAIN,30 MAY 2013,,1,N,,3,ABDOMINAL PAIN,ABDOMINAL PAIN,HLT_0217,HLGT_0419,GASTROINTESTINAL DISORDERS
713-1209,AELOG,19 AUG 2013,E05,ABDOMINAL PAIN,30 MAY 2013,,2,N,,3,ABDOMINAL PAIN,ABDOMINAL PAIN,HLT_0217,HLGT_0419,GASTROINTESTINAL DISORDERS
713-1209,AELOG,14 JUN 2013,E06,APPLICATION SITE PRURITUS,02 JUN 2013,,1,N,,4,APPLICATION SITE ITCHING,APPLICATION SITE PRURITUS,HLT_0317,HLGT_0338,GENERAL DISORDERS AND ADMINISTRATION SITE CONDITIONS
713-1209,AELOG,14 NOV 2013,E08,DIZZINESS,31 OCT 2013,,1,N,,3,LIGHTHEADEDNESS,DIZZINESS,HLT_0619,HLGT_0751,NERVOUS SYSTEM DISORDERS
713-1256,AELOG,10 SEP 2012,E01,VITAMIN B12 DEFICIENCY,,,1,N,,,VITAMIN B12 DEFICIENCY,VITAMIN B12 DEFICIENCY,HLT_0173,HLGT_0563,METABOLISM AND NUTRITION DISORDERS
713-1256,AELOG,10 SEP 2012,E02,ENLARGED PROSTATE,,,1,N,,,ENLARGED PROSTATE,BENIGN PROSTATIC HYPERPLASIA,HLT_0215,HLGT_0568,REPRODUCTIVE SYSTEM AND BREAST DISORDERS
713-1256,AELOG,31 OCT 2012,E03,APPLICATION SITE DERMATITIS,30 OCT 2012,31 OCT 2012,1,N,,4,APPLICATION SITE RASH,APPLICATION SITE DERMATITIS,HLT_0343,HLGT_0241,GENERAL DISORDERS AND ADMINISTRATION SITE CONDITIONS
713-1256,AELOG,14 NOV 2012,E03,APPLICATION SITE DERMATITIS,30 OCT 2012,31 OCT 2012,1,N,,4,APPLICATION SITE RASH,APPLICATION SITE DERMATITIS,HLT_0343,HLGT_0241,GENERAL DISORDERS AND ADMINISTRATION SITE CONDITIONS
713-1269,AELOG,10 FEB 2014,E01,APPLICATION SITE ERYTHEMA,02 FEB 2014,,1,N,,4,APPLICATION SITE REDNESS,APPLICATION SITE ERYTHEMA,HLT_0617,HLGT_0152,GENERAL DISORDERS AND ADMINISTRATION SITE CONDITIONS
713-1269,AELOG,20 APR 2014,E02,COUGH,18 APR 2014,,1,N,,2,COUGH,COUGH,HLT_0701,HLGT_0280,"RESPIRATORY, THORACIC AND MEDIASTINAL DISORDERS"
713-1269,AELOG,15 JUN 2014,E03,SHOULDER PAIN,01 JUN 2014,,1,N,,3,SHOULDER PAIN,SHOULDER PAIN,HLT_0527,HLGT_0288,MUSCULOSKELETAL AND CONNECTIVE TISSUE DISORDERS
713-1269,AELOG,28 JUL 2014,E03,SHOULDER PAIN,01 JUN 2014,,2,N,,3,SHOULDER PAIN,SHOULDER PAIN,HLT_0527,HLGT_0288,MUSCULOSKELETAL AND CONNECTIVE TISSUE DISORDERS
713-1269,AELOG,13 JUL 2014,E04,RASH,10 JUL 2014,,2,N,,2,RASH,RASH,HLT_0762,HLGT_0198,SKIN AND SUBCUTANEOUS TISSUE DISORDERS
713-1269,AELOG,28 JUL 2014,E04,RASH,10 JUL 2014,,1,N,,2,RASH,RASH,HLT_0762,HLGT_0198,SKIN AND SUBCUTANEOUS TISSUE DISORDERS
713-1448,AELOG,05 JAN 2014,E01,HEADACHE,,,1,N,,,HEADACHE,HEADACHE,HLT_0064,HLGT_0344,NERVOUS SYSTEM DISORDERS
713-1448,AELOG,05 JAN 2014,E02,LEG PAIN,,,1,N,,,LEG PAIN,PAIN IN EXTREMITY,HLT_0213,HLGT_0764,MUSCULOSKELETAL AND CONNECTIVE TISSUE DISORDERS
713-1448,AELOG,14 APR 2014,E03,APPLICATION SITE IRRITATION,19 MAR 2014,23 MAY 2014,2,N,,4,APPLICATION SITE IRRITATION,APPLICATION SITE IRRITATION,HLT_0061,HLGT_0346,GENERAL DISORDERS AND ADMINISTRATION SITE CONDITIONS
713-1448,AELOG,07 JUN 2014,E03,APPLICATION SITE IRRITATION,19 MAR 2014,23 MAY 2014,2,N,,4,APPLICATION SITE IRRITATION,APPLICATION SITE IRRITATION,HLT_0061,HLGT_0346,GENERAL DISORDERS AND ADMINISTRATION SITE CONDITIONS
713-1448,AELOG,14 APR 2014,E04,NAUSEA,27 MAR 2014,23 MAY 2014,1,N,,3,NAUSEA,NAUSEA,HLT_0742,HLGT_0326,GASTROINTESTINAL DISORDERS
713-1448,AELOG,07 JUN 2014,E04,NAUSEA,27 MAR 2014,23 MAY 2014,1,N,,3,NAUSEA,NAUSEA,HLT_0742,HLGT_0326,GASTROINTESTINAL DISORDERS
714-1035,AELOG,03 APR 2014,E01,HEARING LOSS,,,1,N,,,HEARING LOSS,DEAFNESS,HLT_0234,HLGT_0025,EAR AND LABYRINTH DISORDERS
714-1035,AELOG,03 APR 2014,E02,HYPOTHYROIDISM,,,1,N,,,HYPOTHYROIDISM,HYPOTHYROIDISM,HLT_0454,HLGT_0558,ENDOCRINE DISORDERS
714-1035,AELOG,03 APR 2014,E03,SCOLIOSIS,,,2,N,,,SCOLIOSIS,SCOLIOSIS,HLT_0170,HLGT_0019,MUSCULOSKELETAL AND CONNECTIVE TISSUE DISORDERS
714-1035,AELOG,26 MAY 2014,E04,BUNDLE BRANCH BLOCK RIGHT,26 MAY 2014,04 JUN 2014,1,N,,2,INCOMPLETE RIGHT BUNDLE BRANCH BLOCK,BUNDLE BRANCH BLOCK RIGHT,HLT_0751,HLGT_0597,CARDIAC DISORDERS
714-1035,AELOG,17 JUN 2014,E04,BUNDLE BRANCH BLOCK RIGHT,26 MAY 2014,04 JUN 2014,1,N,,2,INCOMPLETE RIGHT BUNDLE BRANCH BLOCK,BUNDLE BRANCH BLOCK RIGHT,HLT_0751,HLGT_0597,CARDIAC DISORDERS
714-1035,AELOG,26 MAY 2014,E05,ELECTROCARDIOGRAM T WAVE INVERSION,26 MAY 2014,,1,N,,2,T WAVE INVERSION,ELECTROCARDIOGRAM T WAVE INVERSION,HLT_0289,HLGT_0130,INVESTIGATIONS
714-1035,AELOG,04 JUN 2014,E06,SUPRAVENTRICULAR EXTRASYSTOLES,04 JUN 2014,17 JUN 2014,1,N,,2,PREMATURE ATRIAL CONTRACTION,SUPRAVENTRICULAR EXTRASYSTOLES,HLT_0188,HLGT_0279,CARDIAC DISORDERS
714-1035,AELOG,10 JUL 2014,E06,SUPRAVENTRICULAR EXTRASYSTOLES,04 JUN 2014,17 JUN 2014,1,N,,2,PREMATURE ATRIAL CONTRACTION,SUPRAVENTRICULAR EXTRASYSTOLES,HLT_0188,HLGT_0279,CARDIAC DISORDERS
714-1035,AELOG,04 JUN 2014,E07,ELECTROCARDIOGRAM ST SEGMENT DEPRESSION,04 JUN 2014,,1,N,,2,ST SEGMENT DEPRESSED,ELECTROCARDIOGRAM ST SEGMENT DEPRESSION,HLT_0610,HLGT_0220,INVESTIGATIONS
714-1035,AELOG,06 AUG 2014,E09,BRONCHITIS,18 JUL 2014,24 JUL 2014,2,N,,1,BRONCHITIS,BRONCHITIS,HLT_0634,HLGT_0523,INFECTIONS AND INFESTATIONS
714-1068,AELOG,31 JUL 2013,E01,CATARACTS,,,1,N,,,CATARACTS,CATARACT,HLT_0090,HLGT_0498,EYE DISORDERS
714-1068,AELOG,31 JUL 2013,E02,POLYARTHRITIS,,,1,N,,,POLYARTHRITIS,POLYARTHRITIS,HLT_0134,HLGT_0167,MUSCULOSKELETAL AND CONNECTIVE TISSUE DISORDERS
714-1068,AELOG,31 JUL 2013,E03,OSTEOPOROSIS WITH FRACTURE,,,2,N,,,OSTEOPOROSIS WITH FRACTURE,OSTEOPOROTIC FRACTURE,HLT_0002,HLGT_0068,MUSCULOSKELETAL AND CONNECTIVE TISSUE DISORDERS
714-1068,AELOG,22 AUG 2013,E04,SKIN IRRITATION,12 AUG 2013,22 AUG 2013,2,N,,4,SKIN IRRITATION,SKIN IRRITATION,HLT_0583,HLGT_0384,SKIN AND SUBCUTANEOUS TISSUE DISORDERS
714-1068,AELOG,05 SEP 2013,E04,SKIN IRRITATION,12 AUG 2013,22 AUG 2013,2,N,,4,SKIN IRRITATION,SKIN IRRITATION,HLT_0583,HLGT_0384,SKIN AND SUBCUTANEOUS TISSUE DISORDERS
714-1068,AELOG,31 JUL 2013,E05,CONSTIPATION,,,1,N,,,CONSTIPATION,CONSTIPATION,HLT_0402,HLGT_0635,GASTROINTESTINAL DISORDERS
714-1068,AELOG,03 OCT 2013,E06,APPLICATION SITE ERYTHEMA,20 SEP 2013,,2,N,,4,APPLICATION SITE ERYTHEMA,APPLICATION SITE ERYTHEMA,HLT_0617,HLGT_0152,GENERAL DISORDERS AND ADMINISTRATION SITE CONDITIONS
714-1068,AELOG,16 OCT 2013,E06,APPLICATION SITE ERYTHEMA,20 SEP 2013,,1,N,,4,APPLICATION SITE ERYTHEMA,APPLICATION SITE ERYTHEMA,HLT_0617,HLGT_0152,GENERAL DISORDERS AND ADMINISTRATION SITE CONDITIONS
714-1068,AELOG,03 OCT 2013,E07,APPLICATION SITE PRURITUS,20 SEP 2013,,2,N,,4,APPLICATION SITE ITCHING,APPLICATION SITE PRURITUS,HLT_0317,HLGT_0338,GENERAL DISORDERS AND ADMINISTRATION SITE CONDITIONS
714-1068,AELOG,16 OCT 2013,E07,APPLICATION SITE PRURITUS,20 SEP 2013,,1,N,,4,APPLICATION SITE ITCHING,APPLICATION SITE PRURITUS,HLT_0317,HLGT_0338,GENERAL DISORDERS AND ADMINISTRATION SITE CONDITIONS
714-1195,AELOG,16 APR 2013,E01,HYPERTENSION,,,1,N,,,HYPERTENSION,HYPERTENSION,HLT_0228,HLGT_0476,VASCULAR DISORDERS
714-1195,AELOG,16 APR 2013,E02,HYPERCHOLESTEROLEMIA,,,1,N,,,HYPERCHOLESTEROLEMIA,HYPERCHOLESTEROLAEMIA,HLT_0025,HLGT_0703,METABOLISM AND NUTRITION DISORDERS
714-1195,AELOG,16 APR 2013,E03,ALOPECIA AREATA,,,1,N,,,ALOPECIA AREATA,ALOPECIA AREATA,HLT_0088,HLGT_0263,SKIN AND SUBCUTANEOUS TISSUE DISORDERS
714-1195,AELOG,23 MAY 2013,E04,DIARRHOEA,12 MAY 2013,17 JUL 2013,1,N,,2,LOOSE STOOLS,DIARRHOEA,HLT_0148,HLGT_0588,GASTROINTESTINAL DISORDERS
714-1195,AELOG,09 AUG 2013,E04,DIARRHOEA,12 MAY 2013,17 JUL 2013,1,N,,2,LOOSE STOOLS,DIARRHOEA,HLT_0148,HLGT_0588,GASTROINTESTINAL DISORDERS
714-1195,AELOG,23 MAY 2013,E05,HYPERHIDROSIS,12 MAY 2013,17 JUL 2013,2,N,,3,SWEATING,HYPERHIDROSIS,HLT_0587,HLGT_0005,SKIN AND SUBCUTANEOUS TISSUE DISORDERS
714-1195,AELOG,09 AUG 2013,E05,HYPERHIDROSIS,12 MAY 2013,17 JUL 2013,2,N,,3,SWEATING,HYPERHIDROSIS,HLT_0587,HLGT_0005,SKIN AND SUBCUTANEOUS TISSUE DISORDERS
714-1195,AELOG,23 MAY 2013,E06,APPLICATION SITE ERYTHEMA,13 MAY 2013,17 JUL 2013,3,N,,4,APPLICATION SITE REDNESS,APPLICATION SITE ERYTHEMA,HLT_0617,HLGT_0152,GENERAL DISORDERS AND ADMINISTRATION SITE CONDITIONS
714-1195,AELOG,09 AUG 2013,E06,APPLICATION SITE ERYTHEMA,13 MAY 2013,17 JUL 2013,3,N,,4,APPLICATION SITE REDNESS,APPLICATION SITE ERYTHEMA,HLT_0617,HLGT_0152,GENERAL DISORDERS AND ADMINISTRATION SITE CONDITIONS
714-1195,AELOG,23 MAY 2013,E07,SOMNOLENCE,14 MAY 2013,,1,N,,1,DROWSINESS,SOMNOLENCE,HLT_0160,HLGT_0254,NERVOUS SYSTEM DISORDERS
714-1195,AELOG,23 MAY 2013,E08,APPLICATION SITE PRURITUS,17 MAY 2013,,1,N,,4,APPLICATION SITE PRURITUS,APPLICATION SITE PRURITUS,HLT_0317,HLGT_0338,GENERAL DISORDERS AND ADMINISTRATION SITE CONDITIONS
714-1195,AELOG,09 AUG 2013,E09,DYSURIA,25 JUL 2013,06 AUG 2013,1,N,,2,URINATION DIFFICULTY,DYSURIA,HLT_0637,HLGT_0210,RENAL AND URINARY DISORDERS
714-1288,AELOG,24 NOV 2013,E01,HEART MURMUR,,,1,N,,,HEART MURMUR,CARDIAC MURMUR,HLT_0085,HLGT_0133,INVESTIGATIONS
714-1288,AELOG,24 NOV 2013,E02,MITRAL VALVE PROLAPSE,,,1,N,,,MITRAL VALVE PROLAPSE,MITRAL VALVE PROLAPSE,HLT_0731,HLGT_0411,CARDIAC DISORDERS
714-1288,AELOG,24 NOV 2013,E03,PROSTATIC HYPERTROPHY,,,1,N,,,PROSTATIC HYPERTROPHY,BENIGN PROSTATIC HYPERPLASIA,HLT_0215,HLGT_0568,REPRODUCTIVE SYSTEM AND BREAST DISORDERS
714-1288,AELOG,24 NOV 2013,E04,HAND OSTEOARTHRITIS,,,1,N,,,HAND OSTEOARTHRITIS,OSTEOARTHRITIS,HLT_0247,HLGT_0462,MUSCULOSKELETAL AND CONNECTIVE TISSUE DISORDERS
714-1288,AELOG,24 NOV 2013,E05,KNEE OSTEOARTHRITIS,,,1,N,,,KNEE OSTEOARTHRITIS,OSTEOARTHRITIS,HLT_0247,HLGT_0462,MUSCULOSKELETAL AND CONNECTIVE TISSUE DISORDERS
714-1288,AELOG,24 NOV 2013,E06,THROMBOCYTOPENIA,,,1,N,,,THROMBOCYTOPENIA,THROMBOCYTOPENIA,HLT_0782,HLGT_0665,BLOOD AND LYMPHATIC SYSTEM DISORDERS
714-1288,AELOG,17 DEC 2013,E07,DIZZINESS,13 DEC 2013,13 DEC 2013,1,N,,3,DIZZINESS,DIZZINESS,HLT_0619,HLGT_0751,NERVOUS SYSTEM DISORDERS
714-1288,AELOG,17 DEC 2013,E08,DIARRHOEA,14 DEC 2013,15 DEC 2013,1,N,,3,DIARRHEA,DIARRHOEA,HLT_0148,HLGT_0588,GASTROINTESTINAL DISORDERS
714-1288,AELOG,19 JAN 2014,E09,ERYTHEMA,11 JAN 2014,,1,N,,4,ERYTHEMA,ERYTHEMA,HLT_0284,HLGT_0192,SKIN AND SUBCUTANEOUS TISSUE DISORDERS
714-1288,AELOG,02 FEB 2014,E10,NASOPHARYNGITIS,22 JAN 2014,25 JAN 2014,1,N,,1,HEAD COLD,NASOPHARYNGITIS,HLT_0036,HLGT_0709,INFECTIONS AND INFESTATIONS
714-1288,AELOG,02 FEB 2014,E11,COUGH,22 JAN 2014,25 JAN 2014,1,N,,1,COUGH,COUGH,HLT_0701,HLGT_0280,"RESPIRATORY, THORACIC AND MEDIASTINAL DISORDERS"
714-1288,AELOG,02 MAR 2014,E12,BACK PAIN,24 FEB 2014,08 APR 2014,1,N,,1,LOW BACK PAIN,BACK PAIN,HLT_0115,HLGT_0508,MUSCULOSKELETAL AND CONNECTIVE TISSUE DISORDERS
714-1288,AELOG,29 APR 2014,E12,BACK PAIN,24 FEB 2014,08 APR 2014,1,N,,1,LOW BACK PAIN,BACK PAIN,HLT_0115,HLGT_0508,MUSCULOSKELETAL AND CONNECTIVE TISSUE DISORDERS
714-1288,AELOG,01 APR 2014,E13,ARTHRALGIA,08 MAR 2014,,2,N,,1,KNEE PAIN,ARTHRALGIA,HLT_0375,HLGT_0610,MUSCULOSKELETAL AND CONNECTIVE TISSUE DISORDERS
714-1288,AELOG,27 MAY 2014,E14,SINUS BRADYCARDIA,27 MAY 2014,,2,N,,2,BRADYCARDIA SINUS,SINUS BRADYCARDIA,HLT_0644,HLGT_0500,CARDIAC DISORDERS
714-1375,AELOG,23 FEB 2013,E01,HYPERCHOLESTEROLEMIA,,,1,N,,,HYPERCHOLESTEROLEMIA,HYPERCHOLESTEROLAEMIA,HLT_0025,HLGT_0703,METABOLISM AND NUTRITION DISORDERS
714-1375,AELOG,23 FEB 2013,E02,DYSPEPSIA,,,1,N,,,DYSPEPSIA,DYSPEPSIA,HLT_0244,HLGT_0716,GASTROINTESTINAL DISORDERS
714-1375,AELOG,23 FEB 2013,E03,HAND OSTEOARTHRITIS,,,1,N,,,HAND OSTEOARTHRITIS,OSTEOARTHRITIS,HLT_0247,HLGT_0462,MUSCULOSKELETAL AND CONNECTIVE TISSUE DISORDERS
714-1375,AELOG,23 FEB 2013,E04,PAIN IN LEG,,,1,N,,,PAIN IN LEG,PAIN IN EXTREMITY,HLT_0213,HLGT_0764,MUSCULOSKELETAL AND CONNECTIVE TISSUE DISORDERS
714-1375,AELOG,23 FEB 2013,E05,ENVIRONMENTAL ALLERGY,,,1,N,,,ENVIRONMENTAL ALLERGY,HYPERSENSITIVITY,HLT_0473,HLGT_0765,IMMUNE SYSTEM DISORDERS
714-1375,AELOG,06 APR 2013,E06,SKIN IRRITATION,30 MAR 2013,06 APR 2013,2,N,,1,IRRITATION SKIN,SKIN IRRITATION,HLT_0583,HLGT_0384,SKIN AND SUBCUTANEOUS TISSUE DISORDERS
714-1375,AELOG,08 APR 2013,E06,SKIN IRRITATION,30 MAR 2013,06 APR 2013,2,N,,1,IRRITATION SKIN,SKIN IRRITATION,HLT_0583,HLGT_0384,SKIN AND SUBCUTANEOUS TISSUE DISORDERS
714-1375,AELOG,06 APR 2013,E07,EAR PAIN,04 APR 2013,15 APR 2013,1,N,,1,EAR PAIN,EAR PAIN,HLT_0631,HLGT_0432,EAR AND LABYRINTH DISORDERS
714-1375,AELOG,26 APR 2013,E07,EAR PAIN,04 APR 2013,15 APR 2013,1,N,,1,EAR PAIN,EAR PAIN,HLT_0631,HLGT_0432,EAR AND LABYRINTH DISORDERS
714-1375,AELOG,22 JUN 2013,E08,PRURITUS,29 MAY 2013,,2,N,,4,PRURITIS,PRURITUS,HLT_0778,HLGT_0695,SKIN AND SUBCUTANEOUS TISSUE DISORDERS
714-1375,AELOG,23 AUG 2013,E08,PRURITUS,29 MAY 2013,,1,N,,4,PRURITIS,PRURITUS,HLT_0778,HLGT_0695,SKIN AND SUBCUTANEOUS TISSUE DISORDERS
714-1375,AELOG,22 JUN 2013,E09,ERYTHEMA,16 JUN 2013,,2,N,,4,ERYTHEMA,ERYTHEMA,HLT_0284,HLGT_0192,SKIN AND SUBCUTANEOUS TISSUE DISORDERS
714-1375,AELOG,23 AUG 2013,E09,ERYTHEMA,16 JUN 2013,,1,N,,4,ERYTHEMA,ERYTHEMA,HLT_0284,HLGT_0192,SKIN AND SUBCUTANEOUS TISSUE DISORDERS
714-1425,AELOG,11 AUG 2013,E01,KYPHOSIS,,,2,N,,,KYPHOSIS,KYPHOSIS,HLT_0690,HLGT_0505,MUSCULOSKELETAL AND CONNECTIVE TISSUE DISORDERS
714-1425,AELOG,11 AUG 2013,E02,OSTEOARTHRITIS OF LUMBAR SPINE,,,2,N,,,OSTEOARTHRITIS OF LUMBAR SPINE,SPINAL OSTEOARTHRITIS,HLT_0070,HLGT_0581,MUSCULOSKELETAL AND CONNECTIVE TISSUE DISORDERS
714-1425,AELOG,11 AUG 2013,E03,LUMBAR SPINAL STENOSIS,,,2,N,,,LUMBAR SPINAL STENOSIS,LUMBAR SPINAL STENOSIS,HLT_0128,HLGT_0609,MUSCULOSKELETAL AND CONNECTIVE TISSUE DISORDERS
714-1425,AELOG,13 AUG 2013,E04,ATRIOVENTRICULAR BLOCK SECOND DEGREE,13 AUG 2013,,2,N,,1,AV BLOCK SECOND DEGREE,ATRIOVENTRICULAR BLOCK SECOND DEGREE,HLT_0415,HLGT_0086,CARDIAC DISORDERS
715-1107,AELOG,13 MAY 2013,E01,DERMATITIS CONTACT,07 MAY 2013,21 MAY 2013,2,N,,4,CONTACT DERMATITIS,DERMATITIS CONTACT,HLT_0056,HLGT_0331,SKIN AND SUBCUTANEOUS TISSUE DISORDERS
715-1107,AELOG,14 AUG 2013,E01,DERMATITIS CONTACT,07 MAY 2013,21 MAY 2013,2,N,,4,CONTACT DERMATITIS,DERMATITIS CONTACT,HLT_0056,HLGT_0331,SKIN AND SUBCUTANEOUS TISSUE DISORDERS
715-1107,AELOG,13 MAY 2013,E02,SINUS BRADYCARDIA,13 MAY 2013,,1,N,,1,SINUS BRADYCARDIA,SINUS BRADYCARDIA,HLT_0644,HLGT_0500,CARDIAC DISORDERS
715-1207,AELOG,13 JAN 2013,E01,NEPHROLITHIASIS,10 JAN 2013,10 JAN 2013,2,N,,1,KIDNEY STONES,NEPHROLITHIASIS,HLT_0439,HLGT_0546,RENAL AND URINARY DISORDERS
715-1319,AELOG,03 FEB 2013,E02,SINUS BRADYCARDIA,,,1,N,,,SINUS BRADYCARDIA,SINUS BRADYCARDIA,HLT_0644,HLGT_0500,CARDIAC DISORDERS
715-1319,AELOG,18 MAR 2013,E03,SINUS BRADYCARDIA,18 MAR 2013,18 MAR 2013,2,N,,1,SINUS BRADYCARDIA,SINUS BRADYCARDIA,HLT_0644,HLGT_0500,CARDIAC DISORDERS
715-1321,AELOG,06 FEB 2014,E01,DIABETES MELLITUS,,,1,N,,,DIABETES MELLITUS,DIABETES MELLITUS,HLT_0447,HLGT_0572,METABOLISM AND NUTRITION DISORDERS
715-1321,AELOG,14 MAR 2014,E02,NAUSEA,14 MAR 2014,14 MAR 2014,1,N,,2,NAUSEA,NAUSEA,HLT_0742,HLGT_0326,GASTROINTESTINAL DISORDERS
715-1321,AELOG,26 MAR 2014,E02,NAUSEA,14 MAR 2014,14 MAR 2014,1,N,,2,NAUSEA,NAUSEA,HLT_0742,HLGT_0326,GASTROINTESTINAL DISORDERS
715-1321,AELOG,22 APR 2014,E03,APPLICATION SITE REACTION,21 APR 2014,,2,N,,4,APPLICATION SITE REACTION,APPLICATION SITE REACTION,HLT_0339,HLGT_0668,GENERAL DISORDERS AND ADMINISTRATION SITE CONDITIONS
715-1321,AELOG,22 APR 2014,E04,SINUS BRADYCARDIA,22 APR 2014,,1,N,,1,SINUS BRADYCARDIA,SINUS BRADYCARDIA,HLT_0644,HLGT_0500,CARDIAC DISORDERS
715-1397,AELOG,20 MAR 2013,E01,DIABETES MELLITUS,,,2,N,,,DIABETES MELLITUS,DIABETES MELLITUS,HLT_0447,HLGT_0572,METABOLISM AND NUTRITION DISORDERS
715-1397,AELOG,20 MAR 2013,E02,DIABETIC RETINOPATHY,,,1,N,,,DIABETIC RETINOPATHY,DIABETIC RETINOPATHY,HLT_0485,HLGT_0666,EYE DISORDERS
715-1397,AELOG,20 MAR 2013,E03,DIABETIC PERIPHERAL NEUROPATHY,,,1,N,,,DIABETIC PERIPHERAL NEUROPATHY,DIABETIC NEUROPATHY,HLT_0724,HLGT_0590,NERVOUS SYSTEM DISORDERS
715-1397,AELOG,20 MAR 2013,E04,HIATAL HERNIA,,,1,N,,,HIATAL HERNIA,HIATUS HERNIA,HLT_0159,HLGT_0109,GASTROINTESTINAL DISORDERS
715-1397,AELOG,20 MAR 2013,E05,HYPERCHOLESTEROLEMIA,,,1,N,,,HYPERCHOLESTEROLEMIA,HYPERCHOLESTEROLAEMIA,HLT_0025,HLGT_0703,METABOLISM AND NUTRITION DISORDERS
715-1405,AELOG,13 JUL 2013,E01,SINUS BRADYCARDIA,13 JUL 2013,13 JUL 2013,2,N,,1,SINUS BRADYCARDIA,SINUS BRADYCARDIA,HLT_0644,HLGT_0500,CARDIAC DISORDERS
715-1405,AELOG,11 JAN 2014,E01,SINUS BRADYCARDIA,13 JUL 2013,13 JUL 2013,2,N,,1,SINUS BRADYCARDIA,SINUS BRADYCARDIA,HLT_0644,HLGT_0500,CARDIAC DISORDERS
715-1405,AELOG,13 JUL 2013,E02,PALPITATIONS,08 JUL 2013,08 JUL 2013,2,N,,4,PALPITATIONS,PALPITATIONS,HLT_0493,HLGT_0593,CARDIAC DISORDERS
715-1405,AELOG,13 JUL 2013,E03,HYPERHIDROSIS,08 JUL 2013,08 JUL 2013,2,N,,4,SWEATING,HYPERHIDROSIS,HLT_0587,HLGT_0005,SKIN AND SUBCUTANEOUS TISSUE DISORDERS
715-1405,AELOG,13 JUL 2013,E04,DIZZINESS,08 JUL 2013,08 JUL 2013,2,N,,4,DIZZINESS,DIZZINESS,HLT_0619,HLGT_0751,NERVOUS SYSTEM DISORDERS
715-1405,AELOG,13 JUL 2013,E05,CONFUSIONAL STATE,08 JUL 2013,08 JUL 2013,2,N,,4,CONFUSION,CONFUSIONAL STATE,HLT_0642,HLGT_0329,PSYCHIATRIC DISORDERS
716-1024,AELOG,06 JUL 2012,E01,MACULAR DEGENERATION,,,1,N,,,MACULAR DEGENERATION,MACULAR DEGENERATION,HLT_0401,HLGT_0370,EYE DISORDERS
716-1024,AELOG,06 JUL 2012,E02,CATARACTS,,,1,N,,,CATARACTS,CATARACT,HLT_0090,HLGT_0498,EYE DISORDERS
716-1024,AELOG,06 JUL 2012,E03,COUGH,,,1,N,,,COUGH,COUGH,HLT_0701,HLGT_0280,"RESPIRATORY, THORACIC AND MEDIASTINAL DISORDERS"
716-1024,AELOG,06 JUL 2012,E04,HEARTBURN,,,1,N,,,HEARTBURN,DYSPEPSIA,HLT_0244,HLGT_0716,GASTROINTESTINAL DISORDERS
716-1024,AELOG,06 JUL 2012,E05,HYPERTENSION,,,1,N,,,HYPERTENSION,HYPERTENSION,HLT_0228,HLGT_0476,VASCULAR DISORDERS
716-1024,AELOG,06 JUL 2012,E06,VARICOSE VEINS,,,1,N,,,VARICOSE VEINS,VARICOSE VEIN,HLT_0372,HLGT_0037,VASCULAR DISORDERS
716-1024,AELOG,06 JUL 2012,E07,EDEMA,,,1,N,,,EDEMA,OEDEMA,HLT_0656,HLGT_0036,GENERAL DISORDERS AND ADMINISTRATION SITE CONDITIONS
716-1024,AELOG,06 JUL 2012,E08,HARD OF HEARING,,,1,N,,,HARD OF HEARING,HYPOACUSIS,HLT_0174,HLGT_0589,EAR AND LABYRINTH DISORDERS
716-1024,AELOG,06 JUL 2012,E09,SYSTOLIC MURMUR,,,1,N,,,SYSTOLIC MURMUR,CARDIAC MURMUR,HLT_0085,HLGT_0133,INVESTIGATIONS
716-1024,AELOG,06 JUL 2012,E10,COPD,,,1,N,,,COPD,CHRONIC OBSTRUCTIVE PULMONARY DISEASE,HLT_0497,HLGT_0242,"RESPIRATORY, THORACIC AND MEDIASTINAL DISORDERS"
716-1024,AELOG,24 AUG 2012,E12,NASOPHARYNGITIS,20 AUG 2012,27 SEP 2012,2,N,,1,COLD SYMPTOMS,NASOPHARYNGITIS,HLT_0036,HLGT_0709,INFECTIONS AND INFESTATIONS
716-1024,AELOG,30 SEP 2012,E12,NASOPHARYNGITIS,20 AUG 2012,27 SEP 2012,2,N,,1,COLD SYMPTOMS,NASOPHARYNGITIS,HLT_0036,HLGT_0709,INFECTIONS AND INFESTATIONS
716-1024,AELOG,30 DEC 2012,E13,EMPHYSEMA,16 DEC 2012,,1,N,,4,EMPHYSEMA,EMPHYSEMA,HLT_0698,HLGT_0221,"RESPIRATORY, THORACIC AND MEDIASTINAL DISORDERS"
716-1026,AELOG,23 MAR 2014,E01,HYPERTENSION,,,1,N,,,HYPERTENSION,HYPERTENSION,HLT_0228,HLGT_0476,VASCULAR DISORDERS
716-1026,AELOG,23 MAR 2014,E02,UTERINE PROLAPSE,,,1,N,,,UTERINE PROLAPSE,UTERINE PROLAPSE,HLT_0363,HLGT_0373,REPRODUCTIVE SYSTEM AND BREAST DISORDERS
716-1026,AELOG,23 MAR 2014,E03,ARTHRITIS,,,1,N,,,ARTHRITIS,ARTHRITIS,HLT_0019,HLGT_0587,MUSCULOSKELETAL AND CONNECTIVE TISSUE DISORDERS
716-1026,AELOG,23 MAR 2014,E04,HYPERCHOLESTEROLEMIA,,,1,N,,,HYPERCHOLESTEROLEMIA,HYPERCHOLESTEROLAEMIA,HLT_0025,HLGT_0703,METABOLISM AND NUTRITION DISORDERS
716-1026,AELOG,18 APR 2014,E05,ELECTROCARDIOGRAM T WAVE INVERSION,18 APR 2014,31 JUL 2014,1,N,,2,T WAVE INVERTED,ELECTROCARDIOGRAM T WAVE INVERSION,HLT_0289,HLGT_0130,INVESTIGATIONS
716-1026,AELOG,28 AUG 2014,E05,ELECTROCARDIOGRAM T WAVE INVERSION,18 APR 2014,31 JUL 2014,1,N,,2,T WAVE INVERTED,ELECTROCARDIOGRAM T WAVE INVERSION,HLT_0289,HLGT_0130,INVESTIGATIONS
716-1026,AELOG,18 APR 2014,E06,HYPERHIDROSIS,17 APR 2014,,1,N,,3,PERSPIRATION EXCESSIVE,HYPERHIDROSIS,HLT_0587,HLGT_0005,SKIN AND SUBCUTANEOUS TISSUE DISORDERS
716-1026,AELOG,18 APR 2014,E07,PRURITUS,17 APR 2014,,1,N,,3,ITCHING,PRURITUS,HLT_0778,HLGT_0695,SKIN AND SUBCUTANEOUS TISSUE DISORDERS
716-1026,AELOG,31 JUL 2014,E08,EAR INFECTION,16 JUL 2014,25 JUL 2014,1,N,,1,EAR INFECTION,EAR INFECTION,HLT_0757,HLGT_0760,INFECTIONS AND INFESTATIONS
716-1026,AELOG,28 AUG 2014,E09,EAR INFECTION,15 AUG 2014,27 AUG 2014,1,N,,1,EAR INFECTION,EAR INFECTION,HLT_0757,HLGT_0760,INFECTIONS AND INFESTATIONS
716-1026,AELOG,31 JUL 2014,E10,ELECTROCARDIOGRAM T WAVE AMPLITUDE DECREASED,31 JUL 2014,,1,N,,2,T WAVE FLATTENING OF,ELECTROCARDIOGRAM T WAVE AMPLITUDE DECREASED,HLT_0037,HLGT_0030,INVESTIGATIONS
716-1030,AELOG,25 DEC 2013,E01,OSTEOARTHRITIS,,,1,N,,,OSTEOARTHRITIS,OSTEOARTHRITIS,HLT_0247,HLGT_0462,MUSCULOSKELETAL AND CONNECTIVE TISSUE DISORDERS
716-1030,AELOG,25 DEC 2013,E02,UMBILICAL HERNIA,,,1,N,,,UMBILICAL HERNIA,UMBILICAL HERNIA,HLT_0067,HLGT_0187,GASTROINTESTINAL DISORDERS
716-1030,AELOG,25 DEC 2013,E03,MASTECTOMY,,,1,N,,,MASTECTOMY,MASTECTOMY,HLT_0729,HLGT_0669,SURGICAL AND MEDICAL PROCEDURES
716-1030,AELOG,25 DEC 2013,E04,HYPERTENSION,,,1,N,,,HYPERTENSION,HYPERTENSION,HLT_0228,HLGT_0476,VASCULAR DISORDERS
716-1030,AELOG,25 DEC 2013,E05,CATARACTS,,,1,N,,,CATARACTS,CATARACT,HLT_0090,HLGT_0498,EYE DISORDERS
716-1030,AELOG,25 DEC 2013,E06,VENTRICULAR SEPTAL DEFECT,,,1,N,,,VENTRICULAR SEPTAL DEFECT,VENTRICULAR SEPTAL DEFECT,HLT_0589,HLGT_0747,"CONGENITAL, FAMILIAL AND GENETIC DISORDERS"
716-1044,AELOG,20 APR 2013,E01,HEARTBURN,,,1,N,,,HEARTBURN,DYSPEPSIA,HLT_0244,HLGT_0716,GASTROINTESTINAL DISORDERS
716-1044,AELOG,20 APR 2013,E02,ACTINIC KERATOSIS,,,1,N,,,ACTINIC KERATOSIS,ACTINIC KERATOSIS,HLT_0609,HLGT_0490,SKIN AND SUBCUTANEOUS TISSUE DISORDERS
716-1044,AELOG,20 APR 2013,E03,BASAL CELL CARCINOMA,,,1,N,,,BASAL CELL CARCINOMA,BASAL CELL CARCINOMA,HLT_0332,HLGT_0328,"NEOPLASMS BENIGN, MALIGNANT AND UNSPECIFIED (INCL CYSTS AND POLYPS)"
716-1044,AELOG,24 MAY 2013,E04,DIARRHOEA,21 MAY 2013,26 MAY 2013,1,N,,3,DIARRHEA,DIARRHOEA,HLT_0148,HLGT_0588,GASTROINTESTINAL DISORDERS
716-1044,AELOG,13 JUN 2013,E04,DIARRHOEA,21 MAY 2013,26 MAY 2013,1,N,,3,DIARRHEA,DIARRHOEA,HLT_0148,HLGT_0588,GASTROINTESTINAL DISORDERS
716-1044,AELOG,16 OCT 2013,E05,CONFUSIONAL STATE,15 OCT 2013,,1,N,,3,CONFUSION,CONFUSIONAL STATE,HLT_0642,HLGT_0329,PSYCHIATRIC DISORDERS
716-1063,AELOG,06 MAY 2013,E01,HARD OF HEARING,,,1,N,,,HARD OF HEARING,HYPOACUSIS,HLT_0174,HLGT_0589,EAR AND LABYRINTH DISORDERS
716-1063,AELOG,06 MAY 2013,E02,TINNITUS,,,1,N,,,TINNITUS,TINNITUS,HLT_0570,HLGT_0180,EAR AND LABYRINTH DISORDERS
716-1063,AELOG,06 MAY 2013,E03,DIARRHEA,,,1,N,,,DIARRHEA,DIARRHOEA,HLT_0148,HLGT_0588,GASTROINTESTINAL DISORDERS
716-1063,AELOG,06 MAY 2013,E04,ACTINIC KERATOSIS,,,1,N,,,ACTINIC KERATOSIS,ACTINIC KERATOSIS,HLT_0609,HLGT_0490,SKIN AND SUBCUTANEOUS TISSUE DISORDERS
716-1063,AELOG,06 MAY 2013,E05,SYSTOLIC MURMUR,,,1,N,,,SYSTOLIC MURMUR,CARDIAC MURMUR,HLT_0085,HLGT_0133,INVESTIGATIONS
716-1063,AELOG,06 MAY 2013,E06,EDEMA,,,1,N,,,EDEMA,OEDEMA,HLT_0656,HLGT_0036,GENERAL DISORDERS AND ADMINISTRATION SITE CONDITIONS
716-1063,AELOG,06 MAY 2013,E07,SEBORRHEIC DERMATITIS,,,1,N,,,SEBORRHEIC DERMATITIS,SEBORRHOEIC DERMATITIS,HLT_0280,HLGT_0095,SKIN AND SUBCUTANEOUS TISSUE DISORDERS
716-1063,AELOG,06 MAY 2013,E08,COPD,,,1,N,,,COPD,CHRONIC OBSTRUCTIVE PULMONARY DISEASE,HLT_0497,HLGT_0242,"RESPIRATORY, THORACIC AND MEDIASTINAL DISORDERS"
716-1063,AELOG,04 JUL 2013,E09,FATIGUE,01 JUL 2013,,1,N,,3,TIREDNESS,FATIGUE,HLT_0043,HLGT_0181,GENERAL DISORDERS AND ADMINISTRATION SITE CONDITIONS
716-1063,AELOG,31 JUL 2013,E10,LETHARGY,31 JUL 2013,,2,N,,4,LETHARGY,LETHARGY,HLT_0027,HLGT_0448,NERVOUS SYSTEM DISORDERS
716-1063,AELOG,09 MAY 2013,E11,HYPERHIDROSIS,09 MAY 2013,,1,N,,4,PERSPIRATION EXCESSIVE,HYPERHIDROSIS,HLT_0587,HLGT_0005,SKIN AND SUBCUTANEOUS TISSUE DISORDERS
716-1063,AELOG,04 JUL 2013,E12,PRURITUS,04 JUL 2013,28 JUL 2013,1,N,,4,ITCHING,PRURITUS,HLT_0778,HLGT_0695,SKIN AND SUBCUTANEOUS TISSUE DISORDERS
716-1063,AELOG,31 JUL 2013,E12,PRURITUS,04 JUL 2013,28 JUL 2013,1,N,,4,ITCHING,PRURITUS,HLT_0778,HLGT_0695,SKIN AND SUBCUTANEOUS TISSUE DISORDERS
716-1063,AELOG,31 JUL 2013,E13,RESTLESSNESS,28 JUL 2013,31 JUL 2013,2,N,,4,RESTLESSNESS,RESTLESSNESS,HLT_0427,HLGT_0510,PSYCHIATRIC DISORDERS
716-1063,AELOG,28 AUG 2013,E13,RESTLESSNESS,28 JUL 2013,31 JUL 2013,2,N,,4,RESTLESSNESS,RESTLESSNESS,HLT_0427,HLGT_0510,PSYCHIATRIC DISORDERS
716-1071,AELOG,03 JUN 2013,E01,STRABISMUS,,,1,N,,,STRABISMUS,STRABISMUS,HLT_0352,HLGT_0297,EYE DISORDERS
716-1071,AELOG,03 JUN 2013,E02,OSTEOARTHRITIS,,,1,N,,,OSTEOARTHRITIS,OSTEOARTHRITIS,HLT_0247,HLGT_0462,MUSCULOSKELETAL AND CONNECTIVE TISSUE DISORDERS
716-1071,AELOG,03 JUN 2013,E03,VARICOSE VEINS,,,1,N,,,VARICOSE VEINS,VARICOSE VEIN,HLT_0372,HLGT_0037,VASCULAR DISORDERS
716-1071,AELOG,03 JUN 2013,E04,HYPOREFLEXIA,,,1,N,,,HYPOREFLEXIA,HYPOREFLEXIA,HLT_0371,HLGT_0090,NERVOUS SYSTEM DISORDERS
716-1071,AELOG,03 JUN 2013,E05,HIGH CHOLESTEROL,,,1,N,,,HIGH CHOLESTEROL,BLOOD CHOLESTEROL INCREASED,HLT_0210,HLGT_0430,INVESTIGATIONS
716-1071,AELOG,03 JUN 2013,E07,INSOMNIA,,,1,N,,,INSOMNIA,INSOMNIA,HLT_0297,HLGT_0469,PSYCHIATRIC DISORDERS
716-1071,AELOG,01 AUG 2013,E08,SYNCOPE,31 JUL 2013,31 JUL 2013,2,N,,4,SYNCOPE,SYNCOPE,HLT_0440,HLGT_0310,NERVOUS SYSTEM DISORDERS
716-1071,AELOG,26 JUL 2013,E09,HYPERSOMNIA,13 JUL 2013,,1,N,,3,SLEEP EXCESSIVE,HYPERSOMNIA,HLT_0231,HLGT_0628,NERVOUS SYSTEM DISORDERS
716-1071,AELOG,26 JUL 2013,E10,FATIGUE,13 JUL 2013,,1,N,,3,TIREDNESS,FATIGUE,HLT_0043,HLGT_0181,GENERAL DISORDERS AND ADMINISTRATION SITE CONDITIONS
716-1094,AELOG,16 DEC 2012,E01,VENTRAL HERNIA,,,1,N,,,VENTRAL HERNIA,ABDOMINAL HERNIA,HLT_0735,HLGT_0203,GASTROINTESTINAL DISORDERS
716-1094,AELOG,16 DEC 2012,E02,OSTEOARTHRITIS,,,1,N,,,OSTEOARTHRITIS,OSTEOARTHRITIS,HLT_0247,HLGT_0462,MUSCULOSKELETAL AND CONNECTIVE TISSUE DISORDERS
716-1094,AELOG,16 DEC 2012,E03,VENOUS INSUFFICIENCY,,,1,N,,,VENOUS INSUFFICIENCY,VENOUS INSUFFICIENCY,HLT_0438,HLGT_0463,VASCULAR DISORDERS
716-1094,AELOG,16 DEC 2012,E04,EDEMA,,,1,N,,,EDEMA,OEDEMA,HLT_0656,HLGT_0036,GENERAL DISORDERS AND ADMINISTRATION SITE CONDITIONS
716-1094,AELOG,16 DEC 2012,E05,CAROTID BRUIT,,,1,N,,,CAROTID BRUIT,CAROTID BRUIT,HLT_0515,HLGT_0084,INVESTIGATIONS
716-1094,AELOG,16 DEC 2012,E06,ANGINA PECTORIS,,,1,N,,,ANGINA PECTORIS,ANGINA PECTORIS,HLT_0033,HLGT_0063,CARDIAC DISORDERS
716-1094,AELOG,19 JAN 2013,E07,ATRIAL FLUTTER,19 JAN 2013,,2,N,,3,ATRIAL FLUTTER,ATRIAL FLUTTER,HLT_0477,HLGT_0627,CARDIAC DISORDERS
716-1094,AELOG,19 JAN 2013,E08,BUNDLE BRANCH BLOCK RIGHT,19 JAN 2013,,2,N,,3,INCOMPLETE RIGHT BUNDLE BRANCH BLOCK,BUNDLE BRANCH BLOCK RIGHT,HLT_0751,HLGT_0597,CARDIAC DISORDERS
716-1094,AELOG,19 JAN 2013,E09,VENTRICULAR SEPTAL DEFECT,19 JAN 2013,,2,N,,3,VENTRICULAR SEPTAL DEFECT,VENTRICULAR SEPTAL DEFECT,HLT_0589,HLGT_0747,"CONGENITAL, FAMILIAL AND GENETIC DISORDERS"
716-1103,AELOG,18 MAR 2014,E01,ARTHRITIS,,,1,N,,,ARTHRITIS,ARTHRITIS,HLT_0019,HLGT_0587,MUSCULOSKELETAL AND CONNECTIVE TISSUE DISORDERS
716-1103,AELOG,18 MAR 2014,E02,EDEMA LEGS,,,1,N,,,EDEMA LEGS,OEDEMA PERIPHERAL,HLT_0661,HLGT_0137,GENERAL DISORDERS AND ADMINISTRATION SITE CONDITIONS
716-1103,AELOG,18 MAR 2014,E03,GI PAIN,,,1,N,,,GI PAIN,GASTROINTESTINAL PAIN,HLT_0204,HLGT_0333,GASTROINTESTINAL DISORDERS
716-1103,AELOG,18 MAR 2014,E04,SINUS POLYP,,,1,N,,,SINUS POLYP,SINUS POLYP,HLT_0726,HLGT_0472,"RESPIRATORY, THORACIC AND MEDIASTINAL DISORDERS"
716-1103,AELOG,23 JUL 2014,E05,PRURITUS,09 JUL 2014,,2,N,,4,ITCHING,PRURITUS,HLT_0778,HLGT_0695,SKIN AND SUBCUTANEOUS TISSUE DISORDERS
716-1103,AELOG,23 JUL 2014,E06,BLISTER,09 JUL 2014,16 JUL 2014,2,N,,4,BLISTERS,BLISTER,HLT_0752,HLGT_0267,SKIN AND SUBCUTANEOUS TISSUE DISORDERS
716-1103,AELOG,23 JUL 2014,E07,ERYTHEMA,09 JUL 2014,,2,N,,4,ERYTHEMA,ERYTHEMA,HLT_0284,HLGT_0192,SKIN AND SUBCUTANEOUS TISSUE DISORDERS
716-1103,AELOG,19 AUG 2014,E08,BLISTER,17 AUG 2014,24 AUG 2014,3,N,,4,BLISTERS,BLISTER,HLT_0752,HLGT_0267,SKIN AND SUBCUTANEOUS TISSUE DISORDERS
716-1103,AELOG,30 AUG 2014,E08,BLISTER,17 AUG 2014,24 AUG 2014,3,N,,4,BLISTERS,BLISTER,HLT_0752,HLGT_0267,SKIN AND SUBCUTANEOUS TISSUE DISORDERS
716-1108,AELOG,04 FEB 2013,E01,ARTHRITIS,,,1,N,,,ARTHRITIS,ARTHRITIS,HLT_0019,HLGT_0587,MUSCULOSKELETAL AND CONNECTIVE TISSUE DISORDERS
716-1108,AELOG,04 FEB 2013,E02,CAROTID BRUIT,,,1,N,,,CAROTID BRUIT,CAROTID BRUIT,HLT_0515,HLGT_0084,INVESTIGATIONS
716-1108,AELOG,04 FEB 2013,E03,CONTRACTURE OF JOINT,,,1,N,,,CONTRACTURE OF JOINT,JOINT CONTRACTURE,HLT_0750,HLGT_0421,MUSCULOSKELETAL AND CONNECTIVE TISSUE DISORDERS
716-1108,AELOG,12 APR 2013,E04,ELECTROCARDIOGRAM ST SEGMENT DEPRESSION,12 APR 2013,,1,N,,3,ST SEGMENT DEPRESSED,ELECTROCARDIOGRAM ST SEGMENT DEPRESSION,HLT_0610,HLGT_0220,INVESTIGATIONS
716-1108,AELOG,10 MAY 2013,E05,PRURITUS,01 MAY 2013,,1,N,,4,ITCHING,PRURITUS,HLT_0778,HLGT_0695,SKIN AND SUBCUTANEOUS TISSUE DISORDERS
716-1151,AELOG,23 JAN 2013,E01,RIGHT CATARACT,,,1,N,,,RIGHT CATARACT,CATARACT,HLT_0090,HLGT_0498,EYE DISORDERS
716-1151,AELOG,23 JAN 2013,E02,OSTEOARTHRITIS,,,1,N,,,OSTEOARTHRITIS,OSTEOARTHRITIS,HLT_0247,HLGT_0462,MUSCULOSKELETAL AND CONNECTIVE TISSUE DISORDERS
716-1151,AELOG,23 JAN 2013,E03,KERATOSIS,,,1,N,,,KERATOSIS,HYPERKERATOSIS,HLT_0514,HLGT_0437,SKIN AND SUBCUTANEOUS TISSUE DISORDERS
716-1151,AELOG,23 JAN 2013,E04,DRY SKIN,,,1,N,,,DRY SKIN,DRY SKIN,HLT_0028,HLGT_0096,SKIN AND SUBCUTANEOUS TISSUE DISORDERS
716-1151,AELOG,27 FEB 2013,E05,MALIGNANT FIBROUS HISTIOCYTOMA,19 FEB 2013,22 MAR 2013,1,N,6,1,MALIGNANT FIBROUS HISTIOCYTOMA,MALIGNANT FIBROUS HISTIOCYTOMA,HLT_0245,HLGT_0507,"NEOPLASMS BENIGN, MALIGNANT AND UNSPECIFIED (INCL CYSTS AND POLYPS)"
716-1151,AELOG,02 APR 2013,E05,MALIGNANT FIBROUS HISTIOCYTOMA,19 FEB 2013,22 MAR 2013,1,N,6,1,MALIGNANT FIBROUS HISTIOCYTOMA,MALIGNANT FIBROUS HISTIOCYTOMA,HLT_0245,HLGT_0507,"NEOPLASMS BENIGN, MALIGNANT AND UNSPECIFIED (INCL CYSTS AND POLYPS)"
716-1151,AELOG,15 MAR 2013,E06,PRURITUS,15 MAR 2013,,2,N,,4,ITCHING,PRURITUS,HLT_0778,HLGT_0695,SKIN AND SUBCUTANEOUS TISSUE DISORDERS
716-1151,AELOG,15 MAR 2013,E07,ERYTHEMA,15 MAR 2013,,2,N,,4,ERYTHEMA,ERYTHEMA,HLT_0284,HLGT_0192,SKIN AND SUBCUTANEOUS TISSUE DISORDERS
716-1157,AELOG,23 SEP 2013,E01,BENIGN PROSTATIC HYPERTROPHY,,,1,N,,,BENIGN PROSTATIC HYPERTROPHY,BENIGN PROSTATIC HYPERPLASIA,HLT_0215,HLGT_0568,REPRODUCTIVE SYSTEM AND BREAST DISORDERS
716-1157,AELOG,23 SEP 2013,E02,CATARACTS,,,1,N,,,CATARACTS,CATARACT,HLT_0090,HLGT_0498,EYE DISORDERS
716-1157,AELOG,23 SEP 2013,E03,SEBORRHEIC DERMATITIS,,,1,N,,,SEBORRHEIC DERMATITIS,SEBORRHOEIC DERMATITIS,HLT_0280,HLGT_0095,SKIN AND SUBCUTANEOUS TISSUE DISORDERS
716-1157,AELOG,23 SEP 2013,E04,HYPOTHYROIDISM,,,1,N,,,HYPOTHYROIDISM,HYPOTHYROIDISM,HLT_0454,HLGT_0558,ENDOCRINE DISORDERS
716-1157,AELOG,04 NOV 2013,E05,UPPER RESPIRATORY TRACT INFECTION,17 OCT 2013,04 NOV 2013,1,N,,1,UPPER RESPIRATORY INFECTION,UPPER RESPIRATORY TRACT INFECTION,HLT_0520,HLGT_0489,INFECTIONS AND INFESTATIONS
716-1157,AELOG,06 NOV 2013,E05,UPPER RESPIRATORY TRACT INFECTION,17 OCT 2013,04 NOV 2013,1,N,,1,UPPER RESPIRATORY INFECTION,UPPER RESPIRATORY TRACT INFECTION,HLT_0520,HLGT_0489,INFECTIONS AND INFESTATIONS
716-1157,AELOG,04 NOV 2013,E06,ERYTHEMA,25 OCT 2013,,1,N,,4,ERYTHEMA,ERYTHEMA,HLT_0284,HLGT_0192,SKIN AND SUBCUTANEOUS TISSUE DISORDERS
716-1157,AELOG,04 NOV 2013,E07,PRURITUS,25 OCT 2013,,1,N,,4,ITCHING,PRURITUS,HLT_0778,HLGT_0695,SKIN AND SUBCUTANEOUS TISSUE DISORDERS
716-1160,AELOG,23 MAR 2013,E01,HYPERCHOLESTEREMIA,,,1,N,,,HYPERCHOLESTEREMIA,HYPERCHOLESTEROLAEMIA,HLT_0025,HLGT_0703,METABOLISM AND NUTRITION DISORDERS
716-1160,AELOG,23 MAY 2013,E02,PRURITUS,09 MAY 2013,,1,N,,4,ITCHING,PRURITUS,HLT_0778,HLGT_0695,SKIN AND SUBCUTANEOUS TISSUE DISORDERS
716-1160,AELOG,23 MAY 2013,E03,ERYTHEMA,09 MAY 2013,,1,N,,4,ERYTHEMA,ERYTHEMA,HLT_0284,HLGT_0192,SKIN AND SUBCUTANEOUS TISSUE DISORDERS
716-1167,AELOG,30 SEP 2012,E01,DRY SKIN,,,1,N,,,DRY SKIN,DRY SKIN,HLT_0028,HLGT_0096,SKIN AND SUBCUTANEOUS TISSUE DISORDERS
716-1167,AELOG,30 SEP 2012,E02,ARTHRITIS,,,1,N,,,ARTHRITIS,ARTHRITIS,HLT_0019,HLGT_0587,MUSCULOSKELETAL AND CONNECTIVE TISSUE DISORDERS
716-1167,AELOG,19 NOV 2012,E03,PRURITUS,17 NOV 2012,,2,N,,1,ITCH,PRURITUS,HLT_0778,HLGT_0695,SKIN AND SUBCUTANEOUS TISSUE DISORDERS
716-1167,AELOG,19 NOV 2012,E04,SWELLING,17 NOV 2012,,2,N,,1,SWELLING,SWELLING,HLT_0658,HLGT_0484,GENERAL DISORDERS AND ADMINISTRATION SITE CONDITIONS
716-1167,AELOG,03 DEC 2012,E05,BLISTER,03 DEC 2012,,2,N,,3,BLISTERS,BLISTER,HLT_0752,HLGT_0267,SKIN AND SUBCUTANEOUS TISSUE DISORDERS
716-1167,AELOG,24 MAR 2013,E06,HYPERSENSITIVITY,10 MAR 2013,10 APR 2013,1,N,,1,ALLERGY,HYPERSENSITIVITY,HLT_0473,HLGT_0765,IMMUNE SYSTEM DISORDERS
716-1167,AELOG,13 APR 2013,E06,HYPERSENSITIVITY,10 MAR 2013,10 APR 2013,1,N,,1,ALLERGY,HYPERSENSITIVITY,HLT_0473,HLGT_0765,IMMUNE SYSTEM DISORDERS
716-1177,AELOG,29 AUG 2014,E01,ENLARGED PROSTATE,,,1,N,,,ENLARGED PROSTATE,BENIGN PROSTATIC HYPERPLASIA,HLT_0215,HLGT_0568,REPRODUCTIVE SYSTEM AND BREAST DISORDERS
716-1177,AELOG,29 AUG 2014,E02,ARTHRITIS,,,1,N,,,ARTHRITIS,ARTHRITIS,HLT_0019,HLGT_0587,MUSCULOSKELETAL AND CONNECTIVE TISSUE DISORDERS
716-1177,AELOG,20 OCT 2014,E03,ERYTHEMA,24 AUG 2014,,1,N,,4,ERYTHEMA,ERYTHEMA,HLT_0284,HLGT_0192,SKIN AND SUBCUTANEOUS TISSUE DISORDERS
716-1189,AELOG,07 OCT 2012,E01,DYSPEPSIA,,,1,N,,,DYSPEPSIA,DYSPEPSIA,HLT_0244,HLGT_0716,GASTROINTESTINAL DISORDERS
716-1189,AELOG,07 OCT 2012,E02,VARICOSE VEINS,,,1,N,,,VARICOSE VEINS,VARICOSE VEIN,HLT_0372,HLGT_0037,VASCULAR DISORDERS
716-1189,AELOG,07 OCT 2012,E03,COPD,,,1,N,,,COPD,CHRONIC OBSTRUCTIVE PULMONARY DISEASE,HLT_0497,HLGT_0242,"RESPIRATORY, THORACIC AND MEDIASTINAL DISORDERS"
716-1189,AELOG,27 NOV 2012,E04,HALLUCINATION,24 NOV 2012,,2,N,,1,HALLUCINATION,HALLUCINATION,HLT_0026,HLGT_0649,PSYCHIATRIC DISORDERS
716-1189,AELOG,27 NOV 2012,E05,DELUSION,24 NOV 2012,,2,N,,1,DELUSIONS,DELUSION,HLT_0198,HLGT_0565,PSYCHIATRIC DISORDERS
716-1189,AELOG,05 JAN 2013,E06,PRURITUS,05 JAN 2013,,1,N,,3,ITCHING,PRURITUS,HLT_0778,HLGT_0695,SKIN AND SUBCUTANEOUS TISSUE DISORDERS
716-1189,AELOG,03 MAR 2013,E07,PROSTATE CANCER,07 FEB 2013,,3,N,6,1,PROSTATE CANCER,PROSTATE CANCER,HLT_0412,HLGT_0190,"NEOPLASMS BENIGN, MALIGNANT AND UNSPECIFIED (INCL CYSTS AND POLYPS)"
716-1229,AELOG,20 FEB 2013,E01,PRURITUS,20 FEB 2013,,2,N,,4,ITCHING,PRURITUS,HLT_0778,HLGT_0695,SKIN AND SUBCUTANEOUS TISSUE DISORDERS
716-1229,AELOG,14 FEB 2013,E02,ARTHRITIS,,,1,N,,,ARTHRITIS,ARTHRITIS,HLT_0019,HLGT_0587,MUSCULOSKELETAL AND CONNECTIVE TISSUE DISORDERS
716-1229,AELOG,06 MAR 2013,E03,BLOOD CHOLESTEROL INCREASED,06 MAR 2013,,1,N,,1,HIGH CHOLESTEROL,BLOOD CHOLESTEROL INCREASED,HLT_0210,HLGT_0430,INVESTIGATIONS
716-1298,AELOG,04 APR 2013,E01,INCONTINENCE,,,1,N,,,INCONTINENCE,INCONTINENCE,HLT_0560,HLGT_0503,RENAL AND URINARY DISORDERS
716-1298,AELOG,04 APR 2013,E02,URINARY FREQUENCY,,,1,N,,,URINARY FREQUENCY,POLLAKIURIA,HLT_0393,HLGT_0560,RENAL AND URINARY DISORDERS
716-1298,AELOG,04 APR 2013,E03,VENTRAL HERNIA,,,1,N,,,VENTRAL HERNIA,ABDOMINAL HERNIA,HLT_0735,HLGT_0203,GASTROINTESTINAL DISORDERS
716-1298,AELOG,04 APR 2013,E04,FOOT DEFORMITY,,,2,N,,,FOOT DEFORMITY,FOOT DEFORMITY,HLT_0071,HLGT_0562,MUSCULOSKELETAL AND CONNECTIVE TISSUE DISORDERS
716-1298,AELOG,22 APR 2013,E05,ERYTHEMA,22 APR 2013,06 JUL 2013,2,N,,4,ERYTHEMA,ERYTHEMA,HLT_0284,HLGT_0192,SKIN AND SUBCUTANEOUS TISSUE DISORDERS
716-1298,AELOG,07 OCT 2013,E05,ERYTHEMA,22 APR 2013,06 JUL 2013,2,N,,4,ERYTHEMA,ERYTHEMA,HLT_0284,HLGT_0192,SKIN AND SUBCUTANEOUS TISSUE DISORDERS
716-1298,AELOG,22 APR 2013,E06,PRURITUS,22 APR 2013,06 JUL 2013,2,N,,4,ITCHING,PRURITUS,HLT_0778,HLGT_0695,SKIN AND SUBCUTANEOUS TISSUE DISORDERS
716-1298,AELOG,07 OCT 2013,E06,PRURITUS,22 APR 2013,06 JUL 2013,2,N,,4,ITCHING,PRURITUS,HLT_0778,HLGT_0695,SKIN AND SUBCUTANEOUS TISSUE DISORDERS
716-1298,AELOG,06 JUL 2013,E07,BLISTER,08 JUN 2013,06 JUL 2013,2,N,,4,BLISTERS,BLISTER,HLT_0752,HLGT_0267,SKIN AND SUBCUTANEOUS TISSUE DISORDERS
716-1298,AELOG,07 OCT 2013,E07,BLISTER,08 JUN 2013,06 JUL 2013,2,N,,4,BLISTERS,BLISTER,HLT_0752,HLGT_0267,SKIN AND SUBCUTANEOUS TISSUE DISORDERS
716-1308,AELOG,23 SEP 2013,E01,ERYTHEMA,20 SEP 2013,,1,N,,4,ERYTHEMA,ERYTHEMA,HLT_0284,HLGT_0192,SKIN AND SUBCUTANEOUS TISSUE DISORDERS
716-1311,AELOG,11 JUN 2014,E06,ERYTHEMA,28 MAY 2014,22 SEP 2014,1,N,,4,ERYTHEMA,ERYTHEMA,HLT_0284,HLGT_0192,SKIN AND SUBCUTANEOUS TISSUE DISORDERS
716-1311,AELOG,30 SEP 2014,E06,ERYTHEMA,28 MAY 2014,22 SEP 2014,1,N,,4,ERYTHEMA,ERYTHEMA,HLT_0284,HLGT_0192,SKIN AND SUBCUTANEOUS TISSUE DISORDERS
716-1311,AELOG,07 AUG 2014,E07,ABDOMINAL PAIN,22 JUL 2014,02 AUG 2014,2,N,,1,ABDOMINAL PAIN,ABDOMINAL PAIN,HLT_0217,HLGT_0419,GASTROINTESTINAL DISORDERS
716-1311,AELOG,07 AUG 2014,E08,ULCER,02 AUG 2014,,2,N,,1,ULCER,ULCER,HLT_0040,HLGT_0245,GENERAL DISORDERS AND ADMINISTRATION SITE CONDITIONS
716-1364,AELOG,27 JUN 2013,E01,MACULAR DEGENERATION,,,1,N,,,MACULAR DEGENERATION,MACULAR DEGENERATION,HLT_0401,HLGT_0370,EYE DISORDERS
716-1364,AELOG,27 JUN 2013,E02,ARTHRITIS,,,1,N,,,ARTHRITIS,ARTHRITIS,HLT_0019,HLGT_0587,MUSCULOSKELETAL AND CONNECTIVE TISSUE DISORDERS
716-1364,AELOG,27 JUN 2013,E03,INCREASED INTRAOCULAR PRESSURE,,,1,N,,,INCREASED INTRAOCULAR PRESSURE,INTRAOCULAR PRESSURE INCREASED,HLT_0748,HLGT_0270,INVESTIGATIONS
716-1364,AELOG,18 AUG 2013,E04,PRURITUS,18 AUG 2013,,1,N,,4,ITCH,PRURITUS,HLT_0778,HLGT_0695,SKIN AND SUBCUTANEOUS TISSUE DISORDERS
716-1364,AELOG,02 SEP 2013,E05,ERYTHEMA,02 SEP 2013,,1,N,,4,ERYTHEMA,ERYTHEMA,HLT_0284,HLGT_0192,SKIN AND SUBCUTANEOUS TISSUE DISORDERS
716-1373,AELOG,24 NOV 2012,E01,HEADACHE,,,1,N,,,HEADACHE,HEADACHE,HLT_0064,HLGT_0344,NERVOUS SYSTEM DISORDERS
716-1373,AELOG,24 NOV 2012,E02,BOWEL MOVEMENT IRREGULARITY,,,1,N,,,BOWEL MOVEMENT IRREGULARITY,BOWEL MOVEMENT IRREGULARITY,HLT_0772,HLGT_0083,GASTROINTESTINAL DISORDERS
716-1373,AELOG,24 NOV 2012,E03,ONYCHOMYCOSIS,,,1,N,,,ONYCHOMYCOSIS,ONYCHOMYCOSIS,HLT_0275,HLGT_0243,INFECTIONS AND INFESTATIONS
716-1373,AELOG,30 DEC 2012,E04,PRURITUS,15 DEC 2012,,2,N,,4,ITCHING,PRURITUS,HLT_0778,HLGT_0695,SKIN AND SUBCUTANEOUS TISSUE DISORDERS
716-1373,AELOG,14 DEC 2012,E05,COGNITIVE DISORDER,14 DEC 2012,,1,N,,1,COGNITIVE IMPAIRMENT,COGNITIVE DISORDER,HLT_0265,HLGT_0506,NERVOUS SYSTEM DISORDERS
716-1418,AELOG,27 APR 2013,E01,INJURY TO FINGER NOS,,,1,N,,,INJURY TO FINGER NOS,LIMB INJURY,HLT_0476,HLGT_0667,"INJURY, POISONING AND PROCEDURAL COMPLICATIONS"
716-1418,AELOG,19 MAY 2013,E02,PRURITUS,07 MAY 2013,,1,N,,4,ITCHING,PRURITUS,HLT_0778,HLGT_0695,SKIN AND SUBCUTANEOUS TISSUE DISORDERS
716-1418,AELOG,19 MAY 2013,E03,ERYTHEMA,05 MAY 2013,,1,N,,4,ERYTHEMA,ERYTHEMA,HLT_0284,HLGT_0192,SKIN AND SUBCUTANEOUS TISSUE DISORDERS
716-1418,AELOG,27 APR 2013,E04,INTENTION TREMOR,,,1,N,,,INTENTION TREMOR,INTENTION TREMOR,HLT_0413,HLGT_0453,NERVOUS SYSTEM DISORDERS
716-1418,AELOG,22 JUN 2013,E05,HEADACHE,UN JUL 2013,26 SEP 2013,2,N,,3,HEADACHE,HEADACHE,HLT_0064,HLGT_0344,NERVOUS SYSTEM DISORDERS
716-1418,AELOG,05 OCT 2013,E05,HEADACHE,UN JUL 2013,26 SEP 2013,2,N,,3,HEADACHE,HEADACHE,HLT_0064,HLGT_0344,NERVOUS SYSTEM DISORDERS
716-1418,AELOG,22 JUN 2013,E06,VISION BLURRED,UN JUL 2013,04 OCT 2013,2,N,,3,BLURRED VISION,VISION BLURRED,HLT_0120,HLGT_0598,EYE DISORDERS
716-1418,AELOG,05 OCT 2013,E06,VISION BLURRED,UN JUL 2013,04 OCT 2013,2,N,,3,BLURRED VISION,VISION BLURRED,HLT_0120,HLGT_0598,EYE DISORDERS
716-1418,AELOG,05 OCT 2013,E07,HEADACHE,26 SEP 2013,11 NOV 2013,1,N,,3,HEADACHE,HEADACHE,HLT_0064,HLGT_0344,NERVOUS SYSTEM DISORDERS
716-1418,AELOG,20 NOV 2013,E07,HEADACHE,26 SEP 2013,11 NOV 2013,1,N,,3,HEADACHE,HEADACHE,HLT_0064,HLGT_0344,NERVOUS SYSTEM DISORDERS
716-1418,AELOG,05 MAY 2013,E08,URTICARIA,05 MAY 2013,07 MAY 2013,1,N,,4,WELTS,URTICARIA,HLT_0420,HLGT_0705,SKIN AND SUBCUTANEOUS TISSUE DISORDERS
716-1418,AELOG,19 MAY 2013,E08,URTICARIA,05 MAY 2013,07 MAY 2013,1,N,,4,WELTS,URTICARIA,HLT_0420,HLGT_0705,SKIN AND SUBCUTANEOUS TISSUE DISORDERS
716-1441,AELOG,13 JAN 2014,E01,LEFT CATARACT,,,1,N,,,LEFT CATARACT,CATARACT,HLT_0090,HLGT_0498,EYE DISORDERS
716-1441,AELOG,13 JAN 2014,E02,ACTINIC KERATOSIS,,,1,N,,,ACTINIC KERATOSIS,ACTINIC KERATOSIS,HLT_0609,HLGT_0490,SKIN AND SUBCUTANEOUS TISSUE DISORDERS
716-1441,AELOG,13 JAN 2014,E03,OSTEOARTHRITIS,,,1,N,,,OSTEOARTHRITIS,OSTEOARTHRITIS,HLT_0247,HLGT_0462,MUSCULOSKELETAL AND CONNECTIVE TISSUE DISORDERS
716-1441,AELOG,13 JAN 2014,E04,LEG CRAMPS,,,1,N,,,LEG CRAMPS,MUSCLE SPASMS,HLT_0078,HLGT_0750,MUSCULOSKELETAL AND CONNECTIVE TISSUE DISORDERS
716-1441,AELOG,13 JAN 2014,E05,HARD OF HEARING,,,1,N,,,HARD OF HEARING,HYPOACUSIS,HLT_0174,HLGT_0589,EAR AND LABYRINTH DISORDERS
716-1441,AELOG,19 MAY 2014,E06,ERYTHEMA,11 MAY 2014,,1,N,,4,ERYTHEMA,ERYTHEMA,HLT_0284,HLGT_0192,SKIN AND SUBCUTANEOUS TISSUE DISORDERS
716-1447,AELOG,10 DEC 2013,E01,OSTEOARTHRITIS,,,1,N,,,OSTEOARTHRITIS,OSTEOARTHRITIS,HLT_0247,HLGT_0462,MUSCULOSKELETAL AND CONNECTIVE TISSUE DISORDERS
716-1447,AELOG,10 DEC 2013,E02,DYSPEPSIA,,,1,N,,,DYSPEPSIA,DYSPEPSIA,HLT_0244,HLGT_0716,GASTROINTESTINAL DISORDERS
716-1447,AELOG,10 DEC 2013,E03,DIARRHEA,,,1,N,,,DIARRHEA,DIARRHOEA,HLT_0148,HLGT_0588,GASTROINTESTINAL DISORDERS
716-1447,AELOG,10 DEC 2013,E04,CATARACTS,,,1,N,,,CATARACTS,CATARACT,HLT_0090,HLGT_0498,EYE DISORDERS
716-1447,AELOG,10 DEC 2013,E05,SEBORRHEIC DERMATITIS,,,1,N,,,SEBORRHEIC DERMATITIS,SEBORRHOEIC DERMATITIS,HLT_0280,HLGT_0095,SKIN AND SUBCUTANEOUS TISSUE DISORDERS
716-1447,AELOG,11 JAN 2014,E06,HYPERHIDROSIS,01 JAN 2014,,1,N,,3,PERSPIRATION EXCESSIVE,HYPERHIDROSIS,HLT_0587,HLGT_0005,SKIN AND SUBCUTANEOUS TISSUE DISORDERS
716-1447,AELOG,27 JAN 2014,E07,ERYTHEMA,14 JAN 2014,,2,N,,4,ERYTHEMA,ERYTHEMA,HLT_0284,HLGT_0192,SKIN AND SUBCUTANEOUS TISSUE DISORDERS
716-1447,AELOG,14 MAR 2014,E08,ELECTROCARDIOGRAM T WAVE INVERSION,14 MAR 2014,,1,N,,3,T WAVE INVERTED,ELECTROCARDIOGRAM T WAVE INVERSION,HLT_0289,HLGT_0130,INVESTIGATIONS
716-1447,AELOG,27 JAN 2014,E09,PRURITUS,14 JAN 2014,,2,N,,4,ITCHING,PRURITUS,HLT_0778,HLGT_0695,SKIN AND SUBCUTANEOUS TISSUE DISORDERS
716-1447,AELOG,12 APR 2014,E10,CHEST PAIN,05 APR 2014,09 APR 2014,1,N,,2,CHEST PAIN,CHEST PAIN,HLT_0717,HLGT_0195,GENERAL DISORDERS AND ADMINISTRATION SITE CONDITIONS
717-1004,AELOG,01 JAN 2014,E01,OSTEOPOROSIS,,,1,N,,,OSTEOPOROSIS,OSTEOPOROSIS,HLT_0381,HLGT_0634,MUSCULOSKELETAL AND CONNECTIVE TISSUE DISORDERS
717-1004,AELOG,01 JAN 2014,E02,EDEMA,,,1,N,,,EDEMA,OEDEMA,HLT_0656,HLGT_0036,GENERAL DISORDERS AND ADMINISTRATION SITE CONDITIONS
717-1004,AELOG,01 JAN 2014,E03,MENOPAUSE,,,1,N,,,MENOPAUSE,MENOPAUSE,HLT_0723,HLGT_0632,SOCIAL CIRCUMSTANCES
717-1004,AELOG,01 JAN 2014,E04,KYPHOSIS,,,2,N,,,KYPHOSIS,KYPHOSIS,HLT_0690,HLGT_0505,MUSCULOSKELETAL AND CONNECTIVE TISSUE DISORDERS
717-1004,AELOG,01 JAN 2014,E05,WAX IN EAR,,,1,N,,,WAX IN EAR,CERUMEN IMPACTION,HLT_0018,HLGT_0158,EAR AND LABYRINTH DISORDERS
717-1004,AELOG,28 JAN 2014,E06,COUGH,15 JAN 2014,18 FEB 2014,2,N,,2,COUGH,COUGH,HLT_0701,HLGT_0280,"RESPIRATORY, THORACIC AND MEDIASTINAL DISORDERS"
717-1004,AELOG,25 FEB 2014,E06,COUGH,15 JAN 2014,18 FEB 2014,2,N,,2,COUGH,COUGH,HLT_0701,HLGT_0280,"RESPIRATORY, THORACIC AND MEDIASTINAL DISORDERS"
717-1004,AELOG,28 JAN 2014,E07,RHINORRHOEA,15 JAN 2014,08 FEB 2014,1,N,,2,RUNNY NOSE,RHINORRHOEA,HLT_0635,HLGT_0460,"RESPIRATORY, THORACIC AND MEDIASTINAL DISORDERS"
717-1004,AELOG,09 FEB 2014,E07,RHINORRHOEA,15 JAN 2014,08 FEB 2014,1,N,,2,RUNNY NOSE,RHINORRHOEA,HLT_0635,HLGT_0460,"RESPIRATORY, THORACIC AND MEDIASTINAL DISORDERS"
717-1004,AELOG,28 JAN 2014,E08,FATIGUE,15 JAN 2014,,2,N,,3,FATIGUE,FATIGUE,HLT_0043,HLGT_0181,GENERAL DISORDERS AND ADMINISTRATION SITE CONDITIONS
717-1004,AELOG,01 JAN 2014,E09,BED WETTING,,,1,N,,,BED WETTING,ENURESIS,HLT_0107,HLGT_0623,RENAL AND URINARY DISORDERS
717-1004,AELOG,14 JAN 2014,E09,ENURESIS,UN MAY 2013,,2,N,,3,BED WETTING,ENURESIS,HLT_0107,HLGT_0623,RENAL AND URINARY DISORDERS
717-1004,AELOG,28 JAN 2014,E10,SKIN IRRITATION,15 JAN 2014,09 FEB 2014,1,N,,4,SKIN IRRITATION,SKIN IRRITATION,HLT_0583,HLGT_0384,SKIN AND SUBCUTANEOUS TISSUE DISORDERS
717-1004,AELOG,11 FEB 2014,E10,SKIN IRRITATION,15 JAN 2014,09 FEB 2014,1,N,,4,SKIN IRRITATION,SKIN IRRITATION,HLT_0583,HLGT_0384,SKIN AND SUBCUTANEOUS TISSUE DISORDERS
717-1004,AELOG,28 JAN 2014,E11,ANXIETY,15 JAN 2014,,1,N,,3,ANXIETY,ANXIETY,HLT_0559,HLGT_0570,PSYCHIATRIC DISORDERS
717-1004,AELOG,28 JAN 2014,E12,IRRITABILITY,15 JAN 2014,,1,N,,3,IRRITABILITY,IRRITABILITY,HLT_0627,HLGT_0461,PSYCHIATRIC DISORDERS
717-1004,AELOG,01 JAN 2014,E13,ARTHRITIS,,,1,N,,,ARTHRITIS,ARTHRITIS,HLT_0019,HLGT_0587,MUSCULOSKELETAL AND CONNECTIVE TISSUE DISORDERS
717-1004,AELOG,01 JAN 2014,E14,CATARACTS,,,1,N,,,CATARACTS,CATARACT,HLT_0090,HLGT_0498,EYE DISORDERS
717-1004,AELOG,01 JAN 2014,E15,URINARY TRACT INFECTION,,,1,N,,,URINARY TRACT INFECTION,URINARY TRACT INFECTION,HLT_0161,HLGT_0093,INFECTIONS AND INFESTATIONS
717-1004,AELOG,14 JAN 2014,E16,DIARRHOEA,13 JAN 2014,10 FEB 2014,1,N,,3,SOFT STOOLS,DIARRHOEA,HLT_0148,HLGT_0588,GASTROINTESTINAL DISORDERS
717-1004,AELOG,11 FEB 2014,E16,DIARRHOEA,13 JAN 2014,10 FEB 2014,1,N,,3,SOFT STOOLS,DIARRHOEA,HLT_0148,HLGT_0588,GASTROINTESTINAL DISORDERS
717-1004,AELOG,11 MAR 2014,E17,SKIN IRRITATION,09 MAR 2014,15 MAR 2014,1,N,,4,SKIN IRRITATION,SKIN IRRITATION,HLT_0583,HLGT_0384,SKIN AND SUBCUTANEOUS TISSUE DISORDERS
717-1004,AELOG,08 APR 2014,E17,SKIN IRRITATION,09 MAR 2014,15 MAR 2014,1,N,,4,SKIN IRRITATION,SKIN IRRITATION,HLT_0583,HLGT_0384,SKIN AND SUBCUTANEOUS TISSUE DISORDERS
717-1004,AELOG,08 APR 2014,E18,SINUS BRADYCARDIA,08 APR 2014,,1,N,,3,SINUS BRADYCARDIA,SINUS BRADYCARDIA,HLT_0644,HLGT_0500,CARDIAC DISORDERS
717-1004,AELOG,06 MAY 2014,E19,SKIN IRRITATION,21 APR 2014,,1,N,,4,SKIN IRRITATION,SKIN IRRITATION,HLT_0583,HLGT_0384,SKIN AND SUBCUTANEOUS TISSUE DISORDERS
717-1004,AELOG,03 JUN 2014,E20,BACK PAIN,21 MAY 2014,,2,N,,1,BACK PAIN,BACK PAIN,HLT_0115,HLGT_0508,MUSCULOSKELETAL AND CONNECTIVE TISSUE DISORDERS
717-1004,AELOG,03 JUN 2014,E21,WOUND,03 JUN 2014,10 JUN 2014,1,N,,4,WOUND NOS,WOUND,HLT_0542,HLGT_0540,"INJURY, POISONING AND PROCEDURAL COMPLICATIONS"
717-1004,AELOG,01 JUL 2014,E21,WOUND,03 JUN 2014,10 JUN 2014,1,N,,4,WOUND NOS,WOUND,HLT_0542,HLGT_0540,"INJURY, POISONING AND PROCEDURAL COMPLICATIONS"
717-1109,AELOG,20 JAN 2014,E01,OSTEOPOROSIS,,,1,N,,,OSTEOPOROSIS,OSTEOPOROSIS,HLT_0381,HLGT_0634,MUSCULOSKELETAL AND CONNECTIVE TISSUE DISORDERS
717-1109,AELOG,20 JAN 2014,E02,HYPOTHYROIDISM,,,1,N,,,HYPOTHYROIDISM,HYPOTHYROIDISM,HLT_0454,HLGT_0558,ENDOCRINE DISORDERS
717-1109,AELOG,10 FEB 2014,E03,INCREASED APPETITE,29 JAN 2014,16 JUL 2014,1,N,,2,INCREASED APPETITE,INCREASED APPETITE,HLT_0566,HLGT_0769,METABOLISM AND NUTRITION DISORDERS
717-1109,AELOG,18 JUL 2014,E03,INCREASED APPETITE,29 JAN 2014,16 JUL 2014,1,N,,2,INCREASED APPETITE,INCREASED APPETITE,HLT_0566,HLGT_0769,METABOLISM AND NUTRITION DISORDERS
717-1109,AELOG,20 JAN 2014,E04,HEARING LOSS BILATERAL,,,2,N,,,HEARING LOSS BILATERAL,DEAFNESS BILATERAL,HLT_0567,HLGT_0426,EAR AND LABYRINTH DISORDERS
717-1109,AELOG,20 JAN 2014,E05,INFERIOR MYOCARDIAL INFARCTION,,,2,N,,,INFERIOR MYOCARDIAL INFARCTION,MYOCARDIAL INFARCTION,HLT_0649,HLGT_0688,CARDIAC DISORDERS
717-1109,AELOG,23 FEB 2014,E06,CONFUSIONAL STATE,20 FEB 2014,,1,N,,2,CONFUSION,CONFUSIONAL STATE,HLT_0642,HLGT_0329,PSYCHIATRIC DISORDERS
717-1109,AELOG,23 FEB 2014,E07,SKIN IRRITATION,15 FEB 2014,,1,N,,4,SKIN IRRITATION,SKIN IRRITATION,HLT_0583,HLGT_0384,SKIN AND SUBCUTANEOUS TISSUE DISORDERS
717-1109,AELOG,23 FEB 2014,E08,HYPERHIDROSIS,15 FEB 2014,17 FEB 2014,1,N,,3,SWEATING INCREASED,HYPERHIDROSIS,HLT_0587,HLGT_0005,SKIN AND SUBCUTANEOUS TISSUE DISORDERS
717-1109,AELOG,10 MAR 2014,E09,PRURITUS GENERALISED,04 MAR 2014,,1,N,,4,GENERALIZED PRURITUS,PRURITUS GENERALISED,HLT_0123,HLGT_0689,SKIN AND SUBCUTANEOUS TISSUE DISORDERS
717-1109,AELOG,23 FEB 2014,E10,INSOMNIA,22 FEB 2014,,1,N,,3,INSOMNIA,INSOMNIA,HLT_0297,HLGT_0469,PSYCHIATRIC DISORDERS
717-1109,AELOG,18 APR 2014,E11,VENTRICULAR EXTRASYSTOLES,18 APR 2014,,1,N,,1,PREMATURE VENTRICULAR CONTRACTIONS,VENTRICULAR EXTRASYSTOLES,HLT_0050,HLGT_0594,CARDIAC DISORDERS
717-1174,AELOG,16 JAN 2013,E01,DEGENERATIVE JOINT DISEASE,,,1,N,,,DEGENERATIVE JOINT DISEASE,OSTEOARTHRITIS,HLT_0247,HLGT_0462,MUSCULOSKELETAL AND CONNECTIVE TISSUE DISORDERS
717-1174,AELOG,16 JAN 2013,E02,ANOSMIA,,,1,N,,,ANOSMIA,ANOSMIA,HLT_0010,HLGT_0073,NERVOUS SYSTEM DISORDERS
717-1174,AELOG,04 FEB 2013,E03,SKIN IRRITATION,26 JAN 2013,,1,N,,4,SKIN IRRITATION,SKIN IRRITATION,HLT_0583,HLGT_0384,SKIN AND SUBCUTANEOUS TISSUE DISORDERS
717-1174,AELOG,07 JUL 2013,E03,SKIN IRRITATION,26 JAN 2013,,2,N,,4,SKIN IRRITATION,SKIN IRRITATION,HLT_0583,HLGT_0384,SKIN AND SUBCUTANEOUS TISSUE DISORDERS
717-1174,AELOG,04 FEB 2013,E04,PRURITUS,03 FEB 2013,,1,N,,4,ITCHING,PRURITUS,HLT_0778,HLGT_0695,SKIN AND SUBCUTANEOUS TISSUE DISORDERS
717-1174,AELOG,07 JUL 2013,E04,PRURITUS,03 FEB 2013,,2,N,,4,ITCHING,PRURITUS,HLT_0778,HLGT_0695,SKIN AND SUBCUTANEOUS TISSUE DISORDERS
717-1174,AELOG,16 JAN 2013,E05,DRY SKIN,,,1,N,,,DRY SKIN,DRY SKIN,HLT_0028,HLGT_0096,SKIN AND SUBCUTANEOUS TISSUE DISORDERS
717-1174,AELOG,18 MAY 2013,E06,RASH,25 APR 2013,26 APR 2013,3,N,,2,RASH,RASH,HLT_0762,HLGT_0198,SKIN AND SUBCUTANEOUS TISSUE DISORDERS
717-1174,AELOG,18 MAY 2013,E07,INSOMNIA,17 APR 2013,19 APR 2013,1,N,,3,INSOMNIA,INSOMNIA,HLT_0297,HLGT_0469,PSYCHIATRIC DISORDERS
717-1201,AELOG,12 DEC 2013,E01,COUGH,,,1,N,,,COUGH,COUGH,HLT_0701,HLGT_0280,"RESPIRATORY, THORACIC AND MEDIASTINAL DISORDERS"
717-1201,AELOG,12 DEC 2013,E02,CONFUSION,,,1,N,,,CONFUSION,CONFUSIONAL STATE,HLT_0642,HLGT_0329,PSYCHIATRIC DISORDERS
717-1201,AELOG,12 DEC 2013,E03,HYPOTHYROIDISM,,,1,N,,,HYPOTHYROIDISM,HYPOTHYROIDISM,HLT_0454,HLGT_0558,ENDOCRINE DISORDERS
717-1201,AELOG,12 DEC 2013,E04,JOINT PAIN,,,1,N,,,JOINT PAIN,ARTHRALGIA,HLT_0375,HLGT_0610,MUSCULOSKELETAL AND CONNECTIVE TISSUE DISORDERS
717-1201,AELOG,12 DEC 2013,E05,DISCOLORATION NAIL,,,1,N,,,DISCOLORATION NAIL,NAIL DISCOLOURATION,HLT_0034,HLGT_0672,SKIN AND SUBCUTANEOUS TISSUE DISORDERS
717-1201,AELOG,03 JAN 2014,E06,SKIN IRRITATION,19 DEC 2013,,1,N,,4,SKIN IRRITATION,SKIN IRRITATION,HLT_0583,HLGT_0384,SKIN AND SUBCUTANEOUS TISSUE DISORDERS
717-1201,AELOG,17 JAN 2014,E07,ALOPECIA,15 JAN 2014,,1,N,,2,HAIR LOSS,ALOPECIA,HLT_0077,HLGT_0234,SKIN AND SUBCUTANEOUS TISSUE DISORDERS
717-1344,AELOG,01 JAN 2014,E01,HEADACHE SINUS,,,1,N,,,HEADACHE SINUS,SINUS HEADACHE,HLT_0103,HLGT_0213,NERVOUS SYSTEM DISORDERS
717-1344,AELOG,01 JAN 2014,E02,MENOPAUSE,,,1,N,,,MENOPAUSE,MENOPAUSE,HLT_0723,HLGT_0632,SOCIAL CIRCUMSTANCES
717-1344,AELOG,07 FEB 2014,E03,NASAL CONGESTION,01 FEB 2014,06 FEB 2014,1,N,,2,NOSE CONGESTION,NASAL CONGESTION,HLT_0118,HLGT_0549,"RESPIRATORY, THORACIC AND MEDIASTINAL DISORDERS"
717-1344,AELOG,07 FEB 2014,E04,FATIGUE,01 FEB 2014,18 FEB 2014,1,N,,3,FATIGUE,FATIGUE,HLT_0043,HLGT_0181,GENERAL DISORDERS AND ADMINISTRATION SITE CONDITIONS
717-1344,AELOG,19 FEB 2014,E04,FATIGUE,01 FEB 2014,18 FEB 2014,1,N,,3,FATIGUE,FATIGUE,HLT_0043,HLGT_0181,GENERAL DISORDERS AND ADMINISTRATION SITE CONDITIONS
717-1344,AELOG,14 MAR 2014,E05,NAUSEA,28 FEB 2014,01 MAR 2014,2,N,,2,NAUSEA,NAUSEA,HLT_0742,HLGT_0326,GASTROINTESTINAL DISORDERS
717-1344,AELOG,14 MAR 2014,E06,VOMITING,28 FEB 2014,01 MAR 2014,2,N,,2,VOMITING,VOMITING,HLT_0016,HLGT_0350,GASTROINTESTINAL DISORDERS
717-1357,AELOG,21 APR 2013,E01,DUPUYTREN'S CONTRACTURE,,,1,N,,,DUPUYTREN'S CONTRACTURE,DUPUYTREN'S CONTRACTURE,HLT_0058,HLGT_0028,MUSCULOSKELETAL AND CONNECTIVE TISSUE DISORDERS
717-1357,AELOG,21 APR 2013,E02,TROCHANTERIC BURSITIS,,,2,N,,,TROCHANTERIC BURSITIS,BURSITIS,HLT_0333,HLGT_0611,MUSCULOSKELETAL AND CONNECTIVE TISSUE DISORDERS
717-1357,AELOG,21 APR 2013,E03,CHRONIC OBSTRUCTIVE PULMONARY DISEASE,,,1,N,,,CHRONIC OBSTRUCTIVE PULMONARY DISEASE,CHRONIC OBSTRUCTIVE PULMONARY DISEASE,HLT_0497,HLGT_0242,"RESPIRATORY, THORACIC AND MEDIASTINAL DISORDERS"
717-1357,AELOG,21 APR 2013,E04,DIZZINESS,,,1,N,,,DIZZINESS,DIZZINESS,HLT_0619,HLGT_0751,NERVOUS SYSTEM DISORDERS
717-1357,AELOG,15 MAY 2013,E04,DIZZINESS,UN APR 1994,,2,N,,1,DIZZINESS,DIZZINESS,HLT_0619,HLGT_0751,NERVOUS SYSTEM DISORDERS
717-1357,AELOG,21 APR 2013,E05,IMPOTENCE,,,1,N,,,IMPOTENCE,ERECTILE DYSFUNCTION,HLT_0039,HLGT_0775,REPRODUCTIVE SYSTEM AND BREAST DISORDERS
717-1357,AELOG,21 APR 2013,E06,OSTEOCHONDROMA,,,1,N,,,OSTEOCHONDROMA,OSTEOCHONDROMA,HLT_0666,HLGT_0146,"NEOPLASMS BENIGN, MALIGNANT AND UNSPECIFIED (INCL CYSTS AND POLYPS)"
717-1357,AELOG,29 MAY 2013,E07,SKIN IRRITATION,23 MAY 2013,,1,N,,4,SKIN IRRITATION,SKIN IRRITATION,HLT_0583,HLGT_0384,SKIN AND SUBCUTANEOUS TISSUE DISORDERS
717-1357,AELOG,19 JUN 2013,E07,SKIN IRRITATION,23 MAY 2013,,2,N,,4,SKIN IRRITATION,SKIN IRRITATION,HLT_0583,HLGT_0384,SKIN AND SUBCUTANEOUS TISSUE DISORDERS
717-1357,AELOG,13 JUN 2013,E08,APPLICATION SITE PERSPIRATION,11 JUN 2013,15 OCT 2013,2,N,,4,APPLICATION SITE PERSPIRATION,APPLICATION SITE PERSPIRATION,HLT_0283,HLGT_0403,GENERAL DISORDERS AND ADMINISTRATION SITE CONDITIONS
717-1357,AELOG,20 OCT 2013,E08,APPLICATION SITE PERSPIRATION,11 JUN 2013,15 OCT 2013,2,N,,4,APPLICATION SITE PERSPIRATION,APPLICATION SITE PERSPIRATION,HLT_0283,HLGT_0403,GENERAL DISORDERS AND ADMINISTRATION SITE CONDITIONS
717-1357,AELOG,29 MAY 2013,E09,OEDEMA PERIPHERAL,29 MAY 2013,,2,N,,3,ANKLE EDEMA,OEDEMA PERIPHERAL,HLT_0661,HLGT_0137,GENERAL DISORDERS AND ADMINISTRATION SITE CONDITIONS
717-1357,AELOG,24 JUL 2013,E10,VOMITING,07 JUL 2013,08 JUL 2013,2,N,,2,VOMITING,VOMITING,HLT_0016,HLGT_0350,GASTROINTESTINAL DISORDERS
717-1357,AELOG,24 JUL 2013,E11,NAUSEA,22 JUL 2013,22 JUL 2013,1,N,,2,NAUSEA,NAUSEA,HLT_0742,HLGT_0326,GASTROINTESTINAL DISORDERS
717-1357,AELOG,21 AUG 2013,E12,DIZZINESS,10 AUG 2013,10 AUG 2013,2,N,,2,DIZZINESS,DIZZINESS,HLT_0619,HLGT_0751,NERVOUS SYSTEM DISORDERS
717-1446,AELOG,16 SEP 2013,E01,ANXIETY,15 SEP 2013,16 SEP 2013,1,N,,3,ANXIETY AGGRAVATED,ANXIETY,HLT_0559,HLGT_0570,PSYCHIATRIC DISORDERS
717-1446,AELOG,06 OCT 2013,E01,ANXIETY,15 SEP 2013,16 SEP 2013,1,N,,3,ANXIETY AGGRAVATED,ANXIETY,HLT_0559,HLGT_0570,PSYCHIATRIC DISORDERS
717-1446,AELOG,20 AUG 2013,E02,SINUS BRADYCARDIA,,,1,N,,,SINUS BRADYCARDIA,SINUS BRADYCARDIA,HLT_0644,HLGT_0500,CARDIAC DISORDERS
717-1446,AELOG,06 OCT 2013,E03,SINUS BRADYCARDIA,06 OCT 2013,03 MAR 2014,1,N,,2,SINUS BRADYCARDIA,SINUS BRADYCARDIA,HLT_0644,HLGT_0500,CARDIAC DISORDERS
717-1446,AELOG,04 MAR 2014,E03,SINUS BRADYCARDIA,06 OCT 2013,03 MAR 2014,1,N,,2,SINUS BRADYCARDIA,SINUS BRADYCARDIA,HLT_0644,HLGT_0500,CARDIAC DISORDERS
717-1446,AELOG,06 OCT 2013,E04,SKIN IRRITATION,19 SEP 2013,,2,N,,3,SKIN IRRITATION,SKIN IRRITATION,HLT_0583,HLGT_0384,SKIN AND SUBCUTANEOUS TISSUE DISORDERS
717-1446,AELOG,08 OCT 2013,E06,RASH,07 OCT 2013,11 OCT 2013,1,N,,2,RASH,RASH,HLT_0762,HLGT_0198,SKIN AND SUBCUTANEOUS TISSUE DISORDERS
717-1446,AELOG,16 OCT 2013,E06,RASH,07 OCT 2013,11 OCT 2013,1,N,,2,RASH,RASH,HLT_0762,HLGT_0198,SKIN AND SUBCUTANEOUS TISSUE DISORDERS
717-1446,AELOG,19 JAN 2014,E07,PAIN,13 JAN 2014,14 JAN 2014,2,N,,4,STINGING,PAIN,HLT_0314,HLGT_0478,GENERAL DISORDERS AND ADMINISTRATION SITE CONDITIONS
717-1446,AELOG,16 FEB 2014,E08,PAIN,28 JAN 2014,,2,N,,4,STINGING,PAIN,HLT_0314,HLGT_0478,GENERAL DISORDERS AND ADMINISTRATION SITE CONDITIONS
718-1066,AELOG,28 JUN 2013,E01,SCOLIOSIS,,,1,N,,,SCOLIOSIS,SCOLIOSIS,HLT_0170,HLGT_0019,MUSCULOSKELETAL AND CONNECTIVE TISSUE DISORDERS
718-1066,AELOG,28 JUN 2013,E02,ARTHRITIS OF NECK,,,1,N,,,ARTHRITIS OF NECK,SPONDYLITIS,HLT_0418,HLGT_0708,MUSCULOSKELETAL AND CONNECTIVE TISSUE DISORDERS
718-1066,AELOG,28 JUN 2013,E03,BILATERAL CATARACTS,,,1,N,,,BILATERAL CATARACTS,CATARACT,HLT_0090,HLGT_0498,EYE DISORDERS
718-1066,AELOG,28 JUN 2013,E04,SINUS BRADYCARDIA,,,1,N,,,SINUS BRADYCARDIA,SINUS BRADYCARDIA,HLT_0644,HLGT_0500,CARDIAC DISORDERS
718-1066,AELOG,28 JUN 2013,E05,INCOMPLETE RIGHT BUNDLE BRANCH BLOCK,,,1,N,,,INCOMPLETE RIGHT BUNDLE BRANCH BLOCK,BUNDLE BRANCH BLOCK RIGHT,HLT_0751,HLGT_0597,CARDIAC DISORDERS
718-1066,AELOG,28 JUN 2013,E06,MYOCARDIAL INFARCTION,,,1,N,,,MYOCARDIAL INFARCTION,MYOCARDIAL INFARCTION,HLT_0649,HLGT_0688,CARDIAC DISORDERS
718-1066,AELOG,30 JUL 2013,E07,SYNCOPE,16 JUL 2013,20 JUL 2013,3,N,4,3,SYNCOPE,SYNCOPE,HLT_0440,HLGT_0310,NERVOUS SYSTEM DISORDERS
718-1066,AELOG,30 JUL 2013,E08,SYNCOPE,30 JUL 2013,,3,N,4,3,SYNCOPE,SYNCOPE,HLT_0440,HLGT_0310,NERVOUS SYSTEM DISORDERS
718-1066,AELOG,28 JUN 2013,E09,SHOULDER OSTEOARTHRITIS,,,2,N,,,SHOULDER OSTEOARTHRITIS,OSTEOARTHRITIS,HLT_0247,HLGT_0462,MUSCULOSKELETAL AND CONNECTIVE TISSUE DISORDERS
718-1066,AELOG,30 JUL 2013,E10,INFLAMMATION,30 JUL 2013,,2,N,,2,INFLAMMATION LOCALIZED,INFLAMMATION,HLT_0582,HLGT_0004,GENERAL DISORDERS AND ADMINISTRATION SITE CONDITIONS
718-1066,AELOG,30 JUL 2013,E11,AGITATION,18 JUL 2013,,2,N,,3,AGITATION,AGITATION,HLT_0140,HLGT_0170,PSYCHIATRIC DISORDERS
718-1079,AELOG,11 SEP 2012,E01,POLYARTHRITIS,,,1,N,,,POLYARTHRITIS,POLYARTHRITIS,HLT_0134,HLGT_0167,MUSCULOSKELETAL AND CONNECTIVE TISSUE DISORDERS
718-1079,AELOG,15 OCT 2012,E02,CONFUSIONAL STATE,05 OCT 2012,,2,N,,3,CONFUSION,CONFUSIONAL STATE,HLT_0642,HLGT_0329,PSYCHIATRIC DISORDERS
718-1079,AELOG,15 OCT 2012,E03,APPLICATION SITE IRRITATION,05 OCT 2012,,2,N,,4,APPLICATION SITE IRRITATION,APPLICATION SITE IRRITATION,HLT_0061,HLGT_0346,GENERAL DISORDERS AND ADMINISTRATION SITE CONDITIONS
718-1079,AELOG,06 NOV 2012,E03,APPLICATION SITE IRRITATION,05 OCT 2012,,3,N,,4,APPLICATION SITE IRRITATION,APPLICATION SITE IRRITATION,HLT_0061,HLGT_0346,GENERAL DISORDERS AND ADMINISTRATION SITE CONDITIONS
718-1079,AELOG,11 SEP 2012,E04,GASTROINTESTINAL DISCOMFORT,,,1,N,,,GASTROINTESTINAL DISCOMFORT,ABDOMINAL DISCOMFORT,HLT_0012,HLGT_0332,GASTROINTESTINAL DISORDERS
718-1079,AELOG,11 SEP 2012,E05,FLATULENCE,,,1,N,,,FLATULENCE,FLATULENCE,HLT_0356,HLGT_0504,GASTROINTESTINAL DISORDERS
718-1079,AELOG,11 SEP 2012,E06,MENOPAUSE,,,1,N,,,MENOPAUSE,MENOPAUSE,HLT_0723,HLGT_0632,SOCIAL CIRCUMSTANCES
718-1101,AELOG,01 FEB 2013,E01,SINUS BRADYCARDIA,,,1,N,,,SINUS BRADYCARDIA,SINUS BRADYCARDIA,HLT_0644,HLGT_0500,CARDIAC DISORDERS
718-1101,AELOG,01 FEB 2013,E02,INFERIOR MYOCARDIAL INFARCTION,,,1,N,,,INFERIOR MYOCARDIAL INFARCTION,MYOCARDIAL INFARCTION,HLT_0649,HLGT_0688,CARDIAC DISORDERS
718-1101,AELOG,14 MAR 2013,E03,VOMITING,06 MAR 2013,06 MAR 2013,1,N,,1,VOMITING,VOMITING,HLT_0016,HLGT_0350,GASTROINTESTINAL DISORDERS
718-1101,AELOG,13 APR 2013,E04,SINUS BRADYCARDIA,13 APR 2013,12 MAY 2013,1,N,,1,SINUS BRADYCARDIA,SINUS BRADYCARDIA,HLT_0644,HLGT_0500,CARDIAC DISORDERS
718-1101,AELOG,14 JUN 2013,E04,SINUS BRADYCARDIA,13 APR 2013,12 MAY 2013,1,N,,1,SINUS BRADYCARDIA,SINUS BRADYCARDIA,HLT_0644,HLGT_0500,CARDIAC DISORDERS
718-1101,AELOG,12 MAY 2013,E05,HYPERHIDROSIS,14 APR 2013,06 JUL 2013,1,N,,3,PERSPIRATION EXCESSIVE,HYPERHIDROSIS,HLT_0587,HLGT_0005,SKIN AND SUBCUTANEOUS TISSUE DISORDERS
718-1101,AELOG,02 AUG 2013,E05,HYPERHIDROSIS,14 APR 2013,06 JUL 2013,1,N,,3,PERSPIRATION EXCESSIVE,HYPERHIDROSIS,HLT_0587,HLGT_0005,SKIN AND SUBCUTANEOUS TISSUE DISORDERS
718-1101,AELOG,06 JUL 2013,E06,MYOCARDIAL INFARCTION,06 JUL 2013,,1,N,,1,INFERIOR MYOCARDIAL INFARCTION,MYOCARDIAL INFARCTION,HLT_0649,HLGT_0688,CARDIAC DISORDERS
718-1139,AELOG,03 MAY 2013,E01,PROSTATE SPECIFIC ANTIGEN INCREASED,,,1,N,,,PROSTATE SPECIFIC ANTIGEN INCREASED,PROSTATIC SPECIFIC ANTIGEN INCREASED,HLT_0708,HLGT_0055,INVESTIGATIONS
718-1139,AELOG,03 MAY 2013,E02,HEARTBURN,,,1,N,,,HEARTBURN,DYSPEPSIA,HLT_0244,HLGT_0716,GASTROINTESTINAL DISORDERS
718-1139,AELOG,03 MAY 2013,E03,CERUMEN IMPACTION,,,1,N,,,CERUMEN IMPACTION,CERUMEN IMPACTION,HLT_0018,HLGT_0158,EAR AND LABYRINTH DISORDERS
718-1139,AELOG,03 MAY 2013,E04,TREMOR PERIORAL,,,1,N,,,TREMOR PERIORAL,TREMOR,HLT_0562,HLGT_0566,NERVOUS SYSTEM DISORDERS
718-1139,AELOG,03 MAY 2013,E05,CYANOSIS,,,1,N,,,CYANOSIS,CYANOSIS,HLT_0686,HLGT_0265,CARDIAC DISORDERS
718-1139,AELOG,15 JUN 2013,E06,SOMNOLENCE,03 JUN 2013,16 JUL 2013,2,N,,3,SLEEPINESS,SOMNOLENCE,HLT_0160,HLGT_0254,NERVOUS SYSTEM DISORDERS
718-1139,AELOG,15 AUG 2013,E06,SOMNOLENCE,03 JUN 2013,16 JUL 2013,2,N,,3,SLEEPINESS,SOMNOLENCE,HLT_0160,HLGT_0254,NERVOUS SYSTEM DISORDERS
718-1139,AELOG,17 NOV 2013,E07,DIARRHOEA,16 NOV 2013,16 NOV 2013,1,N,,1,DIARRHEA,DIARRHOEA,HLT_0148,HLGT_0588,GASTROINTESTINAL DISORDERS
718-1150,AELOG,12 JAN 2013,E01,UPPER RESPIRATORY INFECTION,,,2,N,,,UPPER RESPIRATORY INFECTION,UPPER RESPIRATORY TRACT INFECTION,HLT_0520,HLGT_0489,INFECTIONS AND INFESTATIONS
718-1150,AELOG,12 JAN 2013,E02,VITAMIN B12 DEFICIENCY,,,2,N,,,VITAMIN B12 DEFICIENCY,VITAMIN B12 DEFICIENCY,HLT_0173,HLGT_0563,METABOLISM AND NUTRITION DISORDERS
718-1150,AELOG,17 MAR 2013,E03,UPPER RESPIRATORY TRACT INFECTION,06 MAR 2013,26 MAR 2013,2,N,,1,UPPER RESPIRATORY INFECTION,UPPER RESPIRATORY TRACT INFECTION,HLT_0520,HLGT_0489,INFECTIONS AND INFESTATIONS
718-1150,AELOG,12 APR 2013,E03,UPPER RESPIRATORY TRACT INFECTION,06 MAR 2013,26 MAR 2013,2,N,,1,UPPER RESPIRATORY INFECTION,UPPER RESPIRATORY TRACT INFECTION,HLT_0520,HLGT_0489,INFECTIONS AND INFESTATIONS
718-1150,AELOG,17 MAR 2013,E04,APPLICATION SITE IRRITATION,15 MAR 2013,15 MAR 2013,1,N,,4,APPLICATION SITE BURNING,APPLICATION SITE IRRITATION,HLT_0061,HLGT_0346,GENERAL DISORDERS AND ADMINISTRATION SITE CONDITIONS
718-1150,AELOG,16 FEB 2013,E05,BRADYCARDIA,16 FEB 2013,17 MAR 2013,1,N,,3,BRADYCARDIA,BRADYCARDIA,HLT_0640,HLGT_0294,CARDIAC DISORDERS
718-1150,AELOG,12 APR 2013,E05,BRADYCARDIA,16 FEB 2013,17 MAR 2013,1,N,,3,BRADYCARDIA,BRADYCARDIA,HLT_0640,HLGT_0294,CARDIAC DISORDERS
718-1150,AELOG,10 MAY 2013,E06,BRADYCARDIA,10 MAY 2013,07 JUL 2013,1,N,,3,BRADYCARDIA,BRADYCARDIA,HLT_0640,HLGT_0294,CARDIAC DISORDERS
718-1150,AELOG,31 JUL 2013,E06,BRADYCARDIA,10 MAY 2013,07 JUL 2013,1,N,,3,BRADYCARDIA,BRADYCARDIA,HLT_0640,HLGT_0294,CARDIAC DISORDERS
718-1150,AELOG,07 JUL 2013,E07,APPLICATION SITE IRRITATION,16 JUN 2013,,1,N,,4,APPLICATION SITE BURNING,APPLICATION SITE IRRITATION,HLT_0061,HLGT_0346,GENERAL DISORDERS AND ADMINISTRATION SITE CONDITIONS
718-1150,AELOG,07 JUL 2013,E08,FOOD CRAVING,09 JUN 2013,,1,N,,3,CARBOHYDRATE CRAVING,FOOD CRAVING,HLT_0754,HLGT_0376,METABOLISM AND NUTRITION DISORDERS
718-1150,AELOG,31 JUL 2013,E09,SINUS BRADYCARDIA,31 JUL 2013,,1,N,,3,SINUS BRADYCARDIA,SINUS BRADYCARDIA,HLT_0644,HLGT_0500,CARDIAC DISORDERS
718-1170,AELOG,25 AUG 2013,E01,SEPTAL MYOCARDIAL INFARCTION,,,1,N,,,SEPTAL MYOCARDIAL INFARCTION,MYOCARDIAL INFARCTION,HLT_0649,HLGT_0688,CARDIAC DISORDERS
718-1170,AELOG,03 NOV 2013,E02,DIZZINESS,07 OCT 2013,07 OCT 2013,2,N,,3,LIGHTHEADEDNESS,DIZZINESS,HLT_0619,HLGT_0751,NERVOUS SYSTEM DISORDERS
718-1170,AELOG,03 NOV 2013,E03,SYNCOPE,12 OCT 2013,13 OCT 2013,3,Y,4,4,SYNCOPE,SYNCOPE,HLT_0440,HLGT_0310,NERVOUS SYSTEM DISORDERS
718-1170,AELOG,03 NOV 2013,E04,AGITATION,16 OCT 2013,,3,N,,3,INCREASED AGITATION,AGITATION,HLT_0140,HLGT_0170,PSYCHIATRIC DISORDERS
718-1170,AELOG,03 NOV 2013,E05,HYPERHIDROSIS,11 OCT 2013,12 OCT 2013,2,N,,3,DIAPHORESIS,HYPERHIDROSIS,HLT_0587,HLGT_0005,SKIN AND SUBCUTANEOUS TISSUE DISORDERS
718-1170,AELOG,03 NOV 2013,E06,BODY TEMPERATURE INCREASED,11 OCT 2013,12 OCT 2013,1,N,,3,TEMPERATURE ELEVATION,BODY TEMPERATURE INCREASED,HLT_0734,HLGT_0351,INVESTIGATIONS
718-1170,AELOG,03 NOV 2013,E07,HYPERTENSION,11 OCT 2013,12 OCT 2013,1,N,,3,HYPERTENSION,HYPERTENSION,HLT_0228,HLGT_0476,VASCULAR DISORDERS
718-1172,AELOG,15 SEP 2013,E01,GLAUCOMA,,,1,N,,,GLAUCOMA,GLAUCOMA,HLT_0556,HLGT_0734,EYE DISORDERS
718-1172,AELOG,15 SEP 2013,E02,HYPERTENSION,,,1,N,,,HYPERTENSION,HYPERTENSION,HLT_0228,HLGT_0476,VASCULAR DISORDERS
718-1250,AELOG,21 AUG 2013,E01,OSTEOARTHRITIS,,,1,N,,,OSTEOARTHRITIS,OSTEOARTHRITIS,HLT_0247,HLGT_0462,MUSCULOSKELETAL AND CONNECTIVE TISSUE DISORDERS
718-1250,AELOG,17 OCT 2013,E02,BALANCE DISORDER,09 OCT 2013,15 NOV 2013,2,N,,3,UNSTEADINESS,BALANCE DISORDER,HLT_0541,HLGT_0101,NERVOUS SYSTEM DISORDERS
718-1250,AELOG,19 OCT 2013,E02,BALANCE DISORDER,09 OCT 2013,15 NOV 2013,1,N,,3,UNSTEADINESS,BALANCE DISORDER,HLT_0541,HLGT_0101,NERVOUS SYSTEM DISORDERS
718-1250,AELOG,16 NOV 2013,E02,BALANCE DISORDER,09 OCT 2013,15 NOV 2013,1,N,,3,UNSTEADINESS,BALANCE DISORDER,HLT_0541,HLGT_0101,NERVOUS SYSTEM DISORDERS
718-1250,AELOG,17 OCT 2013,E03,FALL,09 OCT 2013,09 OCT 2013,1,N,,2,FALL,FALL,HLT_0168,HLGT_0446,"INJURY, POISONING AND PROCEDURAL COMPLICATIONS"
718-1250,AELOG,17 OCT 2013,E04,CONTUSION,15 OCT 2013,02 NOV 2013,2,N,,2,BRUISING OF FACE,CONTUSION,HLT_0713,HLGT_0381,"INJURY, POISONING AND PROCEDURAL COMPLICATIONS"
718-1250,AELOG,02 NOV 2013,E04,CONTUSION,15 OCT 2013,02 NOV 2013,1,N,,2,BRUISING OF FACE,CONTUSION,HLT_0713,HLGT_0381,"INJURY, POISONING AND PROCEDURAL COMPLICATIONS"
718-1250,AELOG,16 NOV 2013,E04,CONTUSION,15 OCT 2013,02 NOV 2013,1,N,,2,BRUISING OF FACE,CONTUSION,HLT_0713,HLGT_0381,"INJURY, POISONING AND PROCEDURAL COMPLICATIONS"
718-1250,AELOG,16 NOV 2013,E05,COORDINATION ABNORMAL,15 NOV 2013,15 NOV 2013,1,N,,3,INCOORDINATION,COORDINATION ABNORMAL,HLT_0315,HLGT_0015,NERVOUS SYSTEM DISORDERS
718-1250,AELOG,11 JAN 2014,E06,APPLICATION SITE PRURITUS,29 DEC 2013,19 FEB 2014,2,N,,4,APPLICATION SITE ITCHING,APPLICATION SITE PRURITUS,HLT_0317,HLGT_0338,GENERAL DISORDERS AND ADMINISTRATION SITE CONDITIONS
718-1250,AELOG,08 FEB 2014,E06,APPLICATION SITE PRURITUS,29 DEC 2013,19 FEB 2014,1,N,,4,APPLICATION SITE ITCHING,APPLICATION SITE PRURITUS,HLT_0317,HLGT_0338,GENERAL DISORDERS AND ADMINISTRATION SITE CONDITIONS
718-1250,AELOG,08 MAR 2014,E06,APPLICATION SITE PRURITUS,29 DEC 2013,19 FEB 2014,1,N,,4,APPLICATION SITE ITCHING,APPLICATION SITE PRURITUS,HLT_0317,HLGT_0338,GENERAL DISORDERS AND ADMINISTRATION SITE CONDITIONS
718-1254,AELOG,25 JUL 2013,E01,ARTHRALGIA,25 JUL 2013,25 JUL 2013,1,N,,1,KNEE PAIN,ARTHRALGIA,HLT_0375,HLGT_0610,MUSCULOSKELETAL AND CONNECTIVE TISSUE DISORDERS
718-1254,AELOG,06 AUG 2013,E01,ARTHRALGIA,25 JUL 2013,25 JUL 2013,1,N,,1,KNEE PAIN,ARTHRALGIA,HLT_0375,HLGT_0610,MUSCULOSKELETAL AND CONNECTIVE TISSUE DISORDERS
718-1254,AELOG,20 AUG 2013,E02,APPLICATION SITE DISCOLOURATION,13 AUG 2013,,2,N,,4,APPLICATION SITE DISCOLORATION,APPLICATION SITE DISCOLOURATION,HLT_0121,HLGT_0273,GENERAL DISORDERS AND ADMINISTRATION SITE CONDITIONS
718-1254,AELOG,20 AUG 2013,E03,APPLICATION SITE PRURITUS,13 AUG 2013,,2,N,,4,APPLICATION SITE ITCHING,APPLICATION SITE PRURITUS,HLT_0317,HLGT_0338,GENERAL DISORDERS AND ADMINISTRATION SITE CONDITIONS
718-1254,AELOG,05 SEP 2013,E06,SOMNOLENCE,03 SEP 2013,19 SEP 2013,2,N,,2,SOMNOLENCE,SOMNOLENCE,HLT_0160,HLGT_0254,NERVOUS SYSTEM DISORDERS
718-1254,AELOG,03 OCT 2013,E06,SOMNOLENCE,03 SEP 2013,19 SEP 2013,2,N,,2,SOMNOLENCE,SOMNOLENCE,HLT_0160,HLGT_0254,NERVOUS SYSTEM DISORDERS
718-1254,AELOG,25 JUL 2013,E07,ARTHRALGIA,13 JUL 2013,,2,N,,1,PAIN IN HIP,ARTHRALGIA,HLT_0375,HLGT_0610,MUSCULOSKELETAL AND CONNECTIVE TISSUE DISORDERS
718-1254,AELOG,26 NOV 2013,E08,FOOD CRAVING,31 OCT 2013,,2,N,,,CARBOHYDRATE CRAVING,FOOD CRAVING,HLT_0754,HLGT_0376,METABOLISM AND NUTRITION DISORDERS
718-1254,AELOG,26 NOV 2013,E09,DYSPHAGIA,31 OCT 2013,,2,N,,,SWALLOWING DIFFICULT,DYSPHAGIA,HLT_0563,HLGT_0405,GASTROINTESTINAL DISORDERS
718-1328,AELOG,28 JAN 2013,E01,PAIN IN LEG,,,1,N,,,PAIN IN LEG,PAIN IN EXTREMITY,HLT_0213,HLGT_0764,MUSCULOSKELETAL AND CONNECTIVE TISSUE DISORDERS
718-1328,AELOG,28 JAN 2013,E02,BACK PAIN,,,1,N,,,BACK PAIN,BACK PAIN,HLT_0115,HLGT_0508,MUSCULOSKELETAL AND CONNECTIVE TISSUE DISORDERS
718-1328,AELOG,28 JAN 2013,E03,HEARING DECREASED,,,1,N,,,HEARING DECREASED,HYPOACUSIS,HLT_0174,HLGT_0589,EAR AND LABYRINTH DISORDERS
718-1328,AELOG,28 JAN 2013,E04,CYANOSIS PERIPHERAL,,,1,N,,,CYANOSIS PERIPHERAL,CYANOSIS,HLT_0686,HLGT_0265,CARDIAC DISORDERS
718-1328,AELOG,28 JAN 2013,E05,PITTING EDEMA,,,1,N,,,PITTING EDEMA,PITTING OEDEMA,HLT_0031,HLGT_0713,GENERAL DISORDERS AND ADMINISTRATION SITE CONDITIONS
718-1328,AELOG,28 JAN 2013,E06,BRADYCARDIA,,,1,N,,,BRADYCARDIA,BRADYCARDIA,HLT_0640,HLGT_0294,CARDIAC DISORDERS
718-1328,AELOG,04 APR 2013,E07,APPLICATION SITE DERMATITIS,23 MAR 2013,25 MAR 2013,1,N,,4,APPLICATION SITE RASH,APPLICATION SITE DERMATITIS,HLT_0343,HLGT_0241,GENERAL DISORDERS AND ADMINISTRATION SITE CONDITIONS
718-1328,AELOG,04 APR 2013,E08,APPLICATION SITE IRRITATION,23 MAR 2013,25 MAR 2013,1,N,,4,APPLICATION SITE BURNING,APPLICATION SITE IRRITATION,HLT_0061,HLGT_0346,GENERAL DISORDERS AND ADMINISTRATION SITE CONDITIONS
718-1328,AELOG,04 APR 2013,E09,APPLICATION SITE IRRITATION,02 APR 2013,21 APR 2013,1,N,,4,APPLICATION SITE IRRITATION,APPLICATION SITE IRRITATION,HLT_0061,HLGT_0346,GENERAL DISORDERS AND ADMINISTRATION SITE CONDITIONS
718-1328,AELOG,01 MAY 2013,E09,APPLICATION SITE IRRITATION,02 APR 2013,21 APR 2013,2,N,,4,APPLICATION SITE IRRITATION,APPLICATION SITE IRRITATION,HLT_0061,HLGT_0346,GENERAL DISORDERS AND ADMINISTRATION SITE CONDITIONS
718-1355,AELOG,12 FEB 2013,E01,POLYARTHRITIS,,,2,N,,,POLYARTHRITIS,POLYARTHRITIS,HLT_0134,HLGT_0167,MUSCULOSKELETAL AND CONNECTIVE TISSUE DISORDERS
718-1355,AELOG,12 FEB 2013,E02,HEARTBURN,,,2,N,,,HEARTBURN,DYSPEPSIA,HLT_0244,HLGT_0716,GASTROINTESTINAL DISORDERS
718-1355,AELOG,12 FEB 2013,E03,ATOPIC DERMATITIS,,,1,N,,,ATOPIC DERMATITIS,DERMATITIS ATOPIC,HLT_0480,HLGT_0257,SKIN AND SUBCUTANEOUS TISSUE DISORDERS
718-1355,AELOG,25 APR 2013,E03,DERMATITIS ATOPIC,UN UNK 1982,,2,N,,1,ATOPIC DERMATITIS,DERMATITIS ATOPIC,HLT_0480,HLGT_0257,SKIN AND SUBCUTANEOUS TISSUE DISORDERS
718-1355,AELOG,16 MAR 2013,E05,SKIN ULCER,08 MAR 2013,22 MAR 2013,2,N,,4,SKIN EROSION,SKIN ULCER,HLT_0005,HLGT_0017,SKIN AND SUBCUTANEOUS TISSUE DISORDERS
718-1355,AELOG,28 MAR 2013,E05,SKIN ULCER,08 MAR 2013,22 MAR 2013,2,N,,4,SKIN EROSION,SKIN ULCER,HLT_0005,HLGT_0017,SKIN AND SUBCUTANEOUS TISSUE DISORDERS
718-1355,AELOG,25 APR 2013,E06,CONFUSIONAL STATE,17 APR 2013,,2,N,,2,CONFUSION,CONFUSIONAL STATE,HLT_0642,HLGT_0329,PSYCHIATRIC DISORDERS
718-1355,AELOG,23 MAY 2013,E07,APPLICATION SITE DERMATITIS,16 MAY 2013,16 MAY 2013,1,N,,4,APPLICATION SITE RASH,APPLICATION SITE DERMATITIS,HLT_0343,HLGT_0241,GENERAL DISORDERS AND ADMINISTRATION SITE CONDITIONS
718-1355,AELOG,23 MAY 2013,E08,APPLICATION SITE DERMATITIS,12 MAY 2013,12 MAY 2013,1,N,,4,APPLICATION SITE RASH,APPLICATION SITE DERMATITIS,HLT_0343,HLGT_0241,GENERAL DISORDERS AND ADMINISTRATION SITE CONDITIONS
718-1355,AELOG,23 MAY 2013,E09,APPLICATION SITE DERMATITIS,27 APR 2013,27 APR 2013,1,N,,4,APPLICATION SITE RASH,APPLICATION SITE DERMATITIS,HLT_0343,HLGT_0241,GENERAL DISORDERS AND ADMINISTRATION SITE CONDITIONS
718-1355,AELOG,23 MAY 2013,E10,APPLICATION SITE DERMATITIS,20 MAY 2013,20 MAY 2013,1,N,,4,APPLICATION SITE RASH,APPLICATION SITE DERMATITIS,HLT_0343,HLGT_0241,GENERAL DISORDERS AND ADMINISTRATION SITE CONDITIONS
718-1355,AELOG,20 JUN 2013,E11,SOMNOLENCE,25 MAY 2013,,2,N,,1,SLEEPINESS,SOMNOLENCE,HLT_0160,HLGT_0254,NERVOUS SYSTEM DISORDERS
718-1355,AELOG,18 JUL 2013,E13,APPLICATION SITE REACTION,23 JUN 2013,13 AUG 2013,1,N,,4,APPLICATION SITE REACTION,APPLICATION SITE REACTION,HLT_0339,HLGT_0668,GENERAL DISORDERS AND ADMINISTRATION SITE CONDITIONS
718-1355,AELOG,15 AUG 2013,E13,APPLICATION SITE REACTION,23 JUN 2013,13 AUG 2013,2,N,,4,APPLICATION SITE REACTION,APPLICATION SITE REACTION,HLT_0339,HLGT_0668,GENERAL DISORDERS AND ADMINISTRATION SITE CONDITIONS
718-1355,AELOG,15 AUG 2013,E14,HYPERTENSION,15 AUG 2013,29 AUG 2013,2,N,,2,HYPERTENSION,HYPERTENSION,HLT_0228,HLGT_0476,VASCULAR DISORDERS
718-1355,AELOG,29 AUG 2013,E14,HYPERTENSION,15 AUG 2013,29 AUG 2013,2,N,,2,HYPERTENSION,HYPERTENSION,HLT_0228,HLGT_0476,VASCULAR DISORDERS
718-1371,AELOG,11 APR 2013,E01,HYPERCHOLESTEROLEMIA,,,1,N,,,HYPERCHOLESTEROLEMIA,HYPERCHOLESTEROLAEMIA,HLT_0025,HLGT_0703,METABOLISM AND NUTRITION DISORDERS
718-1371,AELOG,11 APR 2013,E03,DIAPHORESIS,,,2,N,,,DIAPHORESIS,HYPERHIDROSIS,HLT_0587,HLGT_0005,SKIN AND SUBCUTANEOUS TISSUE DISORDERS
718-1371,AELOG,11 APR 2013,E04,DIZZINESS,,,2,N,,,DIZZINESS,DIZZINESS,HLT_0619,HLGT_0751,NERVOUS SYSTEM DISORDERS
718-1371,AELOG,11 APR 2013,E05,TWITCHING OF NECK AND FACE,,,2,N,,,TWITCHING OF NECK AND FACE,MUSCLE TWITCHING,HLT_0654,HLGT_0491,MUSCULOSKELETAL AND CONNECTIVE TISSUE DISORDERS
718-1371,AELOG,24 MAY 2013,E06,FATIGUE,09 MAY 2013,11 MAY 2013,1,N,,3,FATIGUE,FATIGUE,HLT_0043,HLGT_0181,GENERAL DISORDERS AND ADMINISTRATION SITE CONDITIONS
718-1371,AELOG,24 MAY 2013,E07,NAUSEA,09 MAY 2013,11 MAY 2013,1,N,,3,NAUSEA,NAUSEA,HLT_0742,HLGT_0326,GASTROINTESTINAL DISORDERS
718-1371,AELOG,24 MAY 2013,E08,APPLICATION SITE IRRITATION,24 MAY 2013,,1,N,,4,APPLICATION SITE IRRITATION,APPLICATION SITE IRRITATION,HLT_0061,HLGT_0346,GENERAL DISORDERS AND ADMINISTRATION SITE CONDITIONS
718-1371,AELOG,08 AUG 2013,E08,APPLICATION SITE IRRITATION,24 MAY 2013,,2,N,,4,APPLICATION SITE IRRITATION,APPLICATION SITE IRRITATION,HLT_0061,HLGT_0346,GENERAL DISORDERS AND ADMINISTRATION SITE CONDITIONS
718-1371,AELOG,11 APR 2013,E10,HYSTERECTOMY,,,1,N,,,HYSTERECTOMY,HYSTERECTOMY,HLT_0675,HLGT_0657,SURGICAL AND MEDICAL PROCEDURES
718-1371,AELOG,20 JUN 2013,E11,PARTIAL SEIZURES WITH SECONDARY GENERALISATION,02 JUN 2013,05 JUN 2013,3,Y,4,1,PARTIAL SEIZURES WITH SECONDARY GENERALIZATION,PARTIAL SEIZURES WITH SECONDARY GENERALISATION,HLT_0603,HLGT_0719,NERVOUS SYSTEM DISORDERS
718-1371,AELOG,20 JUN 2013,E13,"HALLUCINATION, VISUAL",02 JUN 2013,03 JUN 2013,2,N,,3,VISUAL HALLUCINATIONS,"HALLUCINATION, VISUAL",HLT_0369,HLGT_0663,PSYCHIATRIC DISORDERS
718-1427,AELOG,13 DEC 2012,E01,HEARING DECREASED,,,1,N,,,HEARING DECREASED,HYPOACUSIS,HLT_0174,HLGT_0589,EAR AND LABYRINTH DISORDERS
718-1427,AELOG,13 DEC 2012,E02,HEART MURMUR,,,1,N,,,HEART MURMUR,CARDIAC MURMUR,HLT_0085,HLGT_0133,INVESTIGATIONS
718-1427,AELOG,13 DEC 2012,E03,ABSENT ANKLE JERK,,,1,N,,,ABSENT ANKLE JERK,AREFLEXIA,HLT_0451,HLGT_0516,NERVOUS SYSTEM DISORDERS
718-1427,AELOG,31 DEC 2012,E04,BACK PAIN,18 DEC 2012,18 DEC 2012,1,N,,1,BACK PAIN,BACK PAIN,HLT_0115,HLGT_0508,MUSCULOSKELETAL AND CONNECTIVE TISSUE DISORDERS
718-1427,AELOG,31 DEC 2012,E05,NAUSEA,26 DEC 2012,26 DEC 2012,2,N,,2,NAUSEA,NAUSEA,HLT_0742,HLGT_0326,GASTROINTESTINAL DISORDERS
718-1427,AELOG,17 JAN 2013,E06,NAUSEA,03 JAN 2013,09 JAN 2013,2,N,,3,NAUSEA,NAUSEA,HLT_0742,HLGT_0326,GASTROINTESTINAL DISORDERS
718-1427,AELOG,17 JAN 2013,E07,AMNESIA,01 JAN 2013,19 JAN 2013,1,N,,1,SHORT-TERM MEMORY LOSS,AMNESIA,HLT_0501,HLGT_0641,NERVOUS SYSTEM DISORDERS
718-1427,AELOG,28 JAN 2013,E07,AMNESIA,01 JAN 2013,19 JAN 2013,1,N,,1,SHORT-TERM MEMORY LOSS,AMNESIA,HLT_0501,HLGT_0641,NERVOUS SYSTEM DISORDERS
718-1427,AELOG,17 JAN 2013,E08,LETHARGY,05 JAN 2013,05 JAN 2013,2,N,,3,LETHARGY,LETHARGY,HLT_0027,HLGT_0448,NERVOUS SYSTEM DISORDERS
718-1427,AELOG,17 JAN 2013,E09,NAUSEA,16 JAN 2013,16 JAN 2013,2,N,,3,NAUSEA,NAUSEA,HLT_0742,HLGT_0326,GASTROINTESTINAL DISORDERS
718-1427,AELOG,28 JAN 2013,E10,APPLICATION SITE PRURITUS,27 JAN 2013,28 JAN 2013,2,N,,4,APPLICATION SITE ITCHING,APPLICATION SITE PRURITUS,HLT_0317,HLGT_0338,GENERAL DISORDERS AND ADMINISTRATION SITE CONDITIONS
718-1427,AELOG,18 FEB 2013,E10,APPLICATION SITE PRURITUS,27 JAN 2013,28 JAN 2013,2,N,,4,APPLICATION SITE ITCHING,APPLICATION SITE PRURITUS,HLT_0317,HLGT_0338,GENERAL DISORDERS AND ADMINISTRATION SITE CONDITIONS
718-1427,AELOG,28 JAN 2013,E11,APPLICATION SITE DERMATITIS,27 JAN 2013,27 JAN 2013,2,N,,4,APPLICATION SITE RASH,APPLICATION SITE DERMATITIS,HLT_0343,HLGT_0241,GENERAL DISORDERS AND ADMINISTRATION SITE CONDITIONS
718-1427,AELOG,28 JAN 2013,E12,NAUSEA,21 JAN 2013,24 JAN 2013,3,N,,4,NAUSEA,NAUSEA,HLT_0742,HLGT_0326,GASTROINTESTINAL DISORDERS
718-1427,AELOG,18 FEB 2013,E13,APPLICATION SITE DERMATITIS,29 JAN 2013,,1,N,,4,APPLICATION SITE RASH,APPLICATION SITE DERMATITIS,HLT_0343,HLGT_0241,GENERAL DISORDERS AND ADMINISTRATION SITE CONDITIONS
718-1427,AELOG,18 FEB 2013,E14,DECREASED APPETITE,04 FEB 2013,25 FEB 2013,2,N,,3,DECREASED APPETITE,DECREASED APPETITE,HLT_0574,HLGT_0231,METABOLISM AND NUTRITION DISORDERS
718-1427,AELOG,03 JUN 2013,E14,DECREASED APPETITE,04 FEB 2013,25 FEB 2013,2,N,,3,DECREASED APPETITE,DECREASED APPETITE,HLT_0574,HLGT_0231,METABOLISM AND NUTRITION DISORDERS
718-1427,AELOG,18 FEB 2013,E15,NAUSEA,04 FEB 2013,25 FEB 2013,2,N,,3,NAUSEA,NAUSEA,HLT_0742,HLGT_0326,GASTROINTESTINAL DISORDERS
718-1427,AELOG,03 JUN 2013,E15,NAUSEA,04 FEB 2013,25 FEB 2013,2,N,,3,NAUSEA,NAUSEA,HLT_0742,HLGT_0326,GASTROINTESTINAL DISORDERS
