SUBJECT,FOLDER,VISIT_DATE,ROW,TIMING_CODE,POSITION,HEART_RATE,SYSTOLIC,DIASTOLIC
701-1015,V1,26 DEC 2013,0,815,SU,57,131,64
701-1015,V1,26 DEC 2013,1,816,ST,62,129,83
701-1015,V1,26 DEC 2013,2,817,ST,65,147,57
701-1015,V10,07 MAY 2014,0,815,SU,60,163,66
701-1015,V10,07 MAY 2014,1,816,ST,55,145,68
701-1015,V10,07 MAY 2014,2,817,ST,61,152,66
701-1015,V11,21 MAY 2014,0,815,SU,54,137,67
701-1015,V11,21 MAY 2014,1,816,ST,59,139,65
701-1015,V11,21 MAY 2014,2,817,ST,58,136,63
701-1015,V12,18 JUN 2014,0,815,SU,55,129,63
701-1015,V12,18 JUN 2014,1,816,ST,57,131,57
701-1015,V12,18 JUN 2014,2,817,ST,56,137,71
701-1015,V13,02 JUL 2014,0,815,SU,60,127,61
701-1015,V13,02 JUL 2014,1,816,ST,61,128,59
701-1015,V13,02 JUL 2014,2,817,ST,59,129,55
701-1015,V2,31 DEC 2013,0,815,SU,56,138,68
701-1015,V2,31 DEC 2013,1,816,ST,60,137,59
701-1015,V2,31 DEC 2013,2,817,ST,57,145,71
701-1015,V3,02 JAN 2014,0,815,SU,56,130,56
701-1015,V3,02 JAN 2014,1,816,ST,59,121,51
701-1015,V3,02 JAN 2014,2,817,ST,59,131,61
701-1015,V3E,14 JAN 2014,0,815,SU,61,137,67
701-1015,V3E,14 JAN 2014,1,816,ST,65,127,61
701-1015,V3E,14 JAN 2014,2,817,ST,61,146,65
701-1015,V4,16 JAN 2014,0,815,SU,58,114,56
701-1015,V4,16 JAN 2014,1,816,ST,61,121,50
701-1015,V4,16 JAN 2014,2,817,ST,62,132,54
701-1015,V5,30 JAN 2014,0,815,SU,59,138,64
701-1015,V5,30 JAN 2014,1,816,ST,62,137,55
701-1015,V5,30 JAN 2014,2,817,ST,59,132,53
701-1015,V6,01 FEB 2014,0,815,SU,67,138,72
701-1015,V6,01 FEB 2014,1,816,ST,69,131,61
701-1015,V6,01 FEB 2014,2,817,ST,65,123,53
701-1015,V7,12 FEB 2014,0,815,SU,55,148,55
701-1015,V7,12 FEB 2014,1,816,ST,56,137,63
701-1015,V7,12 FEB 2014,2,817,ST,57,138,60
701-1015,V8,05 MAR 2014,0,815,SU,57,138,67
701-1015,V8,05 MAR 2014,1,816,ST,60,146,62
701-1015,V8,05 MAR 2014,2,817,ST,57,140,71
701-1015,V9,26 MAR 2014,0,815,SU,54,139,68
701-1015,V9,26 MAR 2014,1,816,ST,53,146,60
701-1015,V9,26 MAR 2014,2,817,ST,52,138,64
701-1023,ET,02 SEP 2012,0,815,SU,64,130,86
701-1023,ET,02 SEP 2012,1,816,ST,76,134,88
701-1023,ET,02 SEP 2012,2,817,ST,70,136,92
701-1023,V1,22 JUL 2012,0,815,SU,65,130,86
701-1023,V1,22 JUL 2012,1,816,ST,78,132,89
701-1023,V1,22 JUL 2012,2,817,ST,74,140,90
701-1023,V2,03 AUG 2012,0,815,SU,79,131,77
701-1023,V2,03 AUG 2012,1,816,ST,91,129,79
701-1023,V2,03 AUG 2012,2,817,ST,92,138,85
701-1023,V201,18 FEB 2013,0,815,SU,72,125,89
701-1023,V201,18 FEB 2013,1,816,ST,84,110,86
701-1023,V201,18 FEB 2013,2,817,ST,76,130,84
701-1023,V3,05 AUG 2012,0,815,SU,68,130,84
701-1023,V3,05 AUG 2012,1,816,ST,80,132,86
701-1023,V3,05 AUG 2012,2,817,ST,76,132,88
701-1023,V3E,26 AUG 2012,0,815,SU,71,133,82
701-1023,V3E,26 AUG 2012,1,816,ST,79,130,88
701-1023,V3E,26 AUG 2012,2,817,ST,77,138,89
701-1023,V4,27 AUG 2012,0,815,SU,84,122,88
701-1023,V4,27 AUG 2012,1,816,ST,92,130,86
701-1023,V4,27 AUG 2012,2,817,ST,94,138,90
701-1028,V1,11 JUL 2013,0,815,SU,54,143,76
701-1028,V1,11 JUL 2013,1,816,ST,59,140,70
701-1028,V1,11 JUL 2013,2,817,ST,59,132,73
701-1028,V10,06 NOV 2013,0,815,SU,60,122,75
701-1028,V10,06 NOV 2013,1,816,ST,70,130,76
701-1028,V10,06 NOV 2013,2,817,ST,69,132,78
701-1028,V11,04 DEC 2013,0,815,SU,60,129,79
701-1028,V11,04 DEC 2013,1,816,ST,67,123,76
701-1028,V11,04 DEC 2013,2,817,ST,69,131,77
701-1028,V12,06 JAN 2014,0,815,SU,62,130,73
701-1028,V12,06 JAN 2014,1,816,ST,72,133,72
701-1028,V12,06 JAN 2014,2,817,ST,73,131,77
701-1028,V13,14 JAN 2014,0,815,SU,53,131,70
701-1028,V13,14 JAN 2014,1,816,ST,58,118,79
701-1028,V13,14 JAN 2014,2,817,ST,59,131,77
701-1028,V2,17 JUL 2013,0,815,SU,68,122,76
701-1028,V2,17 JUL 2013,1,816,ST,72,142,76
701-1028,V2,17 JUL 2013,2,817,ST,74,132,85
701-1028,V3,19 JUL 2013,0,815,SU,62,138,85
701-1028,V3,19 JUL 2013,1,816,ST,62,145,76
701-1028,V3,19 JUL 2013,2,817,ST,66,139,75
701-1028,V3E,31 JUL 2013,0,815,SU,60,138,82
701-1028,V3E,31 JUL 2013,1,816,ST,66,137,82
701-1028,V3E,31 JUL 2013,2,817,ST,65,145,84
701-1028,V4,01 AUG 2013,0,815,SU,65,134,78
701-1028,V4,01 AUG 2013,1,816,ST,77,138,80
701-1028,V4,01 AUG 2013,2,817,ST,72,131,80
701-1028,V5,14 AUG 2013,0,815,SU,68,69,130
701-1028,V5,14 AUG 2013,1,816,ST,81,130,72
701-1028,V5,14 AUG 2013,2,817,ST,76,138,68
701-1028,V6,16 AUG 2013,0,815,SU,63,138,76
701-1028,V6,16 AUG 2013,1,816,ST,68,138,85
701-1028,V6,16 AUG 2013,2,817,ST,70,146,81
701-1028,V7,29 AUG 2013,0,815,SU,56,131,69
701-1028,V7,29 AUG 2013,1,816,ST,60,131,77
701-1028,V7,29 AUG 2013,2,817,ST,62,132,76
701-1028,V8,10 SEP 2013,0,815,SU,67,137,76
701-1028,V8,10 SEP 2013,1,816,ST,76,146,81
701-1028,V8,10 SEP 2013,2,817,ST,81,130,84
701-1028,V9,09 OCT 2013,0,815,SU,61,128,74
701-1028,V9,09 OCT 2013,1,816,ST,64,137,83
701-1028,V9,09 OCT 2013,2,817,ST,70,138,80
701-1033,ET,14 APR 2014,0,815,SU,54,130,76
701-1033,ET,14 APR 2014,1,816,ST,57,122,67
701-1033,ET,14 APR 2014,2,817,ST,58,125,67
701-1033,V1,10 MAR 2014,0,815,SU,59,128,82
701-1033,V1,10 MAR 2014,1,816,ST,70,117,67
701-1033,V1,10 MAR 2014,2,817,ST,67,121,72
701-1033,V2,16 MAR 2014,0,815,SU,67,115,69
701-1033,V2,16 MAR 2014,1,816,ST,80,102,60
701-1033,V2,16 MAR 2014,2,817,ST,82,124,62
701-1033,V201,15 SEP 2014,0,815,SU,50,130,79
701-1033,V201,15 SEP 2014,1,816,ST,55,122,71
701-1033,V201,15 SEP 2014,2,817,ST,50,123,60
701-1033,V3,18 MAR 2014,0,815,SU,55,136,83
701-1033,V3,18 MAR 2014,1,816,ST,64,116,67
701-1033,V3,18 MAR 2014,2,817,ST,62,121,70
701-1033,V3E,31 MAR 2014,0,815,SU,62,151,84
701-1033,V3E,31 MAR 2014,1,816,ST,62,139,81
701-1033,V3E,31 MAR 2014,2,817,ST,60,139,85
701-1033,V4,01 APR 2014,0,815,SU,59,138,84
701-1033,V4,01 APR 2014,1,816,ST,62,118,72
701-1033,V4,01 APR 2014,2,817,ST,62,130,76
701-1034,V1,24 JUN 2014,0,815,SU,69,160,58
701-1034,V1,24 JUN 2014,1,816,ST,76,183,73
701-1034,V1,24 JUN 2014,2,817,ST,74,151,79
701-1034,V10,21 OCT 2014,0,815,SU,74,154,87
701-1034,V10,21 OCT 2014,1,816,ST,79,183,77
701-1034,V10,21 OCT 2014,2,817,ST,78,186,72
701-1034,V11,18 NOV 2014,0,815,SU,86,167,78
701-1034,V11,18 NOV 2014,1,816,ST,84,181,77
701-1034,V11,18 NOV 2014,2,817,ST,80,185,72
701-1034,V12,17 DEC 2014,0,815,SU,96,178,81
701-1034,V12,17 DEC 2014,1,816,ST,97,198,97
701-1034,V12,17 DEC 2014,2,817,ST,91,164,98
701-1034,V13,30 DEC 2014,0,815,SU,74,154,67
701-1034,V13,30 DEC 2014,1,816,ST,86,150,93
701-1034,V13,30 DEC 2014,2,817,ST,76,179,66
701-1034,V2,29 JUN 2014,0,815,SU,75,158,62
701-1034,V2,29 JUN 2014,1,816,ST,79,155,81
701-1034,V2,29 JUN 2014,2,817,ST,79,155,69
701-1034,V3,01 JUL 2014,0,815,SU,76,163,60
701-1034,V3,01 JUL 2014,1,816,ST,83,177,75
701-1034,V3,01 JUL 2014,2,817,ST,80,168,82
701-1034,V4,15 JUL 2014,0,815,SU,86,183,81
701-1034,V4,15 JUL 2014,1,816,ST,91,191,101
701-1034,V4,15 JUL 2014,2,817,ST,86,161,84
701-1034,V5,29 JUL 2014,0,815,SU,87,165,71
701-1034,V5,29 JUL 2014,1,816,ST,91,170,69
701-1034,V5,29 JUL 2014,2,817,ST,88,169,71
701-1034,V6,31 JUL 2014,0,815,SU,83,140,54
701-1034,V6,31 JUL 2014,1,816,ST,90,166,65
701-1034,V6,31 JUL 2014,2,817,ST,86,159,61
701-1034,V7,11 AUG 2014,0,815,SU,97,145,57
701-1034,V7,11 AUG 2014,1,816,ST,93,174,76
701-1034,V7,11 AUG 2014,2,817,ST,94,170,80
701-1034,V8,26 AUG 2014,0,815,SU,78,188,73
701-1034,V8,26 AUG 2014,1,816,ST,71,197,80
701-1034,V8,26 AUG 2014,2,817,ST,71,198,76
701-1034,V9,25 SEP 2014,0,815,SU,66,145,71
701-1034,V9,25 SEP 2014,1,816,ST,70,150,66
701-1034,V9,25 SEP 2014,2,817,ST,69,177,63
701-1047,ET,29 MAR 2013,0,815,SU,78,123,71
701-1047,ET,29 MAR 2013,1,816,ST,90,115,63
701-1047,ET,29 MAR 2013,2,817,ST,87,123,57
701-1047,V1,22 JAN 2013,0,815,SU,53,165,68
701-1047,V1,22 JAN 2013,1,816,ST,64,162,71
701-1047,V1,22 JAN 2013,2,817,ST,61,161,83
701-1047,V2,10 FEB 2013,0,815,SU,58,159,65
701-1047,V2,10 FEB 2013,1,816,ST,74,152,86
701-1047,V2,10 FEB 2013,2,817,ST,73,138,71
701-1047,V201,28 JUL 2013,0,815,SU,58,139,76
701-1047,V201,28 JUL 2013,1,816,ST,72,130,71
701-1047,V201,28 JUL 2013,2,817,ST,72,139,65
701-1047,V3,12 FEB 2013,0,815,SU,58,151,61
701-1047,V3,12 FEB 2013,1,816,ST,67,145,68
701-1047,V3,12 FEB 2013,2,817,ST,67,167,78
701-1047,V3E,24 FEB 2013,0,815,SU,62,146,72
701-1047,V3E,24 FEB 2013,1,816,ST,74,137,56
701-1047,V3E,24 FEB 2013,2,817,ST,72,148,73
701-1047,V4,25 FEB 2013,0,815,SU,66,145,72
701-1047,V4,25 FEB 2013,1,816,ST,75,146,84
701-1047,V4,25 FEB 2013,2,817,ST,78,153,73
701-1047,V5,10 MAR 2013,0,815,SU,69,135,72
701-1047,V5,10 MAR 2013,1,816,ST,64,145,71
701-1047,V5,10 MAR 2013,2,817,ST,70,143,78
701-1097,V1,23 DEC 2013,0,815,SU,59,138,72
701-1097,V1,23 DEC 2013,1,816,ST,66,137,74
701-1097,V1,23 DEC 2013,2,817,ST,65,139,79
701-1097,V10,23 APR 2014,0,815,SU,67,132,70
701-1097,V10,23 APR 2014,1,816,ST,74,138,76
701-1097,V10,23 APR 2014,2,817,ST,72,139,74
701-1097,V11,21 MAY 2014,0,815,SU,61,121,67
701-1097,V11,21 MAY 2014,1,816,ST,70,112,58
701-1097,V11,21 MAY 2014,2,817,ST,67,115,61
701-1097,V12,18 JUN 2014,0,815,SU,65,137,83
701-1097,V12,18 JUN 2014,1,816,ST,74,131,84
701-1097,V12,18 JUN 2014,2,817,ST,72,130,84
701-1097,V13,09 JUL 2014,0,815,SU,58,123,72
701-1097,V13,09 JUL 2014,1,816,ST,76,132,78
701-1097,V13,09 JUL 2014,2,817,ST,66,131,77
701-1097,V2,30 DEC 2013,0,815,SU,60,131,65
701-1097,V2,30 DEC 2013,1,816,ST,70,138,76
701-1097,V2,30 DEC 2013,2,817,ST,66,138,80
701-1097,V3,01 JAN 2014,0,815,SU,60,128,72
701-1097,V3,01 JAN 2014,1,816,ST,68,130,78
701-1097,V3,01 JAN 2014,2,817,ST,64,132,80
701-1097,V3E,14 JAN 2014,0,815,SU,55,121,67
701-1097,V3E,14 JAN 2014,1,816,ST,59,144,79
701-1097,V3E,14 JAN 2014,2,817,ST,60,130,67
701-1097,V4,15 JAN 2014,0,815,SU,66,124,72
701-1097,V4,15 JAN 2014,1,816,ST,72,130,82
701-1097,V4,15 JAN 2014,2,817,ST,68,132,84
701-1097,V5,29 JAN 2014,0,815,SU,50,137,71
701-1097,V5,29 JAN 2014,1,816,ST,54,134,70
701-1097,V5,29 JAN 2014,2,817,ST,54,137,68
701-1097,V6,04 FEB 2014,0,815,SU,62,132,68
701-1097,V6,04 FEB 2014,1,816,ST,68,132,70
701-1097,V6,04 FEB 2014,2,817,ST,66,138,70
701-1097,V7,11 FEB 2014,0,815,SU,64,122,68
701-1097,V7,11 FEB 2014,1,816,ST,76,124,70
701-1097,V7,11 FEB 2014,2,817,ST,74,124,78
701-1097,V8,26 FEB 2014,0,815,SU,54,136,75
701-1097,V8,26 FEB 2014,1,816,ST,62,130,73
701-1097,V8,26 FEB 2014,2,817,ST,61,131,66
701-1097,V9,26 MAR 2014,0,815,SU,58,121,74
701-1097,V9,26 MAR 2014,1,816,ST,72,132,70
701-1097,V9,26 MAR 2014,2,817,ST,70,139,72
701-1111,ET,17 SEP 2012,0,815,SU,85,125,60
701-1111,ET,17 SEP 2012,1,816,ST,89,112,66
701-1111,ET,17 SEP 2012,2,817,ST,84,110,60
701-1111,V1,25 AUG 2012,0,815,SU,80,137,74
701-1111,V1,25 AUG 2012,1,816,ST,85,129,75
701-1111,V1,25 AUG 2012,2,817,ST,84,122,65
701-1111,V2,05 SEP 2012,0,815,SU,84,137,63
701-1111,V2,05 SEP 2012,1,816,ST,94,121,74
701-1111,V2,05 SEP 2012,2,817,ST,89,129,74
701-1111,V201,22 FEB 2013,0,815,SU,66,138,64
701-1111,V201,22 FEB 2013,1,816,ST,79,130,72
701-1111,V201,22 FEB 2013,2,817,ST,74,130,64
701-1111,V3,07 SEP 2012,0,815,SU,78,129,66
701-1111,V3,07 SEP 2012,1,816,ST,85,136,78
701-1111,V3,07 SEP 2012,2,817,ST,85,135,71
701-1115,ET,23 JAN 2013,0,815,SU,50,123,76
701-1115,ET,23 JAN 2013,1,816,ST,52,113,52
701-1115,ET,23 JAN 2013,2,817,ST,54,98,60
701-1115,V1,23 NOV 2012,0,815,SU,51,137,71
701-1115,V1,23 NOV 2012,1,816,ST,63,130,68
701-1115,V1,23 NOV 2012,2,817,ST,61,131,69
701-1115,V2,28 NOV 2012,0,815,SU,50,137,71
701-1115,V2,28 NOV 2012,1,816,ST,58,130,65
701-1115,V2,28 NOV 2012,2,817,ST,59,115,68
701-1115,V201,20 MAY 2013,0,815,SU,79,99,68
701-1115,V201,20 MAY 2013,1,816,ST,98,99,72
701-1115,V201,20 MAY 2013,2,817,ST,94,99,68
701-1115,V3,30 NOV 2012,0,815,SU,50,130,83
701-1115,V3,30 NOV 2012,1,816,ST,62,106,67
701-1115,V3,30 NOV 2012,2,817,ST,60,110,69
701-1115,V3E,12 DEC 2012,0,815,SU,52,144,78
701-1115,V3E,12 DEC 2012,1,816,ST,64,120,70
701-1115,V3E,12 DEC 2012,2,817,ST,65,116,72
701-1115,V4,13 DEC 2012,0,815,SU,53,122,79
701-1115,V4,13 DEC 2012,1,816,ST,70,119,68
701-1115,V4,13 DEC 2012,2,817,ST,65,100,69
701-1115,V5,26 DEC 2012,0,815,SU,51,115,68
701-1115,V5,26 DEC 2012,1,816,ST,57,98,53
701-1115,V5,26 DEC 2012,2,817,ST,64,95,56
701-1115,V6,28 DEC 2012,0,815,SU,50,122,69
701-1115,V6,28 DEC 2012,1,816,ST,63,96,61
701-1115,V6,28 DEC 2012,2,817,ST,60,99,50
701-1115,V7,10 JAN 2013,0,815,SU,52,131,77
701-1115,V7,10 JAN 2013,1,816,ST,62,107,71
701-1115,V7,10 JAN 2013,2,817,ST,62,104,69
701-1118,V1,27 FEB 2014,0,815,SU,65,122,71
701-1118,V1,27 FEB 2014,1,816,ST,76,106,59
701-1118,V1,27 FEB 2014,2,817,ST,76,107,64
701-1118,V10,02 JUL 2014,0,815,SU,70,122,72
701-1118,V10,02 JUL 2014,1,816,ST,78,122,68
701-1118,V10,02 JUL 2014,2,817,ST,78,114,68
701-1118,V11,30 JUL 2014,0,815,SU,72,136,82
701-1118,V11,30 JUL 2014,1,816,ST,87,154,85
701-1118,V11,30 JUL 2014,2,817,ST,85,135,89
701-1118,V12,27 AUG 2014,0,815,SU,61,130,76
701-1118,V12,27 AUG 2014,1,816,ST,74,107,72
701-1118,V12,27 AUG 2014,2,817,ST,75,116,73
701-1118,V13,09 SEP 2014,0,815,SU,65,121,74
701-1118,V13,09 SEP 2014,1,816,ST,75,113,67
701-1118,V13,09 SEP 2014,2,817,ST,75,122,72
701-1118,V2,10 MAR 2014,0,815,SU,60,138,84
701-1118,V2,10 MAR 2014,1,816,ST,68,137,75
701-1118,V2,10 MAR 2014,2,817,ST,66,138,84
701-1118,V3,12 MAR 2014,0,815,SU,62,137,84
701-1118,V3,12 MAR 2014,1,816,ST,70,129,79
701-1118,V3,12 MAR 2014,2,817,ST,70,123,84
701-1118,V3E,25 MAR 2014,0,815,SU,59,131,76
701-1118,V3E,25 MAR 2014,1,816,ST,72,126,79
701-1118,V3E,25 MAR 2014,2,817,ST,68,138,85
701-1118,V4,26 MAR 2014,0,815,SU,62,129,82
701-1118,V4,26 MAR 2014,1,816,ST,73,127,69
701-1118,V4,26 MAR 2014,2,817,ST,68,131,73
701-1118,V5,09 APR 2014,0,815,SU,64,130,75
701-1118,V5,09 APR 2014,1,816,ST,72,114,68
701-1118,V5,09 APR 2014,2,817,ST,81,130,80
701-1118,V6,11 APR 2014,0,815,SU,67,130,75
701-1118,V6,11 APR 2014,1,816,ST,81,114,72
701-1118,V6,11 APR 2014,2,817,ST,84,122,79
701-1118,V7,23 APR 2014,0,815,SU,74,129,62
701-1118,V7,23 APR 2014,1,816,ST,77,122,68
701-1118,V7,23 APR 2014,2,817,ST,79,122,68
701-1118,V8,08 MAY 2014,0,815,SU,65,126,67
701-1118,V8,08 MAY 2014,1,816,ST,83,106,72
701-1118,V8,08 MAY 2014,2,817,ST,80,131,73
701-1118,V9,05 JUN 2014,0,815,SU,75,123,72
701-1118,V9,05 JUN 2014,1,816,ST,89,130,68
701-1118,V9,05 JUN 2014,2,817,ST,89,130,72
701-1130,V1,09 FEB 2014,0,815,SU,71,130,68
701-1130,V1,09 FEB 2014,1,816,ST,76,121,71
701-1130,V1,09 FEB 2014,2,817,ST,72,130,70
701-1130,V10,07 JUN 2014,0,815,SU,65,123,76
701-1130,V10,07 JUN 2014,1,816,ST,72,141,73
701-1130,V10,07 JUN 2014,2,817,ST,72,155,76
701-1130,V11,02 JUL 2014,0,815,SU,74,114,63
701-1130,V11,02 JUL 2014,1,816,ST,83,107,64
701-1130,V11,02 JUL 2014,2,817,ST,80,130,56
701-1130,V12,02 AUG 2014,0,815,SU,60,124,76
701-1130,V12,02 AUG 2014,1,816,ST,76,124,76
701-1130,V12,02 AUG 2014,2,817,ST,74,139,80
701-1130,V13,16 AUG 2014,0,815,SU,63,140,70
701-1130,V13,16 AUG 2014,1,816,ST,76,130,91
701-1130,V13,16 AUG 2014,2,817,ST,76,155,84
701-1130,V2,13 FEB 2014,0,815,SU,67,135,71
701-1130,V2,13 FEB 2014,1,816,ST,71,122,64
701-1130,V2,13 FEB 2014,2,817,ST,70,131,76
701-1130,V3,15 FEB 2014,0,815,SU,70,122,74
701-1130,V3,15 FEB 2014,1,816,ST,77,122,67
701-1130,V3,15 FEB 2014,2,817,ST,76,130,68
701-1130,V3E,28 FEB 2014,0,815,SU,65,145,75
701-1130,V3E,28 FEB 2014,1,816,ST,70,138,72
701-1130,V3E,28 FEB 2014,2,817,ST,68,131,73
701-1130,V4,01 MAR 2014,0,815,SU,68,123,72
701-1130,V4,01 MAR 2014,1,816,ST,76,131,69
701-1130,V4,01 MAR 2014,2,817,ST,72,123,65
701-1130,V5,15 MAR 2014,0,815,SU,74,100,74
701-1130,V5,15 MAR 2014,1,816,ST,80,123,80
701-1130,V5,15 MAR 2014,2,817,ST,79,123,72
701-1130,V6,17 MAR 2014,0,815,SU,69,115,68
701-1130,V6,17 MAR 2014,1,816,ST,78,115,68
701-1130,V6,17 MAR 2014,2,817,ST,82,122,75
701-1130,V7,29 MAR 2014,0,815,SU,60,123,64
701-1130,V7,29 MAR 2014,1,816,ST,72,121,70
701-1130,V7,29 MAR 2014,2,817,ST,72,136,71
701-1130,V8,12 APR 2014,0,815,SU,70,145,75
701-1130,V8,12 APR 2014,1,816,ST,76,138,68
701-1130,V8,12 APR 2014,2,817,ST,75,146,76
701-1130,V9,16 MAY 2014,0,815,SU,68,114,67
701-1130,V9,16 MAY 2014,1,816,ST,75,117,60
701-1130,V9,16 MAY 2014,2,817,ST,74,122,72
701-1133,V1,23 OCT 2012,0,815,SU,52,155,78
701-1133,V1,23 OCT 2012,1,816,ST,64,146,80
701-1133,V1,23 OCT 2012,2,817,ST,61,139,60
701-1133,V10,18 FEB 2013,0,815,SU,70,169,56
701-1133,V10,18 FEB 2013,1,816,ST,72,153,60
701-1133,V10,18 FEB 2013,2,817,ST,74,144,79
701-1133,V11,18 MAR 2013,0,815,SU,77,159,77
701-1133,V11,18 MAR 2013,1,816,ST,81,158,58
701-1133,V11,18 MAR 2013,2,817,ST,80,130,64
701-1133,V12,18 APR 2013,0,815,SU,57,147,73
701-1133,V12,18 APR 2013,1,816,ST,61,137,64
701-1133,V12,18 APR 2013,2,817,ST,57,138,60
701-1133,V13,29 APR 2013,0,815,SU,64,137,66
701-1133,V13,29 APR 2013,1,816,ST,72,137,60
701-1133,V13,29 APR 2013,2,817,ST,72,122,60
701-1133,V2,26 OCT 2012,0,815,SU,61,150,72
701-1133,V2,26 OCT 2012,1,816,ST,54,152,65
701-1133,V2,26 OCT 2012,2,817,ST,62,139,68
701-1133,V3,28 OCT 2012,0,815,SU,70,160,59
701-1133,V3,28 OCT 2012,1,816,ST,73,138,56
701-1133,V3,28 OCT 2012,2,817,ST,64,154,54
701-1133,V3E,11 NOV 2012,0,815,SU,65,137,56
701-1133,V3E,11 NOV 2012,1,816,ST,74,123,62
701-1133,V3E,11 NOV 2012,2,817,ST,75,124,60
701-1133,V4,12 NOV 2012,0,815,SU,59,169,56
701-1133,V4,12 NOV 2012,1,816,ST,64,137,59
701-1133,V4,12 NOV 2012,2,817,ST,66,144,64
701-1133,V5,26 NOV 2012,0,815,SU,64,181,69
701-1133,V5,26 NOV 2012,1,816,ST,68,155,73
701-1133,V5,26 NOV 2012,2,817,ST,61,160,58
701-1133,V6,28 NOV 2012,0,815,SU,66,154,64
701-1133,V6,28 NOV 2012,1,816,ST,67,138,56
701-1133,V6,28 NOV 2012,2,817,ST,72,146,60
701-1133,V7,11 DEC 2012,0,815,SU,63,161,55
701-1133,V7,11 DEC 2012,1,816,ST,61,137,55
701-1133,V7,11 DEC 2012,2,817,ST,62,137,55
701-1133,V8,24 DEC 2012,0,815,SU,57,145,59
701-1133,V8,24 DEC 2012,1,816,ST,61,154,56
701-1133,V8,24 DEC 2012,2,817,ST,62,146,56
701-1133,V9,22 JAN 2013,0,815,SU,79,129,56
701-1133,V9,22 JAN 2013,1,816,ST,88,145,60
701-1133,V9,22 JAN 2013,2,817,ST,82,146,60
701-1146,ET,30 JUN 2013,0,815,SU,52,115,56
701-1146,ET,30 JUN 2013,1,816,ST,60,107,60
701-1146,ET,30 JUN 2013,2,817,ST,67,116,54
701-1146,V1,07 MAY 2013,0,815,SU,65,114,48
701-1146,V1,07 MAY 2013,1,816,ST,76,122,56
701-1146,V1,07 MAY 2013,2,817,ST,79,122,59
701-1146,V2,18 MAY 2013,0,815,SU,62,114,50
701-1146,V2,18 MAY 2013,1,816,ST,80,107,54
701-1146,V2,18 MAY 2013,2,817,ST,74,108,58
701-1146,V3,20 MAY 2013,0,815,SU,67,128,51
701-1146,V3,20 MAY 2013,1,816,ST,72,124,57
701-1146,V3,20 MAY 2013,2,817,ST,68,115,51
701-1146,V3E,02 JUN 2013,0,815,SU,65,113,51
701-1146,V3E,02 JUN 2013,1,816,ST,70,136,52
701-1146,V3E,02 JUN 2013,2,817,ST,67,121,62
701-1146,V4,03 JUN 2013,0,815,SU,62,108,57
701-1146,V4,03 JUN 2013,1,816,ST,70,104,43
701-1146,V4,03 JUN 2013,2,817,ST,69,116,58
701-1146,V5,16 JUN 2013,0,815,SU,68,121,55
701-1146,V5,16 JUN 2013,1,816,ST,73,129,59
701-1146,V5,16 JUN 2013,2,817,ST,73,122,56
701-1146,V6,18 JUN 2013,0,815,SU,68,108,45
701-1146,V6,18 JUN 2013,1,816,ST,72,115,60
701-1146,V6,18 JUN 2013,2,817,ST,72,122,56
701-1148,V1,14 AUG 2013,0,815,SU,50,116,69
701-1148,V1,14 AUG 2013,1,816,ST,66,115,60
701-1148,V1,14 AUG 2013,2,817,ST,69,107,68
701-1148,V10,13 DEC 2013,0,815,SU,60,114,68
701-1148,V10,13 DEC 2013,1,816,ST,78,107,73
701-1148,V10,13 DEC 2013,2,817,ST,77,109,76
701-1148,V11,10 JAN 2014,0,815,SU,52,116,69
701-1148,V11,10 JAN 2014,1,816,ST,59,105,63
701-1148,V11,10 JAN 2014,2,817,ST,59,102,69
701-1148,V12,08 FEB 2014,0,815,SU,59,101,64
701-1148,V12,08 FEB 2014,1,816,ST,74,96,73
701-1148,V12,08 FEB 2014,2,817,ST,76,100,73
701-1148,V13,20 FEB 2014,0,815,SU,62,107,68
701-1148,V13,20 FEB 2014,1,816,ST,77,99,73
701-1148,V13,20 FEB 2014,2,817,ST,75,95,68
701-1148,V2,21 AUG 2013,0,815,SU,54,115,76
701-1148,V2,21 AUG 2013,1,816,ST,57,106,68
701-1148,V2,21 AUG 2013,2,817,ST,67,100,69
701-1148,V3,23 AUG 2013,0,815,SU,58,116,70
701-1148,V3,23 AUG 2013,1,816,ST,73,116,58
701-1148,V3,23 AUG 2013,2,817,ST,70,122,76
701-1148,V3E,04 SEP 2013,0,815,SU,75,132,80
701-1148,V3E,04 SEP 2013,1,816,ST,80,108,73
701-1148,V3E,04 SEP 2013,2,817,ST,80,117,67
701-1148,V4,05 SEP 2013,0,815,SU,74,122,69
701-1148,V4,05 SEP 2013,1,816,ST,86,113,66
701-1148,V4,05 SEP 2013,2,817,ST,81,115,73
701-1148,V5,19 SEP 2013,0,815,SU,72,115,69
701-1148,V5,19 SEP 2013,1,816,ST,83,101,65
701-1148,V5,19 SEP 2013,2,817,ST,84,95,61
701-1148,V6,21 SEP 2013,0,815,SU,70,123,76
701-1148,V6,21 SEP 2013,1,816,ST,76,116,77
701-1148,V6,21 SEP 2013,2,817,ST,77,118,79
701-1148,V7,03 OCT 2013,0,815,SU,61,115,76
701-1148,V7,03 OCT 2013,1,816,ST,73,106,60
701-1148,V7,03 OCT 2013,2,817,ST,74,108,70
701-1148,V8,18 OCT 2013,0,815,SU,70,122,75
701-1148,V8,18 OCT 2013,1,816,ST,80,110,75
701-1148,V8,18 OCT 2013,2,817,ST,77,116,77
701-1148,V9,17 NOV 2013,0,815,SU,57,114,68
701-1148,V9,17 NOV 2013,1,816,ST,65,107,69
701-1148,V9,17 NOV 2013,2,817,ST,70,108,69
701-1153,V1,06 SEP 2013,0,815,SU,80,144,67
701-1153,V1,06 SEP 2013,1,816,ST,88,129,68
701-1153,V1,06 SEP 2013,2,817,ST,86,130,72
701-1153,V10,08 JAN 2014,0,815,SU,74,150,62
701-1153,V10,08 JAN 2014,1,816,ST,74,145,56
701-1153,V10,08 JAN 2014,2,817,ST,76,154,56
701-1153,V11,11 FEB 2014,0,815,SU,68,144,54
701-1153,V11,11 FEB 2014,1,816,ST,68,138,57
701-1153,V11,11 FEB 2014,2,817,ST,71,138,61
701-1153,V12,11 MAR 2014,0,815,SU,74,153,55
701-1153,V12,11 MAR 2014,1,816,ST,77,140,52
701-1153,V12,11 MAR 2014,2,817,ST,79,145,58
701-1153,V13,01 APR 2014,0,815,SU,76,160,58
701-1153,V13,01 APR 2014,1,816,ST,76,152,56
701-1153,V13,01 APR 2014,2,817,ST,80,161,63
701-1153,V2,18 SEP 2013,0,815,SU,80,150,68
701-1153,V2,18 SEP 2013,1,816,ST,88,136,74
701-1153,V2,18 SEP 2013,2,817,ST,86,142,72
701-1153,V3,23 SEP 2013,0,815,SU,84,142,60
701-1153,V3,23 SEP 2013,1,816,ST,89,137,62
701-1153,V3,23 SEP 2013,2,817,ST,86,138,60
701-1153,V3E,07 OCT 2013,0,815,SU,82,146,72
701-1153,V3E,07 OCT 2013,1,816,ST,88,138,68
701-1153,V3E,07 OCT 2013,2,817,ST,86,146,74
701-1153,V4,08 OCT 2013,0,815,SU,72,142,63
701-1153,V4,08 OCT 2013,1,816,ST,74,154,52
701-1153,V4,08 OCT 2013,2,817,ST,79,141,67
701-1153,V5,19 OCT 2013,0,815,SU,76,138,56
701-1153,V5,19 OCT 2013,1,816,ST,75,136,52
701-1153,V5,19 OCT 2013,2,817,ST,78,138,61
701-1153,V6,28 OCT 2013,0,815,SU,70,145,57
701-1153,V6,28 OCT 2013,1,816,ST,76,122,52
701-1153,V6,28 OCT 2013,2,817,ST,74,132,54
701-1153,V7,04 NOV 2013,0,815,SU,66,145,59
701-1153,V7,04 NOV 2013,1,816,ST,78,151,68
701-1153,V7,04 NOV 2013,2,817,ST,72,154,72
701-1153,V8,18 NOV 2013,0,815,SU,74,144,56
701-1153,V8,18 NOV 2013,1,816,ST,80,139,66
701-1153,V8,18 NOV 2013,2,817,ST,78,138,60
701-1153,V9,16 DEC 2013,0,815,SU,80,161,63
701-1153,V9,16 DEC 2013,1,816,ST,84,140,66
701-1153,V9,16 DEC 2013,2,817,ST,86,145,60
701-1180,ET,23 MAR 2013,0,815,SU,58,138,84
701-1180,ET,23 MAR 2013,1,816,ST,63,130,85
701-1180,ET,23 MAR 2013,2,817,ST,65,131,81
701-1180,V1,28 JAN 2013,0,815,SU,60,146,86
701-1180,V1,28 JAN 2013,1,816,ST,68,144,88
701-1180,V1,28 JAN 2013,2,817,ST,64,138,90
701-1180,V2,10 FEB 2013,0,815,SU,60,134,84
701-1180,V2,10 FEB 2013,1,816,ST,64,130,82
701-1180,V2,10 FEB 2013,2,817,ST,66,130,84
701-1180,V3,12 FEB 2013,0,815,SU,66,132,76
701-1180,V3,12 FEB 2013,1,816,ST,74,130,80
701-1180,V3,12 FEB 2013,2,817,ST,70,130,84
701-1180,V3E,24 FEB 2013,0,815,SU,71,144,91
701-1180,V3E,24 FEB 2013,1,816,ST,77,131,96
701-1180,V3E,24 FEB 2013,2,817,ST,78,138,99
701-1180,V4,25 FEB 2013,0,815,SU,68,138,87
701-1180,V4,25 FEB 2013,1,816,ST,74,126,93
701-1180,V4,25 FEB 2013,2,817,ST,74,134,97
701-1180,V5,11 MAR 2013,0,815,SU,67,124,79
701-1180,V5,11 MAR 2013,1,816,ST,81,115,83
701-1180,V5,11 MAR 2013,2,817,ST,71,129,83
701-1180,V6,13 MAR 2013,0,815,SU,61,120,86
701-1180,V6,13 MAR 2013,1,816,ST,72,122,84
701-1180,V6,13 MAR 2013,2,817,ST,70,115,84
701-1181,ET,12 DEC 2013,0,815,SU,68,146,64
701-1181,ET,12 DEC 2013,1,816,ST,74,139,61
701-1181,ET,12 DEC 2013,2,817,ST,79,146,71
701-1181,V1,26 NOV 2013,0,815,SU,72,137,59
701-1181,V1,26 NOV 2013,1,816,ST,81,113,56
701-1181,V1,26 NOV 2013,2,817,ST,79,136,60
701-1181,V2,03 DEC 2013,0,815,SU,77,142,61
701-1181,V2,03 DEC 2013,1,816,ST,84,128,63
701-1181,V2,03 DEC 2013,2,817,ST,86,130,57
701-1181,V201,23 MAY 2014,0,815,SU,88,137,52
701-1181,V201,23 MAY 2014,1,816,ST,100,113,47
701-1181,V201,23 MAY 2014,2,817,ST,98,120,54
701-1181,V3,05 DEC 2013,0,815,SU,74,146,71
701-1181,V3,05 DEC 2013,1,816,ST,82,130,64
701-1181,V3,05 DEC 2013,2,817,ST,89,129,66
701-1188,ET,25 MAR 2013,0,815,SU,65,140,74
701-1188,ET,25 MAR 2013,1,816,ST,74,131,73
701-1188,ET,25 MAR 2013,2,817,ST,70,138,77
701-1188,V1,03 FEB 2013,0,815,SU,50,139,72
701-1188,V1,03 FEB 2013,1,816,ST,58,145,67
701-1188,V1,03 FEB 2013,2,817,ST,56,131,69
701-1188,V2,10 FEB 2013,0,815,SU,60,143,71
701-1188,V2,10 FEB 2013,1,816,ST,67,123,72
701-1188,V2,10 FEB 2013,2,817,ST,66,122,72
701-1188,V201,04 AUG 2013,0,815,SU,58,147,80
701-1188,V201,04 AUG 2013,1,816,ST,63,131,77
701-1188,V201,04 AUG 2013,2,817,ST,62,146,69
701-1188,V3,15 FEB 2013,0,815,SU,57,135,78
701-1188,V3,15 FEB 2013,1,816,ST,65,124,66
701-1188,V3,15 FEB 2013,2,817,ST,56,130,68
701-1188,V3E,01 MAR 2013,0,815,SU,66,140,70
701-1188,V3E,01 MAR 2013,1,816,ST,76,123,73
701-1188,V3E,01 MAR 2013,2,817,ST,70,139,73
701-1188,V4,02 MAR 2013,0,815,SU,61,147,87
701-1188,V4,02 MAR 2013,1,816,ST,64,139,73
701-1188,V4,02 MAR 2013,2,817,ST,67,139,77
701-1188,V5,16 MAR 2013,0,815,SU,63,145,80
701-1188,V5,16 MAR 2013,1,816,ST,68,143,78
701-1188,V5,16 MAR 2013,2,817,ST,68,146,77
701-1188,V6,18 MAR 2013,0,815,SU,59,148,83
701-1188,V6,18 MAR 2013,1,816,ST,64,147,77
701-1188,V6,18 MAR 2013,2,817,ST,65,146,79
701-1192,V1,08 JUL 2012,0,815,SU,74,168,80
701-1192,V1,08 JUL 2012,1,816,ST,84,154,76
701-1192,V1,08 JUL 2012,2,817,ST,78,168,84
701-1192,V10,15 NOV 2012,0,815,SU,72,156,77
701-1192,V10,15 NOV 2012,1,816,ST,84,138,70
701-1192,V10,15 NOV 2012,2,817,ST,86,155,80
701-1192,V11,13 DEC 2012,0,815,SU,60,150,60
701-1192,V11,13 DEC 2012,1,816,ST,80,160,82
701-1192,V11,13 DEC 2012,2,817,ST,76,154,86
701-1192,V12,11 JAN 2013,0,815,SU,83,173,85
701-1192,V12,11 JAN 2013,1,816,ST,86,164,80
701-1192,V12,11 JAN 2013,2,817,ST,88,168,88
701-1192,V13,20 JAN 2013,0,815,SU,82,173,83
701-1192,V13,20 JAN 2013,1,816,ST,86,166,88
701-1192,V13,20 JAN 2013,2,817,ST,87,171,82
701-1192,V2,20 JUL 2012,0,815,SU,90,160,70
701-1192,V2,20 JUL 2012,1,816,ST,98,154,76
701-1192,V2,20 JUL 2012,2,817,ST,96,147,82
701-1192,V3,22 JUL 2012,0,815,SU,74,162,84
701-1192,V3,22 JUL 2012,1,816,ST,86,154,78
701-1192,V3,22 JUL 2012,2,817,ST,82,156,82
701-1192,V3E,04 AUG 2012,0,815,SU,84,158,86
701-1192,V3E,04 AUG 2012,1,816,ST,84,152,84
701-1192,V3E,04 AUG 2012,2,817,ST,82,148,80
701-1192,V4,07 AUG 2012,0,815,SU,67,178,72
701-1192,V4,07 AUG 2012,1,816,ST,75,174,72
701-1192,V4,07 AUG 2012,2,817,ST,86,153,76
701-1192,V5,21 AUG 2012,0,815,SU,83,152,79
701-1192,V5,21 AUG 2012,1,816,ST,95,144,64
701-1192,V5,21 AUG 2012,2,817,ST,89,160,78
701-1192,V6,23 AUG 2012,0,815,SU,78,154,70
701-1192,V6,23 AUG 2012,1,816,ST,86,160,82
701-1192,V6,23 AUG 2012,2,817,ST,88,160,77
701-1192,V7,04 SEP 2012,0,815,SU,76,142,70
701-1192,V7,04 SEP 2012,1,816,ST,79,164,72
701-1192,V7,04 SEP 2012,2,817,ST,80,150,70
701-1192,V8,23 SEP 2012,0,815,SU,86,137,64
701-1192,V8,23 SEP 2012,1,816,ST,96,130,56
701-1192,V8,23 SEP 2012,2,817,ST,92,144,64
701-1192,V9,14 OCT 2012,0,815,SU,85,136,63
701-1192,V9,14 OCT 2012,1,816,ST,94,144,64
701-1192,V9,14 OCT 2012,2,817,ST,91,152,68
701-1203,V1,25 JAN 2013,0,815,SU,54,123,51
701-1203,V1,25 JAN 2013,1,816,ST,68,107,41
701-1203,V1,25 JAN 2013,2,817,ST,64,117,95
701-1203,V10,25 MAY 2013,0,815,SU,61,131,64
701-1203,V10,25 MAY 2013,1,816,ST,62,138,49
701-1203,V10,25 MAY 2013,2,817,ST,62,132,49
701-1203,V11,22 JUN 2013,0,815,SU,53,130,56
701-1203,V11,22 JUN 2013,1,816,ST,60,131,53
701-1203,V11,22 JUN 2013,2,817,ST,58,147,52
701-1203,V12,22 JUL 2013,0,815,SU,50,125,44
701-1203,V12,22 JUL 2013,1,816,ST,59,114,45
701-1203,V12,22 JUL 2013,2,817,ST,56,144,56
701-1203,V13,03 AUG 2013,0,815,SU,54,137,51
701-1203,V13,03 AUG 2013,1,816,ST,55,114,39
701-1203,V13,03 AUG 2013,2,817,ST,54,137,49
701-1203,V2,01 FEB 2013,0,815,SU,50,115,46
701-1203,V2,01 FEB 2013,1,816,ST,57,107,39
701-1203,V2,01 FEB 2013,2,817,ST,54,123,46
701-1203,V3,02 FEB 2013,0,815,SU,57,129,40
701-1203,V3,02 FEB 2013,1,816,ST,69,145,56
701-1203,V3,02 FEB 2013,2,817,ST,64,138,46
701-1203,V4,23 FEB 2013,0,815,SU,50,130,48
701-1203,V4,23 FEB 2013,1,816,ST,60,131,61
701-1203,V4,23 FEB 2013,2,817,ST,55,144,54
701-1203,V5,02 MAR 2013,0,815,SU,57,128,41
701-1203,V5,02 MAR 2013,1,816,ST,62,138,49
701-1203,V5,02 MAR 2013,2,817,ST,58,130,46
701-1203,V6,04 MAR 2013,0,815,SU,55,130,41
701-1203,V6,04 MAR 2013,1,816,ST,65,122,49
701-1203,V6,04 MAR 2013,2,817,ST,59,130,49
701-1203,V7,16 MAR 2013,0,815,SU,53,139,61
701-1203,V7,16 MAR 2013,1,816,ST,57,148,62
701-1203,V7,16 MAR 2013,2,817,ST,56,138,57
701-1203,V8,30 MAR 2013,0,815,SU,54,139,57
701-1203,V8,30 MAR 2013,1,816,ST,68,138,53
701-1203,V8,30 MAR 2013,2,817,ST,62,145,60
701-1203,V9,09 MAY 2013,0,815,SU,56,115,50
701-1203,V9,09 MAY 2013,1,816,ST,74,95,50
701-1203,V9,09 MAY 2013,2,817,ST,64,110,60
701-1211,V1,30 OCT 2012,0,815,SU,55,144,60
701-1211,V1,30 OCT 2012,1,816,ST,75,136,64
701-1211,V1,30 OCT 2012,2,817,ST,72,145,79
701-1211,V2,14 NOV 2012,0,815,SU,66,137,64
701-1211,V2,14 NOV 2012,1,816,ST,76,145,71
701-1211,V2,14 NOV 2012,2,817,ST,72,145,82
701-1211,V3,15 NOV 2012,0,815,SU,57,135,64
701-1211,V3,15 NOV 2012,1,816,ST,76,116,58
701-1211,V3,15 NOV 2012,2,817,ST,64,108,50
701-1211,V3E,27 NOV 2012,0,815,SU,64,144,71
701-1211,V3E,27 NOV 2012,1,816,ST,75,115,64
701-1211,V3E,27 NOV 2012,2,817,ST,76,130,80
701-1211,V4,28 NOV 2012,0,815,SU,74,113,58
701-1211,V4,28 NOV 2012,1,816,ST,85,98,59
701-1211,V4,28 NOV 2012,2,817,ST,84,96,64
701-1211,V5,11 DEC 2012,0,815,SU,66,115,55
701-1211,V5,11 DEC 2012,1,816,ST,79,106,57
701-1211,V5,11 DEC 2012,2,817,ST,73,106,56
701-1211,V6,13 DEC 2012,0,815,SU,61,130,64
701-1211,V6,13 DEC 2012,1,816,ST,76,91,40
701-1211,V6,13 DEC 2012,2,817,ST,76,110,62
701-1211,V7,25 DEC 2012,0,815,SU,63,123,60
701-1211,V7,25 DEC 2012,1,816,ST,74,123,68
701-1211,V7,25 DEC 2012,2,817,ST,67,123,57
701-1211,V8,08 JAN 2013,0,815,SU,65,156,59
701-1211,V8,08 JAN 2013,1,816,ST,75,114,65
701-1211,V8,08 JAN 2013,2,817,ST,74,127,68
701-1234,V1,20 MAR 2013,0,815,SU,65,123,76
701-1234,V1,20 MAR 2013,1,816,ST,72,132,77
701-1234,V1,20 MAR 2013,2,817,ST,72,132,86
701-1234,V10,27 JUL 2013,0,815,SU,51,134,80
701-1234,V10,27 JUL 2013,1,816,ST,56,124,85
701-1234,V10,27 JUL 2013,2,817,ST,59,143,98
701-1234,V11,18 AUG 2013,0,815,SU,60,136,74
701-1234,V11,18 AUG 2013,1,816,ST,54,120,66
701-1234,V11,18 AUG 2013,2,817,ST,66,129,71
701-1234,V12,10 SEP 2013,0,815,SU,59,123,72
701-1234,V12,10 SEP 2013,1,816,ST,66,126,72
701-1234,V12,10 SEP 2013,2,817,ST,67,131,72
701-1234,V13,22 SEP 2013,0,815,SU,50,160,93
701-1234,V13,22 SEP 2013,1,816,ST,59,146,95
701-1234,V13,22 SEP 2013,2,817,ST,57,146,92
701-1234,V2,28 MAR 2013,0,815,SU,51,144,79
701-1234,V2,28 MAR 2013,1,816,ST,56,146,84
701-1234,V2,28 MAR 2013,2,817,ST,56,145,84
701-1234,V3,30 MAR 2013,0,815,SU,58,138,76
701-1234,V3,30 MAR 2013,1,816,ST,56,124,81
701-1234,V3,30 MAR 2013,2,817,ST,57,132,81
701-1234,V3E,20 APR 2013,0,815,SU,50,150,88
701-1234,V3E,20 APR 2013,1,816,ST,56,134,87
701-1234,V3E,20 APR 2013,2,817,ST,54,146,91
701-1234,V4,21 APR 2013,0,815,SU,51,158,83
701-1234,V4,21 APR 2013,1,816,ST,54,159,85
701-1234,V4,21 APR 2013,2,817,ST,56,144,86
701-1234,V5,28 APR 2013,0,815,SU,52,135,81
701-1234,V5,28 APR 2013,1,816,ST,50,145,84
701-1234,V5,28 APR 2013,2,817,ST,54,147,86
701-1234,V6,30 APR 2013,0,815,SU,52,144,78
701-1234,V6,30 APR 2013,1,816,ST,52,138,77
701-1234,V6,30 APR 2013,2,817,ST,56,142,82
701-1234,V7,08 MAY 2013,0,815,SU,54,131,76
701-1234,V7,08 MAY 2013,1,816,ST,60,131,81
701-1234,V7,08 MAY 2013,2,817,ST,59,131,84
701-1234,V8,26 MAY 2013,0,815,SU,52,142,75
701-1234,V8,26 MAY 2013,1,816,ST,55,130,79
701-1234,V8,26 MAY 2013,2,817,ST,56,137,86
701-1234,V9,07 JUL 2013,0,815,SU,53,131,79
701-1234,V9,07 JUL 2013,1,816,ST,62,147,88
701-1234,V9,07 JUL 2013,2,817,ST,62,138,91
701-1239,V1,28 DEC 2013,0,815,SU,62,139,88
701-1239,V1,28 DEC 2013,1,816,ST,65,138,84
701-1239,V1,28 DEC 2013,2,817,ST,66,139,87
701-1239,V10,02 MAY 2014,0,815,SU,81,139,85
701-1239,V10,02 MAY 2014,1,816,ST,87,123,78
701-1239,V10,02 MAY 2014,2,817,ST,83,131,85
701-1239,V11,28 MAY 2014,0,815,SU,77,145,84
701-1239,V11,28 MAY 2014,1,816,ST,89,132,90
701-1239,V11,28 MAY 2014,2,817,ST,80,139,77
701-1239,V12,27 JUN 2014,0,815,SU,69,139,88
701-1239,V12,27 JUN 2014,1,816,ST,75,125,77
701-1239,V12,27 JUN 2014,2,817,ST,70,143,81
701-1239,V13,11 JUL 2014,0,815,SU,70,130,84
701-1239,V13,11 JUL 2014,1,816,ST,75,123,77
701-1239,V13,11 JUL 2014,2,817,ST,73,139,86
701-1239,V2,09 JAN 2014,0,815,SU,80,162,97
701-1239,V2,09 JAN 2014,1,816,ST,83,152,83
701-1239,V2,09 JAN 2014,2,817,ST,83,145,83
701-1239,V3,11 JAN 2014,0,815,SU,83,153,87
701-1239,V3,11 JAN 2014,1,816,ST,87,148,85
701-1239,V3,11 JAN 2014,2,817,ST,80,154,86
701-1239,V3E,24 JAN 2014,0,815,SU,82,147,92
701-1239,V3E,24 JAN 2014,1,816,ST,79,146,84
701-1239,V3E,24 JAN 2014,2,817,ST,84,148,89
701-1239,V4,25 JAN 2014,0,815,SU,87,140,82
701-1239,V4,25 JAN 2014,1,816,ST,86,139,78
701-1239,V4,25 JAN 2014,2,817,ST,89,147,86
701-1239,V5,08 FEB 2014,0,815,SU,75,136,86
701-1239,V5,08 FEB 2014,1,816,ST,77,139,85
701-1239,V5,08 FEB 2014,2,817,ST,73,137,85
701-1239,V6,10 FEB 2014,0,815,SU,85,159,90
701-1239,V6,10 FEB 2014,1,816,ST,86,149,90
701-1239,V6,10 FEB 2014,2,817,ST,84,131,84
701-1239,V7,19 FEB 2014,0,815,SU,81,138,84
701-1239,V7,19 FEB 2014,1,816,ST,87,120,82
701-1239,V7,19 FEB 2014,2,817,ST,86,130,72
701-1239,V8,06 MAR 2014,0,815,SU,84,140,85
701-1239,V8,06 MAR 2014,1,816,ST,91,124,80
701-1239,V8,06 MAR 2014,2,817,ST,83,131,85
701-1239,V9,02 APR 2014,0,815,SU,70,146,83
701-1239,V9,02 APR 2014,1,816,ST,84,130,85
701-1239,V9,02 APR 2014,2,817,ST,80,138,87
701-1275,ET,14 JUN 2014,0,815,SU,70,115,64
701-1275,ET,14 JUN 2014,1,816,ST,76,99,59
701-1275,ET,14 JUN 2014,2,817,ST,80,99,57
701-1275,V1,25 JAN 2014,0,815,SU,64,113,71
701-1275,V1,25 JAN 2014,1,816,ST,74,115,64
701-1275,V1,25 JAN 2014,2,817,ST,74,115,80
701-1275,V2,05 FEB 2014,0,815,SU,64,126,66
701-1275,V2,05 FEB 2014,1,816,ST,76,113,78
701-1275,V2,05 FEB 2014,2,817,ST,68,126,74
701-1275,V3,07 FEB 2014,0,815,SU,64,122,84
701-1275,V3,07 FEB 2014,1,816,ST,70,132,88
701-1275,V3,07 FEB 2014,2,817,ST,70,124,88
701-1275,V3E,21 FEB 2014,0,815,SU,66,123,74
701-1275,V3E,21 FEB 2014,1,816,ST,69,118,64
701-1275,V3E,21 FEB 2014,2,817,ST,76,131,81
701-1275,V4,22 FEB 2014,0,815,SU,70,121,66
701-1275,V4,22 FEB 2014,1,816,ST,72,130,77
701-1275,V4,22 FEB 2014,2,817,ST,71,123,80
701-1275,V5,07 MAR 2014,0,815,SU,83,122,83
701-1275,V5,07 MAR 2014,1,816,ST,88,115,80
701-1275,V5,07 MAR 2014,2,817,ST,87,124,84
701-1275,V6,08 MAR 2014,0,815,SU,82,128,82
701-1275,V6,08 MAR 2014,1,816,ST,88,120,80
701-1275,V6,08 MAR 2014,2,817,ST,86,130,84
701-1275,V7,22 MAR 2014,0,815,SU,79,122,72
701-1275,V7,22 MAR 2014,1,816,ST,86,115,68
701-1275,V7,22 MAR 2014,2,817,ST,88,122,75
701-1275,V8,05 APR 2014,0,815,SU,84,130,77
701-1275,V8,05 APR 2014,1,816,ST,85,123,85
701-1275,V8,05 APR 2014,2,817,ST,87,124,87
701-1275,V9,03 MAY 2014,0,815,SU,80,123,68
701-1275,V9,03 MAY 2014,1,816,ST,85,131,77
701-1275,V9,03 MAY 2014,2,817,ST,89,131,81
701-1287,V1,17 JAN 2014,0,815,SU,76,114,67
701-1287,V1,17 JAN 2014,1,816,ST,87,98,67
701-1287,V1,17 JAN 2014,2,817,ST,78,108,61
701-1287,V10,15 MAY 2014,0,815,SU,86,121,82
701-1287,V10,15 MAY 2014,1,816,ST,89,114,75
701-1287,V10,15 MAY 2014,2,817,ST,90,107,80
701-1287,V11,12 JUN 2014,0,815,SU,87,107,72
701-1287,V11,12 JUN 2014,1,816,ST,95,106,75
701-1287,V11,12 JUN 2014,2,817,ST,96,108,78
701-1287,V12,12 JUL 2014,0,815,SU,77,114,75
701-1287,V12,12 JUL 2014,1,816,ST,82,123,76
701-1287,V12,12 JUL 2014,2,817,ST,81,123,80
701-1287,V13,26 JUL 2014,0,815,SU,80,113,62
701-1287,V13,26 JUL 2014,1,816,ST,89,121,74
701-1287,V13,26 JUL 2014,2,817,ST,89,113,79
701-1287,V2,23 JAN 2014,0,815,SU,72,114,82
701-1287,V2,23 JAN 2014,1,816,ST,79,104,58
701-1287,V2,23 JAN 2014,2,817,ST,82,100,65
701-1287,V3,25 JAN 2014,0,815,SU,84,106,72
701-1287,V3,25 JAN 2014,1,816,ST,96,107,77
701-1287,V3,25 JAN 2014,2,817,ST,98,108,70
701-1287,V4,11 FEB 2014,0,815,SU,84,120,74
701-1287,V4,11 FEB 2014,1,816,ST,82,116,62
701-1287,V4,11 FEB 2014,2,817,ST,84,124,72
701-1287,V5,20 FEB 2014,0,815,SU,85,108,72
701-1287,V5,20 FEB 2014,1,816,ST,90,113,75
701-1287,V5,20 FEB 2014,2,817,ST,93,105,67
701-1287,V6,22 FEB 2014,0,815,SU,86,112,73
701-1287,V6,22 FEB 2014,1,816,ST,97,113,83
701-1287,V6,22 FEB 2014,2,817,ST,98,114,72
701-1287,V7,06 MAR 2014,0,815,SU,80,122,79
701-1287,V7,06 MAR 2014,1,816,ST,86,129,78
701-1287,V7,06 MAR 2014,2,817,ST,86,122,80
701-1287,V8,21 MAR 2014,0,815,SU,90,106,67
701-1287,V8,21 MAR 2014,1,816,ST,97,91,64
701-1287,V8,21 MAR 2014,2,817,ST,98,100,73
701-1287,V9,17 APR 2014,0,815,SU,83,107,68
701-1287,V9,17 APR 2014,1,816,ST,98,107,76
701-1287,V9,17 APR 2014,2,817,ST,94,100,70
701-1294,ET,14 JUN 2013,0,815,SU,54,123,84
701-1294,ET,14 JUN 2013,1,816,ST,65,116,76
701-1294,ET,14 JUN 2013,2,817,ST,62,116,74
701-1294,V1,17 MAR 2013,0,815,SU,54,123,76
701-1294,V1,17 MAR 2013,1,816,ST,72,107,75
701-1294,V1,17 MAR 2013,2,817,ST,66,110,79
701-1294,V2,22 MAR 2013,0,815,SU,54,123,76
701-1294,V2,22 MAR 2013,1,816,ST,72,107,75
701-1294,V2,22 MAR 2013,2,817,ST,66,110,79
701-1294,V201,08 OCT 2013,0,815,SU,50,115,68
701-1294,V201,08 OCT 2013,1,816,ST,57,109,69
701-1294,V201,08 OCT 2013,2,817,ST,52,116,55
701-1294,V3,24 MAR 2013,0,815,SU,57,137,83
701-1294,V3,24 MAR 2013,1,816,ST,64,117,76
701-1294,V3,24 MAR 2013,2,817,ST,70,125,80
701-1294,V3E,09 APR 2013,0,815,SU,56,123,83
701-1294,V3E,09 APR 2013,1,816,ST,77,122,84
701-1294,V3E,09 APR 2013,2,817,ST,70,122,80
701-1294,V4,10 APR 2013,0,815,SU,56,130,84
701-1294,V4,10 APR 2013,1,816,ST,67,115,92
701-1294,V4,10 APR 2013,2,817,ST,65,115,84
701-1294,V5,24 APR 2013,0,815,SU,59,130,84
701-1294,V5,24 APR 2013,1,816,ST,81,121,87
701-1294,V5,24 APR 2013,2,817,ST,74,115,84
701-1294,V6,26 APR 2013,0,815,SU,64,131,79
701-1294,V6,26 APR 2013,1,816,ST,81,107,84
701-1294,V6,26 APR 2013,2,817,ST,80,116,85
701-1294,V7,08 MAY 2013,0,815,SU,55,138,83
701-1294,V7,08 MAY 2013,1,816,ST,60,130,76
701-1294,V7,08 MAY 2013,2,817,ST,58,139,80
701-1294,V8,22 MAY 2013,0,815,SU,54,129,75
701-1294,V8,22 MAY 2013,1,816,ST,63,124,77
701-1294,V8,22 MAY 2013,2,817,ST,64,123,77
701-1302,ET,05 NOV 2013,0,815,SU,53,115,76
701-1302,ET,05 NOV 2013,1,816,ST,55,124,81
701-1302,ET,05 NOV 2013,2,817,ST,56,131,81
701-1302,V1,20 AUG 2013,0,815,SU,58,115,68
701-1302,V1,20 AUG 2013,1,816,ST,68,122,79
701-1302,V1,20 AUG 2013,2,817,ST,64,123,77
701-1302,V2,27 AUG 2013,0,815,SU,59,121,68
701-1302,V2,27 AUG 2013,1,816,ST,65,106,75
701-1302,V2,27 AUG 2013,2,817,ST,71,115,76
701-1302,V201,13 FEB 2014,0,815,SU,50,122,75
701-1302,V201,13 FEB 2014,1,816,ST,57,117,83
701-1302,V201,13 FEB 2014,2,817,ST,60,131,80
701-1302,V3,29 AUG 2013,0,815,SU,54,131,76
701-1302,V3,29 AUG 2013,1,816,ST,62,137,87
701-1302,V3,29 AUG 2013,2,817,ST,61,136,83
701-1302,V3E,09 SEP 2013,0,815,SU,72,115,73
701-1302,V3E,09 SEP 2013,1,816,ST,89,115,84
701-1302,V3E,09 SEP 2013,2,817,ST,87,115,84
701-1302,V4,15 SEP 2013,0,815,SU,72,114,71
701-1302,V4,15 SEP 2013,1,816,ST,80,114,79
701-1302,V4,15 SEP 2013,2,817,ST,82,123,84
701-1302,V5,24 SEP 2013,0,815,SU,52,123,76
701-1302,V5,24 SEP 2013,1,816,ST,62,115,80
701-1302,V5,24 SEP 2013,2,817,ST,66,131,80
701-1302,V6,26 SEP 2013,0,815,SU,60,131,81
701-1302,V6,26 SEP 2013,1,816,ST,64,133,71
701-1302,V6,26 SEP 2013,2,817,ST,64,130,73
701-1302,V7,08 OCT 2013,0,815,SU,79,108,65
701-1302,V7,08 OCT 2013,1,816,ST,91,115,70
701-1302,V7,08 OCT 2013,2,817,ST,86,123,76
701-1302,V8,22 OCT 2013,0,815,SU,62,115,77
701-1302,V8,22 OCT 2013,1,816,ST,76,115,84
701-1302,V8,22 OCT 2013,2,817,ST,77,114,91
701-1317,V1,10 MAY 2014,0,815,SU,50,138,76
701-1317,V1,10 MAY 2014,1,816,ST,55,138,73
701-1317,V1,10 MAY 2014,2,817,ST,54,124,73
701-1317,V10,11 SEP 2014,0,815,SU,53,123,75
701-1317,V10,11 SEP 2014,1,816,ST,62,115,76
701-1317,V10,11 SEP 2014,2,817,ST,62,123,76
701-1317,V11,09 OCT 2014,0,815,SU,61,116,75
701-1317,V11,09 OCT 2014,1,816,ST,79,100,69
701-1317,V11,09 OCT 2014,2,817,ST,74,100,69
701-1317,V12,06 NOV 2014,0,815,SU,56,122,75
701-1317,V12,06 NOV 2014,1,816,ST,65,115,76
701-1317,V12,06 NOV 2014,2,817,ST,65,116,76
701-1317,V13,20 NOV 2014,0,815,SU,56,115,72
701-1317,V13,20 NOV 2014,1,816,ST,69,99,65
701-1317,V13,20 NOV 2014,2,817,ST,68,100,68
701-1317,V2,20 MAY 2014,0,815,SU,61,122,81
701-1317,V2,20 MAY 2014,1,816,ST,69,113,63
701-1317,V2,20 MAY 2014,2,817,ST,62,103,64
701-1317,V3,22 MAY 2014,0,815,SU,63,122,71
701-1317,V3,22 MAY 2014,1,816,ST,73,107,68
701-1317,V3,22 MAY 2014,2,817,ST,69,115,68
701-1317,V3E,04 JUN 2014,0,815,SU,63,137,83
701-1317,V3E,04 JUN 2014,1,816,ST,75,122,76
701-1317,V3E,04 JUN 2014,2,817,ST,72,116,77
701-1317,V4,05 JUN 2014,0,815,SU,67,139,81
701-1317,V4,05 JUN 2014,1,816,ST,78,116,77
701-1317,V4,05 JUN 2014,2,817,ST,73,125,79
701-1317,V5,19 JUN 2014,0,815,SU,60,116,69
701-1317,V5,19 JUN 2014,1,816,ST,72,115,69
701-1317,V5,19 JUN 2014,2,817,ST,66,115,61
701-1317,V6,21 JUN 2014,0,815,SU,65,123,76
701-1317,V6,21 JUN 2014,1,816,ST,77,124,69
701-1317,V6,21 JUN 2014,2,817,ST,73,107,69
701-1317,V7,03 JUL 2014,0,815,SU,65,122,75
701-1317,V7,03 JUL 2014,1,816,ST,78,115,76
701-1317,V7,03 JUL 2014,2,817,ST,75,113,71
701-1317,V8,22 JUL 2014,0,815,SU,57,114,76
701-1317,V8,22 JUL 2014,1,816,ST,65,115,64
701-1317,V8,22 JUL 2014,2,817,ST,66,113,62
701-1317,V9,15 AUG 2014,0,815,SU,60,115,75
701-1317,V9,15 AUG 2014,1,816,ST,71,108,69
701-1317,V9,15 AUG 2014,2,817,ST,69,107,68
701-1324,V1,16 SEP 2012,0,815,SU,54,120,64
701-1324,V1,16 SEP 2012,1,816,ST,64,108,68
701-1324,V1,16 SEP 2012,2,817,ST,66,112,66
701-1324,V10,22 JAN 2013,0,815,SU,57,120,62
701-1324,V10,22 JAN 2013,1,816,ST,66,104,60
701-1324,V10,22 JAN 2013,2,817,ST,61,110,64
701-1324,V11,19 FEB 2013,0,815,SU,54,106,59
701-1324,V11,19 FEB 2013,1,816,ST,71,106,52
701-1324,V11,19 FEB 2013,2,817,ST,63,107,56
701-1324,V12,19 MAR 2013,0,815,SU,53,107,61
701-1324,V12,19 MAR 2013,1,816,ST,59,101,61
701-1324,V12,19 MAR 2013,2,817,ST,56,101,57
701-1324,V13,02 APR 2013,0,815,SU,54,109,56
701-1324,V13,02 APR 2013,1,816,ST,72,102,59
701-1324,V13,02 APR 2013,2,817,ST,59,108,57
701-1324,V2,25 SEP 2012,0,815,SU,60,107,64
701-1324,V2,25 SEP 2012,1,816,ST,78,99,60
701-1324,V2,25 SEP 2012,2,817,ST,70,108,69
701-1324,V3,02 OCT 2012,0,815,SU,56,122,70
701-1324,V3,02 OCT 2012,1,816,ST,66,112,66
701-1324,V3,02 OCT 2012,2,817,ST,62,108,68
701-1324,V3E,15 OCT 2012,0,815,SU,60,129,67
701-1324,V3E,15 OCT 2012,1,816,ST,72,114,67
701-1324,V3E,15 OCT 2012,2,817,ST,68,115,64
701-1324,V4,16 OCT 2012,0,815,SU,54,113,61
701-1324,V4,16 OCT 2012,1,816,ST,70,106,66
701-1324,V4,16 OCT 2012,2,817,ST,63,107,61
701-1324,V5,30 OCT 2012,0,815,SU,56,122,64
701-1324,V5,30 OCT 2012,1,816,ST,66,112,68
701-1324,V5,30 OCT 2012,2,817,ST,62,110,62
701-1324,V6,01 NOV 2012,0,815,SU,54,116,68
701-1324,V6,01 NOV 2012,1,816,ST,64,108,72
701-1324,V6,01 NOV 2012,2,817,ST,62,108,74
701-1324,V7,13 NOV 2012,0,815,SU,54,118,70
701-1324,V7,13 NOV 2012,1,816,ST,66,106,66
701-1324,V7,13 NOV 2012,2,817,ST,64,104,68
701-1324,V8,25 NOV 2012,0,815,SU,53,107,56
701-1324,V8,25 NOV 2012,1,816,ST,67,107,60
701-1324,V8,25 NOV 2012,2,817,ST,69,107,62
701-1324,V9,25 DEC 2012,0,815,SU,54,119,57
701-1324,V9,25 DEC 2012,1,816,ST,59,105,59
701-1324,V9,25 DEC 2012,2,817,ST,64,110,63
701-1341,ET,07 FEB 2013,0,815,SU,68,146,81
701-1341,ET,07 FEB 2013,1,816,ST,76,136,67
701-1341,ET,07 FEB 2013,2,817,ST,78,138,72
701-1341,V1,22 DEC 2012,0,815,SU,61,138,84
701-1341,V1,22 DEC 2012,1,816,ST,70,131,88
701-1341,V1,22 DEC 2012,2,817,ST,74,138,84
701-1341,V2,03 JAN 2013,0,815,SU,68,133,79
701-1341,V2,03 JAN 2013,1,816,ST,73,138,84
701-1341,V2,03 JAN 2013,2,817,ST,76,139,80
701-1341,V3,05 JAN 2013,0,815,SU,80,139,89
701-1341,V3,05 JAN 2013,1,816,ST,94,146,97
701-1341,V3,05 JAN 2013,2,817,ST,86,146,95
701-1341,V3E,17 JAN 2013,0,815,SU,66,138,88
701-1341,V3E,17 JAN 2013,1,816,ST,72,147,100
701-1341,V3E,17 JAN 2013,2,817,ST,67,145,90
701-1341,V4,18 JAN 2013,0,815,SU,62,140,100
701-1341,V4,18 JAN 2013,1,816,ST,82,145,102
701-1341,V4,18 JAN 2013,2,817,ST,83,147,100
701-1345,ET,18 MAR 2014,0,815,SU,64,122,48
701-1345,ET,18 MAR 2014,1,816,ST,82,120,56
701-1345,ET,18 MAR 2014,2,817,ST,80,113,51
701-1345,V1,01 OCT 2013,0,815,SU,62,112,47
701-1345,V1,01 OCT 2013,1,816,ST,74,110,55
701-1345,V1,01 OCT 2013,2,817,ST,80,119,56
701-1345,V10,27 JAN 2014,0,815,SU,66,120,52
701-1345,V10,27 JAN 2014,1,816,ST,79,114,49
701-1345,V10,27 JAN 2014,2,817,ST,83,123,55
701-1345,V11,25 FEB 2014,0,815,SU,61,113,54
701-1345,V11,25 FEB 2014,1,816,ST,74,104,48
701-1345,V11,25 FEB 2014,2,817,ST,75,122,56
701-1345,V2,06 OCT 2013,0,815,SU,61,130,56
701-1345,V2,06 OCT 2013,1,816,ST,71,121,56
701-1345,V2,06 OCT 2013,2,817,ST,65,115,57
701-1345,V3,08 OCT 2013,0,815,SU,61,126,58
701-1345,V3,08 OCT 2013,1,816,ST,68,108,52
701-1345,V3,08 OCT 2013,2,817,ST,67,116,54
701-1345,V3E,23 OCT 2013,0,815,SU,62,114,54
701-1345,V3E,23 OCT 2013,1,816,ST,80,107,58
701-1345,V3E,23 OCT 2013,2,817,ST,70,114,58
701-1345,V4,24 OCT 2013,0,815,SU,62,116,52
701-1345,V4,24 OCT 2013,1,816,ST,73,110,56
701-1345,V4,24 OCT 2013,2,817,ST,74,118,58
701-1345,V5,08 NOV 2013,0,815,SU,66,113,41
701-1345,V5,08 NOV 2013,1,816,ST,87,106,39
701-1345,V5,08 NOV 2013,2,817,ST,86,123,50
701-1345,V6,10 NOV 2013,0,815,SU,62,114,46
701-1345,V6,10 NOV 2013,1,816,ST,70,106,52
701-1345,V6,10 NOV 2013,2,817,ST,74,118,54
701-1345,V7,19 NOV 2013,0,815,SU,62,129,48
701-1345,V7,19 NOV 2013,1,816,ST,66,122,52
701-1345,V7,19 NOV 2013,2,817,ST,68,115,54
701-1345,V8,03 DEC 2013,0,815,SU,59,115,49
701-1345,V8,03 DEC 2013,1,816,ST,79,105,52
701-1345,V8,03 DEC 2013,2,817,ST,83,108,57
701-1345,V9,31 DEC 2013,0,815,SU,62,121,55
701-1345,V9,31 DEC 2013,1,816,ST,67,113,49
701-1345,V9,31 DEC 2013,2,817,ST,65,121,57
701-1360,ET,14 AUG 2013,0,815,SU,56,164,85
701-1360,ET,14 AUG 2013,1,816,ST,61,187,112
701-1360,ET,14 AUG 2013,2,817,ST,61,184,118
701-1360,V1,24 JUL 2013,0,815,SU,56,185,84
701-1360,V1,24 JUL 2013,1,816,ST,57,176,86
701-1360,V1,24 JUL 2013,2,817,ST,59,178,88
701-1360,V2,29 JUL 2013,0,815,SU,60,178,95
701-1360,V2,29 JUL 2013,1,816,ST,66,168,94
701-1360,V2,29 JUL 2013,2,817,ST,65,177,95
701-1360,V201,11 FEB 2014,0,815,SU,56,145,84
701-1360,V201,11 FEB 2014,1,816,ST,59,146,81
701-1360,V201,11 FEB 2014,2,817,ST,57,156,77
701-1360,V3,31 JUL 2013,0,815,SU,60,188,94
701-1360,V3,31 JUL 2013,1,816,ST,62,170,84
701-1360,V3,31 JUL 2013,2,817,ST,62,186,91
701-1363,V1,20 MAY 2013,0,815,SU,61,131,60
701-1363,V1,20 MAY 2013,1,816,ST,81,133,66
701-1363,V1,20 MAY 2013,2,817,ST,70,130,68
701-1363,V10,18 SEP 2013,0,815,SU,59,146,71
701-1363,V10,18 SEP 2013,1,816,ST,62,139,61
701-1363,V10,18 SEP 2013,2,817,ST,55,152,59
701-1363,V11,14 OCT 2013,0,815,SU,70,114,56
701-1363,V11,14 OCT 2013,1,816,ST,85,122,56
701-1363,V11,14 OCT 2013,2,817,ST,79,100,49
701-1363,V12,13 NOV 2013,0,815,SU,57,130,63
701-1363,V12,13 NOV 2013,1,816,ST,62,134,70
701-1363,V12,13 NOV 2013,2,817,ST,56,122,56
701-1363,V13,27 NOV 2013,0,815,SU,54,100,46
701-1363,V13,27 NOV 2013,1,816,ST,86,107,61
701-1363,V13,27 NOV 2013,2,817,ST,72,115,56
701-1363,V2,28 MAY 2013,0,815,SU,70,131,53
701-1363,V2,28 MAY 2013,1,816,ST,88,129,62
701-1363,V2,28 MAY 2013,2,817,ST,82,121,60
701-1363,V3,30 MAY 2013,0,815,SU,51,126,60
701-1363,V3,30 MAY 2013,1,816,ST,84,122,72
701-1363,V3,30 MAY 2013,2,817,ST,83,107,64
701-1363,V3E,11 JUN 2013,0,815,SU,72,108,49
701-1363,V3E,11 JUN 2013,1,816,ST,74,132,54
701-1363,V3E,11 JUN 2013,2,817,ST,68,123,58
701-1363,V4,12 JUN 2013,0,815,SU,59,121,59
701-1363,V4,12 JUN 2013,1,816,ST,75,119,45
701-1363,V4,12 JUN 2013,2,817,ST,62,107,45
701-1363,V5,25 JUN 2013,0,815,SU,79,108,54
701-1363,V5,25 JUN 2013,1,816,ST,96,100,53
701-1363,V5,25 JUN 2013,2,817,ST,90,111,53
701-1363,V6,27 JUN 2013,0,815,SU,57,116,51
701-1363,V6,27 JUN 2013,1,816,ST,78,100,51
701-1363,V6,27 JUN 2013,2,817,ST,72,97,48
701-1363,V7,10 JUL 2013,0,815,SU,59,115,52
701-1363,V7,10 JUL 2013,1,816,ST,65,114,49
701-1363,V7,10 JUL 2013,2,817,ST,77,109,49
701-1363,V8,24 JUL 2013,0,815,SU,57,129,63
701-1363,V8,24 JUL 2013,1,816,ST,82,127,54
701-1363,V8,24 JUL 2013,2,817,ST,81,131,65
701-1363,V9,21 AUG 2013,0,815,SU,78,123,52
701-1363,V9,21 AUG 2013,1,816,ST,93,124,69
701-1363,V9,21 AUG 2013,2,817,ST,77,131,55
701-1383,V1,22 JAN 2013,0,815,SU,70,146,72
701-1383,V1,22 JAN 2013,1,816,ST,77,146,66
701-1383,V1,22 JAN 2013,2,817,ST,80,138,66
701-1383,V10,30 MAY 2013,0,815,SU,70,138,62
701-1383,V10,30 MAY 2013,1,816,ST,82,130,60
701-1383,V10,30 MAY 2013,2,817,ST,78,140,64
701-1383,V11,25 JUN 2013,0,815,SU,73,131,58
701-1383,V11,25 JUN 2013,1,816,ST,86,139,54
701-1383,V11,25 JUN 2013,2,817,ST,85,132,66
701-1383,V12,30 JUL 2013,0,815,SU,92,142,68
701-1383,V12,30 JUL 2013,1,816,ST,98,128,60
701-1383,V12,30 JUL 2013,2,817,ST,96,132,62
701-1383,V13,06 AUG 2013,0,815,SU,79,130,62
701-1383,V13,06 AUG 2013,1,816,ST,86,115,56
701-1383,V13,06 AUG 2013,2,817,ST,88,123,59
701-1383,V2,02 FEB 2013,0,815,SU,80,129,56
701-1383,V2,02 FEB 2013,1,816,ST,89,136,71
701-1383,V2,02 FEB 2013,2,817,ST,94,131,74
701-1383,V3,04 FEB 2013,0,815,SU,77,137,63
701-1383,V3,04 FEB 2013,1,816,ST,87,138,60
701-1383,V3,04 FEB 2013,2,817,ST,89,131,65
701-1383,V3E,18 FEB 2013,0,815,SU,80,136,62
701-1383,V3E,18 FEB 2013,1,816,ST,84,138,61
701-1383,V3E,18 FEB 2013,2,817,ST,86,132,58
701-1383,V4,19 FEB 2013,0,815,SU,84,138,66
701-1383,V4,19 FEB 2013,1,816,ST,88,130,56
701-1383,V4,19 FEB 2013,2,817,ST,88,138,66
701-1383,V5,12 MAR 2013,0,815,SU,70,132,54
701-1383,V5,12 MAR 2013,1,816,ST,82,117,62
701-1383,V5,12 MAR 2013,2,817,ST,78,138,64
701-1383,V6,14 MAR 2013,0,815,SU,78,145,60
701-1383,V6,14 MAR 2013,1,816,ST,82,144,60
701-1383,V6,14 MAR 2013,2,817,ST,81,130,59
701-1383,V7,19 MAR 2013,0,815,SU,80,129,64
701-1383,V7,19 MAR 2013,1,816,ST,88,129,54
701-1383,V7,19 MAR 2013,2,817,ST,86,129,60
701-1383,V8,02 APR 2013,0,815,SU,70,144,63
701-1383,V8,02 APR 2013,1,816,ST,86,137,54
701-1383,V8,02 APR 2013,2,817,ST,81,138,61
701-1383,V9,30 APR 2013,0,815,SU,63,114,56
701-1383,V9,30 APR 2013,1,816,ST,81,122,60
701-1383,V9,30 APR 2013,2,817,ST,76,122,60
701-1387,ET,25 MAR 2014,0,815,SU,73,135,67
701-1387,ET,25 MAR 2014,1,816,ST,86,130,60
701-1387,ET,25 MAR 2014,2,817,ST,83,129,61
701-1387,V1,23 FEB 2014,0,815,SU,74,146,72
701-1387,V1,23 FEB 2014,1,816,ST,82,136,72
701-1387,V1,23 FEB 2014,2,817,ST,79,137,79
701-1387,V2,08 MAR 2014,0,815,SU,72,153,81
701-1387,V2,08 MAR 2014,1,816,ST,80,138,78
701-1387,V2,08 MAR 2014,2,817,ST,84,146,82
701-1387,V201,27 AUG 2014,0,815,SU,70,175,69
701-1387,V201,27 AUG 2014,1,816,ST,76,129,63
701-1387,V201,27 AUG 2014,2,817,ST,72,144,63
701-1387,V3,12 MAR 2014,0,815,SU,75,159,69
701-1387,V3,12 MAR 2014,1,816,ST,79,136,75
701-1387,V3,12 MAR 2014,2,817,ST,80,134,74
701-1392,V1,17 OCT 2012,0,815,SU,56,158,86
701-1392,V1,17 OCT 2012,1,816,ST,57,168,75
701-1392,V1,17 OCT 2012,2,817,ST,58,152,72
701-1392,V10,17 FEB 2013,0,815,SU,53,139,73
701-1392,V10,17 FEB 2013,1,816,ST,60,138,72
701-1392,V10,17 FEB 2013,2,817,ST,60,154,72
701-1392,V11,17 MAR 2013,0,815,SU,74,139,65
701-1392,V11,17 MAR 2013,1,816,ST,84,138,72
701-1392,V11,17 MAR 2013,2,817,ST,81,138,68
701-1392,V12,15 APR 2013,0,815,SU,61,144,76
701-1392,V12,15 APR 2013,1,816,ST,64,145,71
701-1392,V12,15 APR 2013,2,817,ST,62,145,67
701-1392,V13,28 APR 2013,0,815,SU,68,145,72
701-1392,V13,28 APR 2013,1,816,ST,74,145,68
701-1392,V13,28 APR 2013,2,817,ST,71,139,69
701-1392,V2,26 OCT 2012,0,815,SU,65,145,67
701-1392,V2,26 OCT 2012,1,816,ST,79,124,62
701-1392,V2,26 OCT 2012,2,817,ST,71,125,63
701-1392,V3,28 OCT 2012,0,815,SU,57,138,72
701-1392,V3,28 OCT 2012,1,816,ST,60,144,68
701-1392,V3,28 OCT 2012,2,817,ST,59,153,68
701-1392,V3E,10 NOV 2012,0,815,SU,58,129,68
701-1392,V3E,10 NOV 2012,1,816,ST,64,136,72
701-1392,V3E,10 NOV 2012,2,817,ST,61,137,68
701-1392,V4,11 NOV 2012,0,815,SU,72,131,69
701-1392,V4,11 NOV 2012,1,816,ST,78,128,74
701-1392,V4,11 NOV 2012,2,817,ST,82,130,71
701-1392,V5,24 NOV 2012,0,815,SU,55,154,80
701-1392,V5,24 NOV 2012,1,816,ST,58,146,75
701-1392,V5,24 NOV 2012,2,817,ST,57,150,77
701-1392,V6,26 NOV 2012,0,815,SU,58,138,69
701-1392,V6,26 NOV 2012,1,816,ST,60,144,72
701-1392,V6,26 NOV 2012,2,817,ST,61,138,76
701-1392,V7,09 DEC 2012,0,815,SU,74,145,72
701-1392,V7,09 DEC 2012,1,816,ST,84,138,68
701-1392,V7,09 DEC 2012,2,817,ST,80,146,73
701-1392,V8,20 DEC 2012,0,815,SU,62,145,64
701-1392,V8,20 DEC 2012,1,816,ST,66,130,68
701-1392,V8,20 DEC 2012,2,817,ST,64,138,64
701-1392,V9,20 JAN 2013,0,815,SU,77,138,64
701-1392,V9,20 JAN 2013,1,816,ST,88,137,67
701-1392,V9,20 JAN 2013,2,817,ST,86,131,68
701-1415,V1,15 SEP 2013,0,815,SU,60,139,64
701-1415,V1,15 SEP 2013,1,816,ST,70,146,68
701-1415,V1,15 SEP 2013,2,817,ST,66,140,70
701-1415,V10,14 JAN 2014,0,815,SU,62,138,54
701-1415,V10,14 JAN 2014,1,816,ST,66,137,64
701-1415,V10,14 JAN 2014,2,817,ST,72,122,61
701-1415,V11,10 FEB 2014,0,815,SU,67,129,67
701-1415,V11,10 FEB 2014,1,816,ST,70,129,67
701-1415,V11,10 FEB 2014,2,817,ST,67,138,72
701-1415,V12,10 MAR 2014,0,815,SU,60,113,62
701-1415,V12,10 MAR 2014,1,816,ST,76,130,65
701-1415,V12,10 MAR 2014,2,817,ST,68,133,59
701-1415,V13,24 MAR 2014,0,815,SU,65,133,67
701-1415,V13,24 MAR 2014,1,816,ST,77,123,58
701-1415,V13,24 MAR 2014,2,817,ST,73,116,54
701-1415,V2,21 SEP 2013,0,815,SU,53,132,61
701-1415,V2,21 SEP 2013,1,816,ST,75,114,57
701-1415,V2,21 SEP 2013,2,817,ST,65,147,65
701-1415,V3,23 SEP 2013,0,815,SU,62,138,66
701-1415,V3,23 SEP 2013,1,816,ST,72,130,68
701-1415,V3,23 SEP 2013,2,817,ST,68,140,68
701-1415,V3E,06 OCT 2013,0,815,SU,65,129,56
701-1415,V3E,06 OCT 2013,1,816,ST,74,129,53
701-1415,V3E,06 OCT 2013,2,817,ST,73,129,60
701-1415,V4,07 OCT 2013,0,815,SU,67,122,68
701-1415,V4,07 OCT 2013,1,816,ST,70,130,64
701-1415,V4,07 OCT 2013,2,817,ST,69,145,65
701-1415,V5,20 OCT 2013,0,815,SU,62,131,57
701-1415,V5,20 OCT 2013,1,816,ST,85,129,64
701-1415,V5,20 OCT 2013,2,817,ST,81,147,64
701-1415,V6,22 OCT 2013,0,815,SU,70,129,67
701-1415,V6,22 OCT 2013,1,816,ST,77,129,52
701-1415,V6,22 OCT 2013,2,817,ST,73,131,65
701-1415,V7,04 NOV 2013,0,815,SU,65,115,57
701-1415,V7,04 NOV 2013,1,816,ST,75,116,54
701-1415,V7,04 NOV 2013,2,817,ST,74,124,65
701-1415,V8,21 NOV 2013,0,815,SU,62,143,68
701-1415,V8,21 NOV 2013,1,816,ST,70,128,63
701-1415,V8,21 NOV 2013,2,817,ST,64,138,65
701-1415,V9,21 DEC 2013,0,815,SU,61,131,64
701-1415,V9,21 DEC 2013,1,816,ST,72,130,60
701-1415,V9,21 DEC 2013,2,817,ST,66,138,64
701-1429,ET,30 APR 2013,0,815,SU,73,160,78
701-1429,ET,30 APR 2013,1,816,ST,80,178,78
701-1429,ET,30 APR 2013,2,817,ST,76,170,75
701-1429,V1,25 FEB 2013,0,815,SU,78,158,88
701-1429,V1,25 FEB 2013,1,816,ST,80,160,90
701-1429,V1,25 FEB 2013,2,817,ST,82,152,90
701-1429,V2,17 MAR 2013,0,815,SU,76,186,66
701-1429,V2,17 MAR 2013,1,816,ST,70,181,88
701-1429,V2,17 MAR 2013,2,817,ST,76,158,70
701-1429,V3,19 MAR 2013,0,815,SU,68,178,72
701-1429,V3,19 MAR 2013,1,816,ST,75,186,80
701-1429,V3,19 MAR 2013,2,817,ST,72,180,76
701-1429,V4,02 APR 2013,0,815,SU,74,168,70
701-1429,V4,02 APR 2013,1,816,ST,76,178,86
701-1429,V4,02 APR 2013,2,817,ST,76,174,81
701-1429,V5,16 APR 2013,0,815,SU,77,172,69
701-1429,V5,16 APR 2013,1,816,ST,85,164,78
701-1429,V5,16 APR 2013,2,817,ST,88,178,84
701-1440,V1,24 JUL 2013,0,815,SU,56,116,70
701-1440,V1,24 JUL 2013,1,816,ST,66,120,76
701-1440,V1,24 JUL 2013,2,817,ST,60,116,78
701-1440,V10,27 NOV 2013,0,815,SU,50,144,79
701-1440,V10,27 NOV 2013,1,816,ST,54,146,88
701-1440,V10,27 NOV 2013,2,817,ST,57,150,84
701-1440,V11,25 DEC 2013,0,815,SU,56,116,65
701-1440,V11,25 DEC 2013,1,816,ST,71,130,72
701-1440,V11,25 DEC 2013,2,817,ST,65,131,73
701-1440,V12,22 JAN 2014,0,815,SU,52,135,76
701-1440,V12,22 JAN 2014,1,816,ST,55,138,82
701-1440,V12,22 JAN 2014,2,817,ST,57,144,84
701-1440,V13,05 FEB 2014,0,815,SU,55,106,67
701-1440,V13,05 FEB 2014,1,816,ST,66,120,60
701-1440,V13,05 FEB 2014,2,817,ST,60,110,62
701-1440,V2,06 AUG 2013,0,815,SU,52,122,68
701-1440,V2,06 AUG 2013,1,816,ST,56,130,84
701-1440,V2,06 AUG 2013,2,817,ST,54,132,77
701-1440,V3,08 AUG 2013,0,815,SU,52,118,72
701-1440,V3,08 AUG 2013,1,816,ST,56,116,78
701-1440,V3,08 AUG 2013,2,817,ST,54,116,76
701-1440,V3E,22 AUG 2013,0,815,SU,50,116,68
701-1440,V3E,22 AUG 2013,1,816,ST,50,127,70
701-1440,V3E,22 AUG 2013,2,817,ST,51,121,70
701-1440,V4,23 AUG 2013,0,815,SU,53,136,87
701-1440,V4,23 AUG 2013,1,816,ST,53,124,66
701-1440,V4,23 AUG 2013,2,817,ST,54,118,68
701-1440,V5,04 SEP 2013,0,815,SU,54,108,64
701-1440,V5,04 SEP 2013,1,816,ST,60,107,62
701-1440,V5,04 SEP 2013,2,817,ST,57,114,64
701-1440,V6,06 SEP 2013,0,815,SU,50,116,68
701-1440,V6,06 SEP 2013,1,816,ST,59,123,72
701-1440,V6,06 SEP 2013,2,817,ST,51,130,76
701-1440,V7,22 SEP 2013,0,815,SU,53,108,61
701-1440,V7,22 SEP 2013,1,816,ST,59,122,73
701-1440,V7,22 SEP 2013,2,817,ST,55,115,65
701-1440,V8,03 OCT 2013,0,815,SU,52,129,72
701-1440,V8,03 OCT 2013,1,816,ST,54,131,76
701-1440,V8,03 OCT 2013,2,817,ST,58,145,84
701-1440,V9,31 OCT 2013,0,815,SU,51,129,79
701-1440,V9,31 OCT 2013,1,816,ST,59,134,85
701-1440,V9,31 OCT 2013,2,817,ST,57,133,92
701-1442,V1,17 OCT 2013,0,815,SU,74,147,77
701-1442,V1,17 OCT 2013,1,816,ST,76,139,68
701-1442,V1,17 OCT 2013,2,817,ST,77,132,65
701-1442,V10,15 FEB 2014,0,815,SU,68,131,68
701-1442,V10,15 FEB 2014,1,816,ST,73,146,80
701-1442,V10,15 FEB 2014,2,817,ST,73,147,69
701-1442,V11,15 MAR 2014,0,815,SU,96,159,71
701-1442,V11,15 MAR 2014,1,816,ST,98,149,74
701-1442,V11,15 MAR 2014,2,817,ST,97,141,69
701-1442,V12,17 APR 2014,0,815,SU,77,146,64
701-1442,V12,17 APR 2014,1,816,ST,80,139,64
701-1442,V12,17 APR 2014,2,817,ST,83,147,81
701-1442,V13,26 APR 2014,0,815,SU,68,139,85
701-1442,V13,26 APR 2014,1,816,ST,74,134,62
701-1442,V13,26 APR 2014,2,817,ST,72,141,67
701-1442,V2,24 OCT 2013,0,815,SU,74,146,68
701-1442,V2,24 OCT 2013,1,816,ST,80,137,71
701-1442,V2,24 OCT 2013,2,817,ST,80,140,73
701-1442,V3,26 OCT 2013,0,815,SU,78,139,69
701-1442,V3,26 OCT 2013,1,816,ST,78,148,66
701-1442,V3,26 OCT 2013,2,817,ST,81,147,82
701-1442,V3E,08 NOV 2013,0,815,SU,76,146,72
701-1442,V3E,08 NOV 2013,1,816,ST,72,137,75
701-1442,V3E,08 NOV 2013,2,817,ST,79,129,75
701-1442,V4,09 NOV 2013,0,815,SU,78,147,85
701-1442,V4,09 NOV 2013,1,816,ST,83,146,79
701-1442,V4,09 NOV 2013,2,817,ST,87,141,70
701-1442,V5,23 NOV 2013,0,815,SU,73,148,81
701-1442,V5,23 NOV 2013,1,816,ST,78,141,66
701-1442,V5,23 NOV 2013,2,817,ST,79,141,74
701-1442,V6,25 NOV 2013,0,815,SU,76,140,88
701-1442,V6,25 NOV 2013,1,816,ST,78,138,76
701-1442,V6,25 NOV 2013,2,817,ST,72,150,80
701-1442,V7,07 DEC 2013,0,815,SU,76,146,68
701-1442,V7,07 DEC 2013,1,816,ST,80,156,57
701-1442,V7,07 DEC 2013,2,817,ST,81,140,65
701-1442,V8,26 DEC 2013,0,815,SU,67,147,70
701-1442,V8,26 DEC 2013,1,816,ST,69,141,74
701-1442,V8,26 DEC 2013,2,817,ST,71,149,74
701-1442,V9,18 JAN 2014,0,815,SU,70,131,73
701-1442,V9,18 JAN 2014,1,816,ST,74,139,70
701-1442,V9,18 JAN 2014,2,817,ST,74,131,68
701-1444,ET,13 FEB 2013,0,815,SU,60,128,82
701-1444,ET,13 FEB 2013,1,816,ST,65,122,84
701-1444,ET,13 FEB 2013,2,817,ST,65,130,85
701-1444,V1,31 DEC 2012,0,815,SU,56,139,92
701-1444,V1,31 DEC 2012,1,816,ST,62,118,83
701-1444,V1,31 DEC 2012,2,817,ST,60,145,89
701-1444,V2,03 JAN 2013,0,815,SU,65,137,83
701-1444,V2,03 JAN 2013,1,816,ST,65,117,78
701-1444,V2,03 JAN 2013,2,817,ST,65,131,77
701-1444,V201,20 JUN 2013,0,815,SU,66,129,84
701-1444,V201,20 JUN 2013,1,816,ST,73,115,70
701-1444,V201,20 JUN 2013,2,817,ST,68,116,74
701-1444,V3,05 JAN 2013,0,815,SU,64,159,89
701-1444,V3,05 JAN 2013,1,816,ST,72,138,84
701-1444,V3,05 JAN 2013,2,817,ST,68,138,76
701-1444,V3E,17 JAN 2013,0,815,SU,68,138,79
701-1444,V3E,17 JAN 2013,1,816,ST,77,109,70
701-1444,V3E,17 JAN 2013,2,817,ST,77,129,68
701-1444,V4,18 JAN 2013,0,815,SU,65,138,88
701-1444,V4,18 JAN 2013,1,816,ST,64,131,81
701-1444,V4,18 JAN 2013,2,817,ST,64,139,82
701-1444,V5,31 JAN 2013,0,815,SU,62,138,87
701-1444,V5,31 JAN 2013,1,816,ST,65,121,79
701-1444,V5,31 JAN 2013,2,817,ST,62,137,84
701-1444,V6,02 FEB 2013,0,815,SU,69,136,71
701-1444,V6,02 FEB 2013,1,816,ST,72,138,80
701-1444,V6,02 FEB 2013,2,817,ST,74,139,77
702-1082,ET,17 NOV 2013,0,815,SU,78,118,74
702-1082,ET,17 NOV 2013,1,816,ST,78,110,70
702-1082,ET,17 NOV 2013,2,817,ST,80,114,70
702-1082,V1,03 JUL 2013,0,815,SU,80,150,70
702-1082,V1,03 JUL 2013,1,816,ST,80,150,65
702-1082,V1,03 JUL 2013,2,817,ST,80,140,70
702-1082,V2,24 JUL 2013,0,815,SU,72,150,070
702-1082,V2,24 JUL 2013,1,816,ST,,,
702-1082,V2,24 JUL 2013,2,817,ST,80,110,066
702-1082,V3,26 JUL 2013,0,815,SU,076,144,64
702-1082,V3,26 JUL 2013,1,816,ST,078,129,56
702-1082,V3,26 JUL 2013,2,817,ST,080,140,59
702-1082,V3E,07 AUG 2013,0,815,SU,78,136,076
702-1082,V3E,07 AUG 2013,1,816,ST,82,130,068
702-1082,V3E,07 AUG 2013,2,817,ST,76,116,062
702-1082,V4,08 AUG 2013,0,815,SU,78,150,070
702-1082,V4,08 AUG 2013,1,816,ST,84,130,060
702-1082,V4,08 AUG 2013,2,817,ST,82,140,060
702-1082,V5,24 AUG 2013,0,815,SU,80,160,68
702-1082,V5,24 AUG 2013,1,816,ST,77,150,70
702-1082,V5,24 AUG 2013,2,817,ST,80,157,70
702-1082,V6,04 SEP 2013,0,815,SU,50,96,60
702-1082,V6,04 SEP 2013,1,816,ST,56,90,56
702-1082,V6,04 SEP 2013,2,817,ST,56,86,52
702-1082,V7,06 SEP 2013,0,815,SU,78,130,52
702-1082,V7,06 SEP 2013,1,816,ST,76,116,56
702-1082,V7,06 SEP 2013,2,817,ST,80,112,60
702-1082,V8,28 SEP 2013,0,815,SU,80,132,70
702-1082,V8,28 SEP 2013,1,816,ST,80,130,66
702-1082,V8,28 SEP 2013,2,817,ST,82,115,66
703-1042,V1,23 FEB 2013,0,815,SU,64,122,78
703-1042,V1,23 FEB 2013,1,816,ST,68,120,84
703-1042,V1,23 FEB 2013,2,817,ST,68,116,80
703-1042,V10,22 JUN 2013,0,815,SU,88,120,60
703-1042,V10,22 JUN 2013,1,816,ST,86,122,68
703-1042,V10,22 JUN 2013,2,817,ST,88,118,70
703-1042,V11,20 JUL 2013,0,815,SU,86,122,72
703-1042,V11,20 JUL 2013,1,816,ST,88,118,68
703-1042,V11,20 JUL 2013,2,817,ST,86,118,72
703-1042,V12,09 AUG 2013,0,815,SU,84,122,76
703-1042,V12,09 AUG 2013,1,816,ST,84,118,74
703-1042,V12,09 AUG 2013,2,817,ST,82,122,78
703-1042,V13,31 AUG 2013,0,815,SU,88,122,74
703-1042,V13,31 AUG 2013,1,816,ST,86,124,78
703-1042,V13,31 AUG 2013,2,817,ST,88,120,78
703-1042,V2,28 FEB 2013,0,815,SU,84,114,72
703-1042,V2,28 FEB 2013,1,816,ST,72,120,70
703-1042,V2,28 FEB 2013,2,817,ST,88,116,70
703-1042,V3,02 MAR 2013,0,815,SU,60,130,56
703-1042,V3,02 MAR 2013,1,816,ST,80,108,66
703-1042,V3,02 MAR 2013,2,817,ST,82,110,68
703-1042,V3E,13 MAR 2013,0,815,SU,84,122,70
703-1042,V3E,13 MAR 2013,1,816,ST,86,114,68
703-1042,V3E,13 MAR 2013,2,817,ST,88,110,76
703-1042,V4,14 MAR 2013,0,815,SU,88,118,62
703-1042,V4,14 MAR 2013,1,816,ST,92,112,72
703-1042,V4,14 MAR 2013,2,817,ST,88,122,68
703-1042,V5,28 MAR 2013,0,815,SU,60,120,70
703-1042,V5,28 MAR 2013,1,816,ST,84,130,82
703-1042,V5,28 MAR 2013,2,817,ST,80,132,80
703-1042,V6,30 MAR 2013,0,815,SU,92,118,66
703-1042,V6,30 MAR 2013,1,816,ST,92,120,68
703-1042,V6,30 MAR 2013,2,817,ST,88,122,70
703-1042,V7,13 APR 2013,0,815,SU,80,128,70
703-1042,V7,13 APR 2013,1,816,ST,84,118,78
703-1042,V7,13 APR 2013,2,817,ST,88,128,80
703-1042,V8,27 APR 2013,0,815,SU,90,108,70
703-1042,V8,27 APR 2013,1,816,ST,94,110,66
703-1042,V8,27 APR 2013,2,817,ST,94,114,68
703-1042,V9,25 MAY 2013,0,815,SU,84,130,72
703-1042,V9,25 MAY 2013,1,816,ST,82,128,72
703-1042,V9,25 MAY 2013,2,817,ST,82,126,70
703-1076,ET,24 DEC 2013,0,815,SU,74,122,82
703-1076,ET,24 DEC 2013,1,816,ST,78,114,80
703-1076,ET,24 DEC 2013,2,817,ST,76,118,88
703-1076,V1,17 OCT 2013,0,815,SU,64,152,92
703-1076,V1,17 OCT 2013,1,816,ST,68,132,82
703-1076,V1,17 OCT 2013,2,817,ST,72,150,90
703-1076,V2,23 OCT 2013,0,815,SU,84,150,92
703-1076,V2,23 OCT 2013,1,816,ST,72,132,82
703-1076,V2,23 OCT 2013,2,817,ST,68,130,90
703-1076,V3,25 OCT 2013,0,815,SU,76,144,86
703-1076,V3,25 OCT 2013,1,816,ST,84,140,88
703-1076,V3,25 OCT 2013,2,817,ST,88,150,80
703-1076,V3E,05 NOV 2013,0,815,SU,84,154,88
703-1076,V3E,05 NOV 2013,1,816,ST,86,137,89
703-1076,V3E,05 NOV 2013,2,817,ST,82,135,90
703-1076,V4,06 NOV 2013,0,815,SU,84,154,88
703-1076,V4,06 NOV 2013,1,816,ST,86,137,89
703-1076,V4,06 NOV 2013,2,817,ST,82,135,80
703-1076,V5,20 NOV 2013,0,815,SU,75,138,81
703-1076,V5,20 NOV 2013,1,816,ST,73,127,88
703-1076,V5,20 NOV 2013,2,817,ST,77,120,85
703-1076,V6,22 NOV 2013,0,815,SU,76,150,90
703-1076,V6,22 NOV 2013,1,816,ST,80,130,88
703-1076,V6,22 NOV 2013,2,817,ST,84,130,90
703-1076,V7,04 DEC 2013,0,815,SU,68,144,90
703-1076,V7,04 DEC 2013,1,816,ST,72,144,90
703-1076,V7,04 DEC 2013,2,817,ST,72,128,82
703-1076,V8,17 DEC 2013,0,815,SU,74,152,94
703-1076,V8,17 DEC 2013,1,816,ST,66,140,90
703-1076,V8,17 DEC 2013,2,817,ST,70,148,90
703-1086,ET,24 DEC 2012,0,815,SU,60,128,70
703-1086,ET,24 DEC 2012,1,816,ST,68,128,76
703-1086,ET,24 DEC 2012,2,817,ST,69,128,74
703-1086,V1,22 AUG 2012,0,815,SU,60,120,80
703-1086,V1,22 AUG 2012,1,816,ST,68,120,82
703-1086,V1,22 AUG 2012,2,817,ST,68,122,80
703-1086,V2,31 AUG 2012,0,815,SU,68,134,74
703-1086,V2,31 AUG 2012,1,816,ST,70,130,72
703-1086,V2,31 AUG 2012,2,817,ST,70,136,76
703-1086,V201,26 MAR 2013,0,815,SU,72,118,78
703-1086,V201,26 MAR 2013,1,816,ST,76,120,80
703-1086,V201,26 MAR 2013,2,817,ST,75,116,76
703-1086,V3,02 SEP 2012,0,815,SU,80,130,80
703-1086,V3,02 SEP 2012,1,816,ST,78,120,82
703-1086,V3,02 SEP 2012,2,817,ST,80,130,72
703-1086,V3E,15 SEP 2012,0,815,SU,66,116,64
703-1086,V3E,15 SEP 2012,1,816,ST,70,120,70
703-1086,V3E,15 SEP 2012,2,817,ST,70,118,68
703-1086,V4,16 SEP 2012,0,815,SU,72,120,68
703-1086,V4,16 SEP 2012,1,816,ST,80,122,74
703-1086,V4,16 SEP 2012,2,817,ST,80,130,70
703-1086,V5,30 SEP 2012,0,815,SU,72,118,78
703-1086,V5,30 SEP 2012,1,816,ST,72,110,80
703-1086,V5,30 SEP 2012,2,817,ST,78,112,78
703-1086,V6,02 OCT 2012,0,815,SU,68,110,72
703-1086,V6,02 OCT 2012,1,816,ST,70,110,80
703-1086,V6,02 OCT 2012,2,817,ST,74,112,80
703-1086,V7,13 OCT 2012,0,815,SU,62,110,72
703-1086,V7,13 OCT 2012,1,816,ST,64,106,70
703-1086,V7,13 OCT 2012,2,817,ST,62,108,72
703-1086,V8,27 OCT 2012,0,815,SU,78,120,80
703-1086,V8,27 OCT 2012,1,816,ST,79,124,84
703-1086,V8,27 OCT 2012,2,817,ST,80,124,84
703-1086,V9,27 NOV 2012,0,815,SU,72,118,76
703-1086,V9,27 NOV 2012,1,816,ST,72,124,80
703-1086,V9,27 NOV 2012,2,817,ST,74,126,82
703-1096,V1,19 DEC 2012,0,815,SU,78,132,74
703-1096,V1,19 DEC 2012,1,816,ST,72,126,62
703-1096,V1,19 DEC 2012,2,817,ST,84,130,78
703-1096,V2,23 JAN 2013,0,815,SU,58,140,82
703-1096,V2,23 JAN 2013,1,816,ST,60,138,80
703-1096,V2,23 JAN 2013,2,817,ST,68,140,80
703-1096,V3,25 JAN 2013,0,815,SU,74,142,70
703-1096,V3,25 JAN 2013,1,816,ST,82,150,72
703-1096,V3,25 JAN 2013,2,817,ST,80,144,70
703-1096,V3E,08 FEB 2013,0,815,SU,78,150,80
703-1096,V3E,08 FEB 2013,1,816,ST,78,148,78
703-1096,V3E,08 FEB 2013,2,817,ST,78,148,80
703-1096,V4,09 FEB 2013,0,815,SU,66,140,74
703-1096,V4,09 FEB 2013,1,816,ST,74,150,80
703-1096,V4,09 FEB 2013,2,817,ST,72,142,80
703-1096,V5,23 FEB 2013,0,815,SU,78,150,080
703-1096,V5,23 FEB 2013,1,816,ST,78,140,080
703-1096,V5,23 FEB 2013,2,817,ST,76,144,080
703-1096,V6,27 FEB 2013,0,815,SU,68,140,80
703-1096,V6,27 FEB 2013,1,816,ST,70,148,84
703-1096,V6,27 FEB 2013,2,817,ST,74,146,80
703-1100,V1,28 FEB 2013,0,815,SU,80,140,88
703-1100,V1,28 FEB 2013,1,816,ST,78,144,82
703-1100,V1,28 FEB 2013,2,817,ST,80,140,80
703-1100,V10,03 JUL 2013,0,815,SU,74,110,70
703-1100,V10,03 JUL 2013,1,816,ST,78,118,78
703-1100,V10,03 JUL 2013,2,817,ST,80,116,76
703-1100,V11,31 JUL 2013,0,815,SU,67,118,70
703-1100,V11,31 JUL 2013,1,816,ST,66,114,78
703-1100,V11,31 JUL 2013,2,817,ST,70,118,78
703-1100,V12,28 AUG 2013,0,815,SU,81,118,80
703-1100,V12,28 AUG 2013,1,816,ST,80,120,80
703-1100,V12,28 AUG 2013,2,817,ST,76,120,78
703-1100,V13,14 SEP 2013,0,815,SU,73,114,70
703-1100,V13,14 SEP 2013,1,816,ST,72,116,74
703-1100,V13,14 SEP 2013,2,817,ST,74,114,74
703-1100,V2,11 MAR 2013,0,815,SU,72,126,78
703-1100,V2,11 MAR 2013,1,816,ST,74,120,80
703-1100,V2,11 MAR 2013,2,817,ST,82,118,74
703-1100,V3,13 MAR 2013,0,815,SU,72,142,80
703-1100,V3,13 MAR 2013,1,816,ST,78,150,84
703-1100,V3,13 MAR 2013,2,817,ST,80,156,88
703-1100,V3E,28 MAR 2013,0,815,SU,70,124,80
703-1100,V3E,28 MAR 2013,1,816,ST,72,120,80
703-1100,V3E,28 MAR 2013,2,817,ST,80,124,84
703-1100,V4,29 MAR 2013,0,815,SU,70,120,88
703-1100,V4,29 MAR 2013,1,816,ST,78,130,90
703-1100,V4,29 MAR 2013,2,817,ST,79,132,90
703-1100,V5,12 APR 2013,0,815,SU,78,116,78
703-1100,V5,12 APR 2013,1,816,ST,79,118,80
703-1100,V5,12 APR 2013,2,817,ST,80,120,80
703-1100,V6,14 APR 2013,0,815,SU,78,112,78
703-1100,V6,14 APR 2013,1,816,ST,79,116,80
703-1100,V6,14 APR 2013,2,817,ST,78,114,79
703-1100,V7,24 APR 2013,0,815,SU,74,110,72
703-1100,V7,24 APR 2013,1,816,ST,70,112,72
703-1100,V7,24 APR 2013,2,817,ST,72,110,70
703-1100,V8,08 MAY 2013,0,815,SU,78,130,80
703-1100,V8,08 MAY 2013,1,816,ST,80,128,84
703-1100,V8,08 MAY 2013,2,817,ST,80,128,80
703-1100,V9,05 JUN 2013,0,815,SU,78,130,70
703-1100,V9,05 JUN 2013,1,816,ST,80,130,80
703-1100,V9,05 JUN 2013,2,817,ST,80,130,80
703-1119,ET,13 JUN 2013,0,815,SU,80,140,82
703-1119,ET,13 JUN 2013,1,816,ST,84,130,70
703-1119,ET,13 JUN 2013,2,817,ST,84,120,80
703-1119,V1,02 FEB 2013,0,815,SU,68,110,78
703-1119,V1,02 FEB 2013,1,816,ST,66,104,70
703-1119,V1,02 FEB 2013,2,817,ST,70,100,78
703-1119,V2,14 FEB 2013,0,815,SU,62,110,60
703-1119,V2,14 FEB 2013,1,816,ST,68,102,64
703-1119,V2,14 FEB 2013,2,817,ST,66,100,60
703-1119,V201,24 AUG 2013,0,815,SU,80,136,80
703-1119,V201,24 AUG 2013,1,816,ST,82,134,78
703-1119,V201,24 AUG 2013,2,817,ST,84,134,76
703-1119,V3,20 FEB 2013,0,815,SU,64,152,68
703-1119,V3,20 FEB 2013,1,816,ST,62,144,68
703-1119,V3,20 FEB 2013,2,817,ST,60,128,72
703-1119,V3E,09 MAR 2013,0,815,SU,80,134,078
703-1119,V3E,09 MAR 2013,1,816,ST,82,132,078
703-1119,V3E,09 MAR 2013,2,817,ST,82,130,078
703-1119,V4,10 MAR 2013,0,815,SU,72,140,60
703-1119,V4,10 MAR 2013,1,816,ST,80,130,70
703-1119,V4,10 MAR 2013,2,817,ST,80,128,72
703-1119,V5,21 MAR 2013,0,815,SU,68,120,70
703-1119,V5,21 MAR 2013,1,816,ST,76,130,72
703-1119,V5,21 MAR 2013,2,817,ST,80,126,68
703-1119,V6,23 MAR 2013,0,815,SU,68,120,72
703-1119,V6,23 MAR 2013,1,816,ST,68,124,72
703-1119,V6,23 MAR 2013,2,817,ST,70,126,72
703-1119,V7,04 APR 2013,0,815,SU,68,150,64
703-1119,V7,04 APR 2013,1,816,ST,72,140,70
703-1119,V7,04 APR 2013,2,817,ST,84,130,60
703-1119,V8,19 APR 2013,0,815,SU,82,156,72
703-1119,V8,19 APR 2013,1,816,ST,80,148,70
703-1119,V8,19 APR 2013,2,817,ST,76,146,70
703-1119,V9,17 MAY 2013,0,815,SU,80,142,72
703-1119,V9,17 MAY 2013,1,816,ST,84,138,70
703-1119,V9,17 MAY 2013,2,817,ST,88,138,70
703-1175,ET,31 DEC 2013,0,815,SU,72,110,58
703-1175,ET,31 DEC 2013,1,816,ST,70,108,56
703-1175,ET,31 DEC 2013,2,817,ST,74,112,62
703-1175,V1,13 DEC 2013,0,815,SU,62,140,90
703-1175,V1,13 DEC 2013,1,816,ST,64,146,86
703-1175,V1,13 DEC 2013,2,817,ST,62,144,84
703-1175,V2,18 DEC 2013,0,815,SU,66,138,92
703-1175,V2,18 DEC 2013,1,816,ST,64,140,88
703-1175,V2,18 DEC 2013,2,817,ST,66,142,84
703-1175,V3,20 DEC 2013,0,815,SU,66,138,92
703-1175,V3,20 DEC 2013,1,816,ST,62,140,90
703-1175,V3,20 DEC 2013,2,817,ST,64,144,92
703-1182,ET,12 DEC 2013,0,815,SU,84,112,84
703-1182,ET,12 DEC 2013,1,816,ST,86,108,74
703-1182,ET,12 DEC 2013,2,817,ST,84,114,78
703-1182,V1,08 OCT 2013,0,815,SU,96,126,70
703-1182,V1,08 OCT 2013,1,816,ST,98,128,70
703-1182,V1,08 OCT 2013,2,817,ST,90,120,78
703-1182,V2,15 OCT 2013,0,815,SU,82,134,78
703-1182,V2,15 OCT 2013,1,816,ST,88,130,72
703-1182,V2,15 OCT 2013,2,817,ST,88,132,76
703-1182,V3,17 OCT 2013,0,815,SU,72,140,80
703-1182,V3,17 OCT 2013,1,816,ST,80,150,80
703-1182,V3,17 OCT 2013,2,817,ST,72,124,70
703-1182,V3E,30 OCT 2013,0,815,SU,84,130,72
703-1182,V3E,30 OCT 2013,1,816,ST,86,130,78
703-1182,V3E,30 OCT 2013,2,817,ST,82,126,78
703-1182,V4,31 OCT 2013,0,815,SU,84,130,70
703-1182,V4,31 OCT 2013,1,816,ST,88,132,74
703-1182,V4,31 OCT 2013,2,817,ST,86,128,70
703-1182,V5,19 NOV 2013,0,815,SU,85,138,80
703-1182,V5,19 NOV 2013,1,816,ST,88,134,80
703-1182,V5,19 NOV 2013,2,817,ST,84,130,84
703-1182,V7,28 NOV 2013,0,815,SU,84,122,82
703-1182,V7,28 NOV 2013,1,816,ST,88,110,72
703-1182,V7,28 NOV 2013,2,817,ST,84,112,66
703-1197,ET,22 JUL 2013,0,815,SU,64,120,78
703-1197,ET,22 JUL 2013,1,816,ST,66,124,80
703-1197,ET,22 JUL 2013,2,817,ST,66,124,80
703-1197,V1,01 JUN 2013,0,815,SU,76,122,80
703-1197,V1,01 JUN 2013,1,816,ST,80,130,88
703-1197,V1,01 JUN 2013,2,817,ST,84,126,86
703-1197,V2,14 JUN 2013,0,815,SU,68,160,80
703-1197,V2,14 JUN 2013,1,816,ST,76,150,80
703-1197,V2,14 JUN 2013,2,817,ST,84,146,84
703-1197,V3,16 JUN 2013,0,815,SU,60,120,80
703-1197,V3,16 JUN 2013,1,816,ST,76,130,88
703-1197,V3,16 JUN 2013,2,817,ST,80,134,80
703-1210,V1,08 MAR 2013,0,815,SU,68,122,80
703-1210,V1,08 MAR 2013,1,816,ST,68,130,80
703-1210,V1,08 MAR 2013,2,817,ST,68,122,70
703-1210,V10,05 JUL 2013,0,815,SU,60,112,62
703-1210,V10,05 JUL 2013,1,816,ST,62,120,64
703-1210,V10,05 JUL 2013,2,817,ST,62,118,68
703-1210,V11,27 JUL 2013,0,815,SU,68,122,72
703-1210,V11,27 JUL 2013,1,816,ST,68,118,68
703-1210,V11,27 JUL 2013,2,817,ST,68,116,68
703-1210,V12,24 AUG 2013,0,815,SU,64,118,72
703-1210,V12,24 AUG 2013,1,816,ST,64,120,72
703-1210,V12,24 AUG 2013,2,817,ST,68,118,70
703-1210,V13,06 SEP 2013,0,815,SU,56,114,68
703-1210,V13,06 SEP 2013,1,816,ST,56,116,68
703-1210,V13,06 SEP 2013,2,817,ST,60,116,66
703-1210,V2,14 MAR 2013,0,815,SU,66,120,80
703-1210,V2,14 MAR 2013,1,816,ST,66,122,82
703-1210,V2,14 MAR 2013,2,817,ST,68,124,82
703-1210,V3,16 MAR 2013,0,815,SU,80,120,70
703-1210,V3,16 MAR 2013,1,816,ST,76,134,80
703-1210,V3,16 MAR 2013,2,817,ST,72,140,70
703-1210,V3E,29 MAR 2013,0,815,SU,78,122,72
703-1210,V3E,29 MAR 2013,1,816,ST,80,124,72
703-1210,V3E,29 MAR 2013,2,817,ST,80,128,76
703-1210,V4,30 MAR 2013,0,815,SU,78,124,74
703-1210,V4,30 MAR 2013,1,816,ST,78,122,74
703-1210,V4,30 MAR 2013,2,817,ST,76,120,74
703-1210,V5,12 APR 2013,0,815,SU,80,130,70
703-1210,V5,12 APR 2013,1,816,ST,80,130,68
703-1210,V5,12 APR 2013,2,817,ST,76,128,76
703-1210,V6,14 APR 2013,0,815,SU,82,132,74
703-1210,V6,14 APR 2013,1,816,ST,84,132,72
703-1210,V6,14 APR 2013,2,817,ST,84,134,70
703-1210,V7,28 APR 2013,0,815,SU,64,130,70
703-1210,V7,28 APR 2013,1,816,ST,68,128,74
703-1210,V7,28 APR 2013,2,817,ST,68,126,72
703-1210,V8,10 MAY 2013,0,815,SU,60,106,80
703-1210,V8,10 MAY 2013,1,816,ST,68,114,70
703-1210,V8,10 MAY 2013,2,817,ST,76,112,70
703-1210,V9,07 JUN 2013,0,815,SU,68,118,68
703-1210,V9,07 JUN 2013,1,816,ST,66,110,68
703-1210,V9,07 JUN 2013,2,817,ST,66,110,68
703-1258,V1,10 JUL 2012,0,815,SU,80,150,94
703-1258,V1,10 JUL 2012,1,816,ST,80,164,94
703-1258,V1,10 JUL 2012,2,817,ST,84,160,92
703-1258,V10,05 NOV 2012,0,815,SU,60,154,90
703-1258,V10,05 NOV 2012,1,816,ST,60,140,92
703-1258,V10,05 NOV 2012,2,817,ST,66,142,90
703-1258,V11,03 DEC 2012,0,815,SU,86,124,88
703-1258,V11,03 DEC 2012,1,816,ST,88,128,90
703-1258,V11,03 DEC 2012,2,817,ST,90,130,92
703-1258,V12,31 DEC 2012,0,815,SU,80,118,80
703-1258,V12,31 DEC 2012,1,816,ST,80,120,80
703-1258,V12,31 DEC 2012,2,817,ST,80,120,80
703-1258,V13,21 JAN 2013,0,815,SU,80,138,90
703-1258,V13,21 JAN 2013,1,816,ST,80,136,90
703-1258,V13,21 JAN 2013,2,817,ST,80,136,90
703-1258,V2,18 JUL 2012,0,815,SU,84,150,92
703-1258,V2,18 JUL 2012,1,816,ST,82,152,90
703-1258,V2,18 JUL 2012,2,817,ST,86,158,94
703-1258,V3,20 JUL 2012,0,815,SU,82,150,92
703-1258,V3,20 JUL 2012,1,816,ST,84,154,94
703-1258,V3,20 JUL 2012,2,817,ST,86,148,90
703-1258,V3E,31 JUL 2012,0,815,SU,76,138,78
703-1258,V3E,31 JUL 2012,1,816,ST,78,140,82
703-1258,V3E,31 JUL 2012,2,817,ST,78,142,76
703-1258,V4,01 AUG 2012,0,815,SU,78,148,82
703-1258,V4,01 AUG 2012,1,816,ST,76,150,80
703-1258,V4,01 AUG 2012,2,817,ST,80,152,82
703-1258,V5,17 AUG 2012,0,815,SU,74,130,80
703-1258,V5,17 AUG 2012,1,816,ST,76,132,74
703-1258,V5,17 AUG 2012,2,817,ST,78,136,76
703-1258,V6,19 AUG 2012,0,815,SU,74,130,80
703-1258,V6,19 AUG 2012,1,816,ST,72,126,76
703-1258,V6,19 AUG 2012,2,817,ST,76,128,80
703-1258,V7,04 SEP 2012,0,815,SU,72,130,80
703-1258,V7,04 SEP 2012,1,816,ST,70,140,78
703-1258,V7,04 SEP 2012,2,817,ST,72,140,80
703-1258,V8,14 SEP 2012,0,815,SU,72,122,74
703-1258,V8,14 SEP 2012,1,816,ST,76,120,78
703-1258,V8,14 SEP 2012,2,817,ST,72,130,80
703-1258,V9,09 OCT 2012,0,815,SU,74,128,80
703-1258,V9,09 OCT 2012,1,816,ST,78,134,76
703-1258,V9,09 OCT 2012,2,817,ST,80,140,84
703-1279,ET,22 JUN 2013,0,815,SU,78,144,88
703-1279,ET,22 JUN 2013,1,816,ST,80,140,82
703-1279,ET,22 JUN 2013,2,817,ST,,,
703-1279,V1,27 APR 2013,0,815,SU,60,140,80
703-1279,V1,27 APR 2013,1,816,ST,68,130,70
703-1279,V1,27 APR 2013,2,817,ST,72,140,88
703-1279,V2,11 MAY 2013,0,815,SU,64,130,70
703-1279,V2,11 MAY 2013,1,816,ST,68,138,80
703-1279,V2,11 MAY 2013,2,817,ST,72,136,90
703-1279,V3,13 MAY 2013,0,815,SU,64,130,70
703-1279,V3,13 MAY 2013,1,816,ST,76,120,72
703-1279,V3,13 MAY 2013,2,817,ST,68,120,70
703-1295,ET,19 MAY 2014,0,815,SU,76,138,78
703-1295,ET,19 MAY 2014,1,816,ST,80,136,76
703-1295,ET,19 MAY 2014,2,817,ST,76,138,74
703-1295,V1,24 OCT 2013,0,815,SU,92,130,80
703-1295,V1,24 OCT 2013,1,816,ST,68,128,70
703-1295,V1,24 OCT 2013,2,817,ST,80,120,68
703-1295,V10,13 MAR 2014,0,815,SU,84,140,80
703-1295,V10,13 MAR 2014,1,816,ST,88,142,80
703-1295,V10,13 MAR 2014,2,817,ST,96,150,80
703-1295,V2,19 NOV 2013,0,815,SU,84,132,76
703-1295,V2,19 NOV 2013,1,816,ST,84,140,76
703-1295,V2,19 NOV 2013,2,817,ST,84,140,70
703-1295,V3,21 NOV 2013,0,815,SU,64,138,78
703-1295,V3,21 NOV 2013,1,816,ST,66,142,80
703-1295,V3,21 NOV 2013,2,817,ST,64,136,78
703-1295,V3E,04 DEC 2013,0,815,SU,94,132,78
703-1295,V3E,04 DEC 2013,1,816,ST,88,136,80
703-1295,V3E,04 DEC 2013,2,817,ST,92,134,80
703-1295,V4,05 DEC 2013,0,815,SU,88,110,80
703-1295,V4,05 DEC 2013,1,816,ST,68,102,66
703-1295,V4,05 DEC 2013,2,817,ST,80,100,62
703-1295,V5,18 DEC 2013,0,815,SU,88,132,82
703-1295,V5,18 DEC 2013,1,816,ST,80,122,70
703-1295,V5,18 DEC 2013,2,817,ST,90,148,88
703-1295,V6,20 DEC 2013,0,815,SU,72,138,80
703-1295,V6,20 DEC 2013,1,816,ST,84,130,72
703-1295,V6,20 DEC 2013,2,817,ST,82,132,80
703-1295,V7,01 JAN 2014,0,815,SU,80,150,82
703-1295,V7,01 JAN 2014,1,816,ST,84,138,70
703-1295,V7,01 JAN 2014,2,817,ST,84,130,72
703-1295,V8,15 JAN 2014,0,815,SU,80,130,80
703-1295,V8,15 JAN 2014,1,816,ST,80,128,78
703-1295,V8,15 JAN 2014,2,817,ST,82,126,78
703-1295,V9,18 FEB 2014,0,815,SU,80,140,80
703-1295,V9,18 FEB 2014,1,816,ST,80,130,80
703-1295,V9,18 FEB 2014,2,817,ST,84,132,78
703-1299,V1,07 SEP 2012,0,815,SU,82,112,64
703-1299,V1,07 SEP 2012,1,816,ST,86,114,70
703-1299,V1,07 SEP 2012,2,817,ST,96,110,70
703-1299,V10,02 JAN 2013,0,815,SU,86,130,68
703-1299,V10,02 JAN 2013,1,816,ST,84,128,70
703-1299,V10,02 JAN 2013,2,817,ST,82,128,70
703-1299,V11,30 JAN 2013,0,815,SU,84,120,60
703-1299,V11,30 JAN 2013,1,816,ST,88,122,60
703-1299,V11,30 JAN 2013,2,817,ST,92,118,60
703-1299,V12,01 MAR 2013,0,815,SU,84,104,68
703-1299,V12,01 MAR 2013,1,816,ST,82,108,64
703-1299,V12,01 MAR 2013,2,817,ST,82,104,64
703-1299,V13,13 MAR 2013,0,815,SU,104,88,58
703-1299,V13,13 MAR 2013,1,816,ST,108,88,56
703-1299,V13,13 MAR 2013,2,817,ST,100,88,66
703-1299,V2,10 SEP 2012,0,815,SU,66,110,74
703-1299,V2,10 SEP 2012,1,816,ST,70,102,70
703-1299,V2,10 SEP 2012,2,817,ST,70,108,76
703-1299,V3,12 SEP 2012,0,815,SU,64,108,70
703-1299,V3,12 SEP 2012,1,816,ST,64,100,66
703-1299,V3,12 SEP 2012,2,817,ST,68,102,70
703-1299,V3E,27 SEP 2012,0,815,SU,84,110,66
703-1299,V3E,27 SEP 2012,1,816,ST,89,102,70
703-1299,V3E,27 SEP 2012,2,817,ST,88,104,74
703-1299,V4,28 SEP 2012,0,815,SU,100,96,68
703-1299,V4,28 SEP 2012,1,816,ST,106,92,70
703-1299,V4,28 SEP 2012,2,817,ST,104,90,76
703-1299,V5,10 OCT 2012,0,815,SU,74,96,70
703-1299,V5,10 OCT 2012,1,816,ST,80,90,74
703-1299,V5,10 OCT 2012,2,817,ST,86,92,70
703-1299,V6,12 OCT 2012,0,815,SU,86,110,72
703-1299,V6,12 OCT 2012,1,816,ST,90,98,74
703-1299,V6,12 OCT 2012,2,817,ST,92,104,72
703-1299,V7,24 OCT 2012,0,815,SU,84,102,70
703-1299,V7,24 OCT 2012,1,816,ST,68,110,60
703-1299,V7,24 OCT 2012,2,817,ST,80,100,60
703-1299,V8,07 NOV 2012,0,815,SU,72,112,72
703-1299,V8,07 NOV 2012,1,816,ST,80,110,70
703-1299,V8,07 NOV 2012,2,817,ST,82,100,60
703-1299,V9,05 DEC 2012,0,815,SU,88,130,60
703-1299,V9,05 DEC 2012,1,816,ST,100,128,70
703-1299,V9,05 DEC 2012,2,817,ST,104,136,68
703-1335,ET,24 MAY 2014,0,815,SU,64,120,70
703-1335,ET,24 MAY 2014,1,816,ST,72,122,72
703-1335,ET,24 MAY 2014,2,817,ST,80,138,80
703-1335,V1,28 FEB 2014,0,815,SU,64,140,70
703-1335,V1,28 FEB 2014,1,816,ST,66,138,80
703-1335,V1,28 FEB 2014,2,817,ST,64,150,82
703-1335,V2,15 MAR 2014,0,815,SU,60,138,84
703-1335,V2,15 MAR 2014,1,816,ST,68,134,86
703-1335,V2,15 MAR 2014,2,817,ST,66,132,84
703-1335,V3,17 MAR 2014,0,815,SU,68,130,80
703-1335,V3,17 MAR 2014,1,816,ST,72,140,70
703-1335,V3,17 MAR 2014,2,817,ST,68,130,80
703-1335,V3E,30 MAR 2014,0,815,SU,88,100,60
703-1335,V3E,30 MAR 2014,1,816,ST,96,102,62
703-1335,V3E,30 MAR 2014,2,817,ST,92,100,60
703-1335,V4,31 MAR 2014,0,815,SU,72,124,88
703-1335,V4,31 MAR 2014,1,816,ST,70,124,90
703-1335,V4,31 MAR 2014,2,817,ST,72,120,88
703-1335,V5,13 APR 2014,0,815,SU,80,120,80
703-1335,V5,13 APR 2014,1,816,ST,90,122,74
703-1335,V5,13 APR 2014,2,817,ST,90,120,70
703-1335,V6,15 APR 2014,0,815,SU,92,120,72
703-1335,V6,15 APR 2014,1,816,ST,100,118,80
703-1335,V6,15 APR 2014,2,817,ST,100,118,70
703-1379,V1,12 SEP 2013,0,815,SU,72,158,90
703-1379,V1,12 SEP 2013,1,816,ST,72,140,90
703-1379,V1,12 SEP 2013,2,817,ST,80,160,88
703-1379,V10,11 JAN 2014,0,815,SU,60,130,70
703-1379,V10,11 JAN 2014,1,816,ST,68,140,76
703-1379,V10,11 JAN 2014,2,817,ST,64,130,80
703-1379,V11,09 FEB 2014,0,815,SU,50,132,80
703-1379,V11,09 FEB 2014,1,816,ST,40,138,88
703-1379,V11,09 FEB 2014,2,817,ST,50,132,80
703-1379,V12,08 MAR 2014,0,815,SU,56,138,80
703-1379,V12,08 MAR 2014,1,816,ST,60,140,86
703-1379,V12,08 MAR 2014,2,817,ST,56,138,82
703-1379,V13,21 MAR 2014,0,815,SU,64,138,072
703-1379,V13,21 MAR 2014,1,816,ST,60,134,076
703-1379,V13,21 MAR 2014,2,817,ST,64,138,078
703-1379,V2,20 SEP 2013,0,815,SU,68,150,70
703-1379,V2,20 SEP 2013,1,816,ST,60,148,90
703-1379,V2,20 SEP 2013,2,817,ST,64,160,80
703-1379,V3,22 SEP 2013,0,815,SU,64,140,80
703-1379,V3,22 SEP 2013,1,816,ST,80,142,84
703-1379,V3,22 SEP 2013,2,817,ST,68,150,86
703-1379,V3E,06 OCT 2013,0,815,SU,76,120,80
703-1379,V3E,06 OCT 2013,1,816,ST,80,138,90
703-1379,V3E,06 OCT 2013,2,817,ST,74,140,80
703-1379,V4,07 OCT 2013,0,815,SU,72,114,70
703-1379,V4,07 OCT 2013,1,816,ST,70,140,74
703-1379,V4,07 OCT 2013,2,817,ST,72,142,72
703-1379,V5,19 OCT 2013,0,815,SU,64,122,74
703-1379,V5,19 OCT 2013,1,816,ST,76,134,80
703-1379,V5,19 OCT 2013,2,817,ST,72,130,72
703-1379,V6,21 OCT 2013,0,815,SU,68,124,72
703-1379,V6,21 OCT 2013,1,816,ST,70,122,70
703-1379,V6,21 OCT 2013,2,817,ST,66,128,74
703-1379,V7,08 NOV 2013,0,815,SU,68,132,80
703-1379,V7,08 NOV 2013,1,816,ST,72,150,88
703-1379,V7,08 NOV 2013,2,817,ST,76,140,80
703-1379,V8,17 NOV 2013,0,815,SU,68,140,80
703-1379,V8,17 NOV 2013,1,816,ST,76,152,80
703-1379,V8,17 NOV 2013,2,817,ST,78,160,82
703-1379,V9,15 DEC 2013,0,815,SU,64,130,80
703-1379,V9,15 DEC 2013,1,816,ST,76,138,88
703-1379,V9,15 DEC 2013,2,817,ST,84,134,82
703-1403,ET,19 DEC 2012,0,815,SU,76,128,78
703-1403,ET,19 DEC 2012,1,816,ST,74,126,80
703-1403,ET,19 DEC 2012,2,817,ST,74,128,80
703-1403,V1,05 DEC 2012,0,815,SU,68,130,70
703-1403,V1,05 DEC 2012,1,816,ST,72,120,80
703-1403,V1,05 DEC 2012,2,817,ST,76,122,82
703-1403,V2,10 DEC 2012,0,815,SU,80,124,70
703-1403,V2,10 DEC 2012,1,816,ST,84,120,72
703-1403,V2,10 DEC 2012,2,817,ST,82,126,80
703-1403,V3,12 DEC 2012,0,815,SU,78,126,78
703-1403,V3,12 DEC 2012,1,816,ST,80,122,76
703-1403,V3,12 DEC 2012,2,817,ST,80,128,80
703-1439,V1,04 MAR 2014,0,815,SU,82,158,80
703-1439,V1,04 MAR 2014,1,816,ST,88,162,90
703-1439,V1,04 MAR 2014,2,817,ST,94,160,80
703-1439,V10,30 JUN 2014,0,815,SU,85,128,88
703-1439,V10,30 JUN 2014,1,816,ST,86,136,90
703-1439,V10,30 JUN 2014,2,817,ST,86,134,88
703-1439,V11,29 JUL 2014,0,815,SU,85,130,90
703-1439,V11,29 JUL 2014,1,816,ST,87,130,88
703-1439,V11,29 JUL 2014,2,817,ST,80,130,90
703-1439,V12,28 AUG 2014,0,815,SU,76,118,80
703-1439,V12,28 AUG 2014,1,816,ST,80,122,84
703-1439,V12,28 AUG 2014,2,817,ST,80,120,82
703-1439,V13,11 SEP 2014,0,815,SU,85,124,84
703-1439,V13,11 SEP 2014,1,816,ST,88,126,86
703-1439,V13,11 SEP 2014,2,817,ST,88,128,86
703-1439,V2,10 MAR 2014,0,815,SU,78,178,92
703-1439,V2,10 MAR 2014,1,816,ST,78,170,90
703-1439,V2,10 MAR 2014,2,817,ST,78,170,90
703-1439,V3,12 MAR 2014,0,815,SU,78,150,82
703-1439,V3,12 MAR 2014,1,816,ST,84,158,90
703-1439,V3,12 MAR 2014,2,817,ST,82,160,90
703-1439,V3E,25 MAR 2014,0,815,SU,81,142,90
703-1439,V3E,25 MAR 2014,1,816,ST,81,146,94
703-1439,V3E,25 MAR 2014,2,817,ST,84,152,94
703-1439,V4,26 MAR 2014,0,815,SU,86,140,92
703-1439,V4,26 MAR 2014,1,816,ST,88,146,94
703-1439,V4,26 MAR 2014,2,817,ST,88,145,90
703-1439,V5,08 APR 2014,0,815,SU,88,140,90
703-1439,V5,08 APR 2014,1,816,ST,89,143,92
703-1439,V5,08 APR 2014,2,817,ST,88,142,90
703-1439,V6,10 APR 2014,0,815,SU,87,128,88
703-1439,V6,10 APR 2014,1,816,ST,88,130,90
703-1439,V6,10 APR 2014,2,817,ST,84,126,86
703-1439,V7,21 APR 2014,0,815,SU,82,110,84
703-1439,V7,21 APR 2014,1,816,ST,86,118,80
703-1439,V7,21 APR 2014,2,817,ST,89,112,80
703-1439,V8,05 MAY 2014,0,815,SU,80,116,80
703-1439,V8,05 MAY 2014,1,816,ST,79,120,80
703-1439,V8,05 MAY 2014,2,817,ST,77,122,80
703-1439,V9,02 JUN 2014,0,815,SU,80,140,82
703-1439,V9,02 JUN 2014,1,816,ST,80,138,82
703-1439,V9,02 JUN 2014,2,817,ST,80,138,82
704-1008,ET,25 FEB 2013,0,815,SU,56,124,72
704-1008,ET,25 FEB 2013,1,816,ST,52,122,70
704-1008,ET,25 FEB 2013,2,817,ST,58,116,70
704-1008,V1,06 JAN 2013,0,815,SU,58,168,82
704-1008,V1,06 JAN 2013,1,816,ST,66,156,78
704-1008,V1,06 JAN 2013,2,817,ST,66,148,82
704-1008,V2,11 JAN 2013,0,815,SU,60,148,72
704-1008,V2,11 JAN 2013,1,816,ST,66,158,76
704-1008,V2,11 JAN 2013,2,817,ST,66,146,78
704-1008,V3,13 JAN 2013,0,815,SU,58,150,80
704-1008,V3,13 JAN 2013,1,816,ST,66,146,84
704-1008,V3,13 JAN 2013,2,817,ST,60,146,76
704-1008,V3E,27 JAN 2013,0,815,SU,72,142,80
704-1008,V3E,27 JAN 2013,1,816,ST,66,140,86
704-1008,V3E,27 JAN 2013,2,817,ST,66,132,78
704-1008,V4,28 JAN 2013,0,815,SU,64,132,80
704-1008,V5,09 FEB 2013,0,815,SU,68,128,72
704-1008,V5,09 FEB 2013,1,816,ST,72,150,78
704-1008,V5,09 FEB 2013,2,817,ST,72,138,78
704-1008,V6,11 FEB 2013,0,815,SU,70,134,80
704-1008,V6,11 FEB 2013,1,816,ST,76,140,78
704-1008,V6,11 FEB 2013,2,817,ST,72,136,78
704-1009,V1,20 AUG 2013,0,815,SU,60,130,70
704-1009,V1,20 AUG 2013,1,816,ST,64,134,74
704-1009,V1,20 AUG 2013,2,817,ST,64,136,70
704-1009,V2,24 AUG 2013,0,815,SU,64,132,70
704-1009,V2,24 AUG 2013,1,816,ST,64,130,70
704-1009,V2,24 AUG 2013,2,817,ST,60,130,74
704-1009,V3,27 AUG 2013,0,815,SU,72,146,76
704-1009,V3,27 AUG 2013,1,816,ST,72,136,76
704-1009,V3,27 AUG 2013,2,817,ST,68,144,78
704-1009,V3E,13 SEP 2013,0,815,SU,74,124,72
704-1009,V3E,13 SEP 2013,1,816,ST,64,140,74
704-1009,V3E,13 SEP 2013,2,817,ST,68,148,86
704-1009,V4,14 SEP 2013,0,815,SU,68,118,66
704-1009,V4,14 SEP 2013,1,816,ST,72,126,68
704-1009,V4,14 SEP 2013,2,817,ST,70,128,72
704-1010,ET,09 JUL 2014,0,815,SU,70,130,72
704-1010,ET,09 JUL 2014,1,816,ST,74,124,76
704-1010,ET,09 JUL 2014,2,817,ST,74,128,78
704-1010,V1,08 FEB 2014,0,815,SU,60,168,90
704-1010,V1,08 FEB 2014,1,816,ST,66,152,88
704-1010,V1,08 FEB 2014,2,817,ST,62,168,92
704-1010,V10,13 JUN 2014,0,815,SU,68,148,86
704-1010,V10,13 JUN 2014,1,816,ST,74,134,76
704-1010,V10,13 JUN 2014,2,817,ST,72,130,74
704-1010,V2,19 FEB 2014,0,815,SU,66,158,86
704-1010,V2,19 FEB 2014,1,816,ST,80,152,84
704-1010,V2,19 FEB 2014,2,817,ST,72,158,84
704-1010,V3,21 FEB 2014,0,815,SU,74,162,92
704-1010,V3,21 FEB 2014,1,816,ST,78,170,92
704-1010,V3,21 FEB 2014,2,817,ST,74,168,90
704-1010,V3E,07 MAR 2014,0,815,SU,64,124,78
704-1010,V3E,07 MAR 2014,1,816,ST,72,130,84
704-1010,V3E,07 MAR 2014,2,817,ST,72,134,84
704-1010,V4,08 MAR 2014,0,815,SU,64,134,82
704-1010,V4,08 MAR 2014,1,816,ST,68,160,92
704-1010,V4,08 MAR 2014,2,817,ST,68,146,90
704-1010,V5,23 MAR 2014,0,815,SU,68,150,84
704-1010,V5,23 MAR 2014,1,816,ST,68,156,88
704-1010,V5,23 MAR 2014,2,817,ST,64,148,86
704-1010,V6,26 MAR 2014,0,815,SU,64,160,84
704-1010,V6,26 MAR 2014,1,816,ST,68,156,84
704-1010,V6,26 MAR 2014,2,817,ST,68,162,88
704-1010,V7,11 APR 2014,0,815,SU,68,160,90
704-1010,V7,11 APR 2014,1,816,ST,72,156,82
704-1010,V7,11 APR 2014,2,817,ST,70,158,86
704-1010,V8,24 APR 2014,0,815,SU,72,164,92
704-1010,V8,24 APR 2014,1,816,ST,72,156,90
704-1010,V8,24 APR 2014,2,817,ST,72,152,86
704-1010,V9,16 MAY 2014,0,815,SU,68,144,80
704-1010,V9,16 MAY 2014,1,816,ST,72,130,74
704-1010,V9,16 MAY 2014,2,817,ST,72,132,74
704-1017,ET,24 NOV 2013,0,815,SU,64,132,60
704-1017,ET,24 NOV 2013,1,816,ST,68,114,60
704-1017,ET,24 NOV 2013,2,817,ST,64,112,56
704-1017,V1,20 SEP 2013,0,815,SU,76,144,70
704-1017,V1,20 SEP 2013,1,816,ST,84,130,76
704-1017,V1,20 SEP 2013,2,817,ST,80,130,74
704-1017,V2,27 SEP 2013,0,815,SU,70,132,66
704-1017,V2,27 SEP 2013,1,816,ST,80,126,70
704-1017,V2,27 SEP 2013,2,817,ST,76,124,66
704-1017,V3,06 OCT 2013,0,815,SU,76,144,70
704-1017,V3,06 OCT 2013,1,816,ST,72,120,66
704-1017,V3,06 OCT 2013,2,817,ST,80,130,68
704-1017,V3E,18 OCT 2013,0,815,SU,72,134,64
704-1017,V3E,18 OCT 2013,1,816,ST,80,110,66
704-1017,V3E,18 OCT 2013,2,817,ST,80,116,70
704-1017,V4,19 OCT 2013,0,815,SU,68,112,60
704-1017,V4,19 OCT 2013,1,816,ST,68,106,58
704-1017,V4,19 OCT 2013,2,817,ST,68,104,56
704-1017,V5,09 NOV 2013,0,815,SU,72,124,66
704-1017,V5,09 NOV 2013,1,816,ST,72,110,60
704-1017,V5,09 NOV 2013,2,817,ST,76,106,60
704-1025,V1,18 SEP 2013,0,815,SU,66,162,74
704-1025,V1,18 SEP 2013,1,816,ST,75,162,62
704-1025,V1,18 SEP 2013,2,817,ST,80,168,64
704-1025,V2,25 SEP 2013,0,815,SU,76,158,74
704-1025,V2,25 SEP 2013,1,816,ST,72,150,78
704-1025,V2,25 SEP 2013,2,817,ST,82,162,80
704-1025,V3,27 SEP 2013,0,815,SU,68,150,82
704-1025,V3,27 SEP 2013,1,816,ST,66,128,82
704-1025,V3,27 SEP 2013,2,817,ST,74,142,86
704-1025,V3E,10 OCT 2013,0,815,SU,80,132,88
704-1025,V3E,10 OCT 2013,1,816,ST,82,150,88
704-1025,V3E,10 OCT 2013,2,817,ST,88,152,96
704-1025,V4,11 OCT 2013,0,815,SU,90,132,78
704-1025,V4,11 OCT 2013,1,816,ST,88,152,90
704-1025,V4,11 OCT 2013,2,817,ST,86,156,82
704-1025,V5,25 OCT 2013,0,815,SU,86,136,80
704-1025,V5,25 OCT 2013,1,816,ST,92,146,88
704-1025,V5,25 OCT 2013,2,817,ST,88,144,84
704-1065,ET,24 DEC 2013,0,815,SU,68,128,88
704-1065,ET,24 DEC 2013,1,816,ST,68,126,82
704-1065,ET,24 DEC 2013,2,817,ST,70,126,78
704-1065,V1,17 OCT 2013,0,815,SU,56,150,88
704-1065,V1,17 OCT 2013,1,816,ST,60,154,88
704-1065,V1,17 OCT 2013,2,817,ST,60,150,90
704-1065,V2,22 OCT 2013,0,815,SU,60,140,86
704-1065,V2,22 OCT 2013,1,816,ST,60,148,92
704-1065,V2,22 OCT 2013,2,817,ST,60,146,90
704-1065,V3,24 OCT 2013,0,815,SU,64,142,86
704-1065,V3,24 OCT 2013,1,816,ST,68,146,90
704-1065,V3,24 OCT 2013,2,817,ST,64,148,92
704-1065,V3E,06 NOV 2013,0,815,SU,64,122,74
704-1065,V3E,06 NOV 2013,1,816,ST,68,128,80
704-1065,V3E,06 NOV 2013,2,817,ST,68,130,82
704-1065,V4,07 NOV 2013,0,815,SU,58,142,86
704-1065,V4,07 NOV 2013,1,816,ST,60,144,88
704-1065,V4,07 NOV 2013,2,817,ST,64,148,82
704-1065,V5,25 NOV 2013,0,815,SU,66,128,84
704-1065,V5,25 NOV 2013,1,816,ST,63,140,82
704-1065,V5,25 NOV 2013,2,817,ST,60,144,86
704-1065,V6,27 NOV 2013,0,815,SU,62,116,72
704-1065,V6,27 NOV 2013,1,816,ST,66,128,74
704-1065,V6,27 NOV 2013,2,817,ST,64,124,74
704-1065,V7,06 DEC 2013,0,815,SU,64,122,80
704-1065,V7,06 DEC 2013,1,816,ST,68,116,76
704-1065,V7,06 DEC 2013,2,817,ST,68,114,76
704-1065,V8,20 DEC 2013,0,815,SU,68,130,86
704-1065,V8,20 DEC 2013,1,816,ST,72,124,76
704-1065,V8,20 DEC 2013,2,817,ST,70,120,72
704-1074,ET,31 MAR 2014,0,815,SU,68,160,88
704-1074,ET,31 MAR 2014,1,816,ST,72,152,84
704-1074,ET,31 MAR 2014,2,817,ST,72,148,82
704-1074,V1,19 JAN 2014,0,815,SU,72,150,96
704-1074,V1,19 JAN 2014,1,816,ST,80,166,96
704-1074,V1,19 JAN 2014,2,817,ST,80,156,94
704-1074,V2,20 JAN 2014,0,815,SU,68,154,88
704-1074,V2,20 JAN 2014,1,816,ST,72,142,82
704-1074,V2,20 JAN 2014,2,817,ST,80,144,82
704-1074,V3,22 JAN 2014,0,815,SU,68,170,80
704-1074,V3,22 JAN 2014,1,816,ST,80,160,80
704-1074,V3,22 JAN 2014,2,817,ST,68,170,84
704-1074,V3E,08 FEB 2014,0,815,SU,66,166,92
704-1074,V3E,08 FEB 2014,1,816,ST,75,158,84
704-1074,V3E,08 FEB 2014,2,817,ST,70,176,80
704-1074,V4,09 FEB 2014,0,815,SU,60,152,90
704-1074,V4,09 FEB 2014,1,816,ST,69,148,86
704-1074,V4,09 FEB 2014,2,817,ST,75,156,84
704-1074,V5,22 FEB 2014,0,815,SU,68,154,88
704-1074,V5,22 FEB 2014,1,816,ST,72,150,86
704-1074,V5,22 FEB 2014,2,817,ST,70,154,86
704-1074,V6,24 FEB 2014,0,815,SU,66,150,88
704-1074,V6,24 FEB 2014,1,816,ST,70,154,84
704-1074,V6,24 FEB 2014,2,817,ST,70,156,88
704-1074,V7,09 MAR 2014,0,815,SU,64,156,86
704-1074,V7,09 MAR 2014,1,816,ST,72,146,80
704-1074,V7,09 MAR 2014,2,817,ST,70,150,84
704-1093,ET,20 JUN 2013,0,815,SU,74,150,80
704-1093,ET,20 JUN 2013,1,816,ST,76,154,82
704-1093,ET,20 JUN 2013,2,817,ST,80,152,84
704-1093,V1,22 FEB 2013,0,815,SU,80,140,76
704-1093,V1,22 FEB 2013,1,816,ST,84,146,76
704-1093,V1,22 FEB 2013,2,817,ST,80,140,74
704-1093,V2,13 MAR 2013,0,815,SU,76,144,80
704-1093,V2,13 MAR 2013,1,816,ST,84,148,82
704-1093,V2,13 MAR 2013,2,817,ST,80,144,76
704-1093,V201,25 DEC 2013,0,815,SU,72,168,84
704-1093,V201,25 DEC 2013,1,816,ST,80,170,90
704-1093,V201,25 DEC 2013,2,817,ST,78,168,84
704-1093,V3,15 MAR 2013,0,815,SU,64,148,90
704-1093,V3,15 MAR 2013,1,816,ST,72,152,90
704-1093,V3,15 MAR 2013,2,817,ST,68,148,86
704-1093,V3E,29 MAR 2013,0,815,SU,72,154,76
704-1093,V3E,29 MAR 2013,1,816,ST,80,158,82
704-1093,V3E,29 MAR 2013,2,817,ST,80,150,82
704-1093,V4,30 MAR 2013,0,815,SU,72,148,82
704-1093,V4,30 MAR 2013,1,816,ST,80,142,88
704-1093,V4,30 MAR 2013,2,817,ST,76,142,86
704-1093,V5,12 APR 2013,0,815,SU,76,150,88
704-1093,V5,12 APR 2013,1,816,ST,80,152,92
704-1093,V5,12 APR 2013,2,817,ST,80,144,80
704-1093,V6,17 APR 2013,0,815,SU,72,152,84
704-1093,V6,17 APR 2013,1,816,ST,80,158,90
704-1093,V6,17 APR 2013,2,817,ST,80,148,90
704-1093,V7,25 APR 2013,0,815,SU,80,156,84
704-1093,V7,25 APR 2013,1,816,ST,88,144,78
704-1093,V7,25 APR 2013,2,817,ST,88,144,76
704-1093,V8,11 MAY 2013,0,815,SU,76,158,82
704-1093,V8,11 MAY 2013,1,816,ST,80,152,88
704-1093,V8,11 MAY 2013,2,817,ST,80,152,86
704-1093,V9,07 JUN 2013,0,815,SU,72,142,78
704-1093,V9,07 JUN 2013,1,816,ST,80,156,88
704-1093,V9,07 JUN 2013,2,817,ST,80,144,78
704-1114,ET,08 JUL 2013,0,815,SU,68,136,74
704-1114,ET,08 JUL 2013,1,816,ST,72,140,76
704-1114,ET,08 JUL 2013,2,817,ST,72,132,72
704-1114,V1,09 JAN 2013,0,815,SU,56,132,80
704-1114,V1,09 JAN 2013,1,816,ST,58,130,80
704-1114,V1,09 JAN 2013,2,817,ST,56,130,78
704-1114,V10,14 MAY 2013,0,815,SU,68,154,82
704-1114,V10,14 MAY 2013,1,816,ST,74,158,80
704-1114,V10,14 MAY 2013,2,817,ST,72,152,84
704-1114,V11,16 JUN 2013,0,815,SU,64,152,84
704-1114,V11,16 JUN 2013,1,816,ST,70,158,80
704-1114,V11,16 JUN 2013,2,817,ST,68,154,82
704-1114,V2,21 JAN 2013,0,815,SU,56,128,80
704-1114,V2,21 JAN 2013,1,816,ST,60,128,78
704-1114,V2,21 JAN 2013,2,817,ST,56,130,80
704-1114,V3,23 JAN 2013,0,815,SU,56,140,78
704-1114,V3,23 JAN 2013,1,816,ST,60,132,70
704-1114,V3,23 JAN 2013,2,817,ST,56,134,70
704-1114,V3E,02 FEB 2013,0,815,SU,60,142,84
704-1114,V3E,02 FEB 2013,1,816,ST,60,140,84
704-1114,V3E,02 FEB 2013,2,817,ST,56,138,80
704-1114,V4,03 FEB 2013,0,815,SU,72,142,78
704-1114,V4,03 FEB 2013,1,816,ST,88,130,74
704-1114,V4,03 FEB 2013,2,817,ST,92,140,78
704-1114,V5,18 FEB 2013,0,815,SU,64,144,70
704-1114,V5,18 FEB 2013,1,816,ST,76,130,72
704-1114,V5,18 FEB 2013,2,817,ST,80,140,76
704-1114,V6,20 FEB 2013,0,815,SU,60,148,70
704-1114,V6,20 FEB 2013,1,816,ST,68,138,68
704-1114,V6,20 FEB 2013,2,817,ST,68,130,68
704-1114,V7,13 MAR 2013,0,815,SU,60,132,64
704-1114,V7,13 MAR 2013,1,816,ST,64,136,74
704-1114,V7,13 MAR 2013,2,817,ST,60,138,74
704-1114,V8,26 MAR 2013,0,815,SU,62,138,66
704-1114,V8,26 MAR 2013,1,816,ST,74,144,70
704-1114,V8,26 MAR 2013,2,817,ST,70,136,70
704-1114,V9,17 APR 2013,0,815,SU,64,150,86
704-1114,V9,17 APR 2013,1,816,ST,72,132,74
704-1114,V9,17 APR 2013,2,817,ST,68,136,76
704-1120,ET,03 FEB 2014,0,815,SU,60,130,72
704-1120,ET,03 FEB 2014,1,816,ST,78,126,74
704-1120,ET,03 FEB 2014,2,817,ST,80,120,72
704-1120,V1,18 NOV 2013,0,815,SU,63,120,88
704-1120,V1,18 NOV 2013,1,816,ST,72,130,92
704-1120,V1,18 NOV 2013,2,817,ST,70,128,92
704-1120,V2,30 NOV 2013,0,815,SU,68,138,82
704-1120,V2,30 NOV 2013,1,816,ST,74,128,88
704-1120,V2,30 NOV 2013,2,817,ST,70,115,86
704-1120,V3,02 DEC 2013,0,815,SU,60,132,76
704-1120,V3,02 DEC 2013,1,816,ST,72,124,82
704-1120,V3,02 DEC 2013,2,817,ST,66,128,76
704-1120,V3E,14 DEC 2013,0,815,SU,60,140,80
704-1120,V3E,14 DEC 2013,1,816,ST,70,122,80
704-1120,V3E,14 DEC 2013,2,817,ST,62,118,80
704-1120,V4,15 DEC 2013,0,815,SU,64,142,84
704-1120,V4,15 DEC 2013,1,816,ST,78,118,82
704-1120,V4,15 DEC 2013,2,817,ST,80,122,86
704-1120,V5,29 DEC 2013,0,815,SU,63,128,90
704-1120,V5,29 DEC 2013,1,816,ST,78,122,88
704-1120,V5,29 DEC 2013,2,817,ST,82,130,92
704-1120,V6,31 DEC 2013,0,815,SU,72,122,80
704-1120,V6,31 DEC 2013,1,816,ST,72,130,84
704-1120,V6,31 DEC 2013,2,817,ST,76,128,88
704-1120,V7,13 JAN 2014,0,815,SU,68,130,78
704-1120,V7,13 JAN 2014,1,816,ST,72,132,82
704-1120,V7,13 JAN 2014,2,817,ST,72,126,84
704-1120,V8,27 JAN 2014,0,815,SU,66,132,76
704-1120,V8,27 JAN 2014,1,816,ST,80,128,88
704-1120,V8,27 JAN 2014,2,817,ST,84,128,74
704-1127,V1,16 SEP 2013,0,815,SU,64,116,62
704-1127,V1,16 SEP 2013,1,816,ST,72,106,60
704-1127,V1,16 SEP 2013,2,817,ST,72,110,62
704-1127,V10,21 JAN 2014,0,815,SU,66,124,64
704-1127,V10,21 JAN 2014,1,816,ST,70,110,62
704-1127,V10,21 JAN 2014,2,817,ST,70,108,62
704-1127,V11,17 FEB 2014,0,815,SU,68,126,70
704-1127,V11,17 FEB 2014,1,816,ST,72,112,64
704-1127,V11,17 FEB 2014,2,817,ST,72,110,64
704-1127,V12,17 MAR 2014,0,815,SU,64,118,68
704-1127,V12,17 MAR 2014,1,816,ST,70,122,66
704-1127,V12,17 MAR 2014,2,817,ST,72,120,70
704-1127,V13,31 MAR 2014,0,815,SU,70,118,64
704-1127,V13,31 MAR 2014,1,816,ST,74,116,66
704-1127,V13,31 MAR 2014,2,817,ST,72,122,68
704-1127,V2,30 SEP 2013,0,815,SU,72,132,74
704-1127,V2,30 SEP 2013,1,816,ST,68,130,72
704-1127,V2,30 SEP 2013,2,817,ST,60,130,72
704-1127,V3,02 OCT 2013,0,815,SU,60,124,60
704-1127,V3,02 OCT 2013,1,816,ST,72,132,74
704-1127,V3,02 OCT 2013,2,817,ST,64,120,72
704-1127,V3E,15 OCT 2013,0,815,SU,64,110,64
704-1127,V3E,15 OCT 2013,1,816,ST,68,122,68
704-1127,V3E,15 OCT 2013,2,817,ST,64,122,68
704-1127,V4,16 OCT 2013,0,815,SU,60,114,72
704-1127,V4,16 OCT 2013,1,816,ST,64,126,64
704-1127,V4,16 OCT 2013,2,817,ST,72,128,68
704-1127,V5,30 OCT 2013,0,815,SU,64,122,62
704-1127,V5,30 OCT 2013,1,816,ST,72,106,60
704-1127,V5,30 OCT 2013,2,817,ST,68,118,60
704-1127,V6,03 NOV 2013,0,815,SU,68,112,66
704-1127,V6,03 NOV 2013,1,816,ST,68,104,60
704-1127,V6,03 NOV 2013,2,817,ST,64,102,58
704-1127,V7,13 NOV 2013,0,815,SU,64,126,72
704-1127,V7,13 NOV 2013,1,816,ST,70,124,68
704-1127,V7,13 NOV 2013,2,817,ST,68,120,66
704-1127,V8,26 NOV 2013,0,815,SU,68,114,60
704-1127,V8,26 NOV 2013,1,816,ST,72,116,70
704-1127,V8,26 NOV 2013,2,817,ST,72,116,66
704-1127,V9,25 DEC 2013,0,815,SU,68,120,66
704-1127,V9,25 DEC 2013,1,816,ST,72,108,60
704-1127,V9,25 DEC 2013,2,817,ST,74,104,62
704-1135,V1,23 OCT 2013,0,815,SU,60,126,78
704-1135,V1,23 OCT 2013,1,816,ST,62,118,74
704-1135,V1,23 OCT 2013,2,817,ST,68,130,78
704-1135,V10,19 FEB 2014,0,815,SU,70,130,68
704-1135,V10,19 FEB 2014,1,816,ST,78,126,70
704-1135,V10,19 FEB 2014,2,817,ST,80,128,74
704-1135,V11,26 MAR 2014,0,815,SU,72,140,64
704-1135,V11,26 MAR 2014,1,816,ST,80,128,68
704-1135,V11,26 MAR 2014,2,817,ST,72,120,76
704-1135,V12,01 MAY 2014,0,815,SU,72,138,72
704-1135,V12,01 MAY 2014,1,816,ST,76,130,80
704-1135,V12,01 MAY 2014,2,817,ST,70,128,74
704-1135,V13,16 MAY 2014,0,815,SU,70,130,68
704-1135,V13,16 MAY 2014,1,816,ST,80,118,78
704-1135,V13,16 MAY 2014,2,817,ST,76,120,70
704-1135,V2,29 OCT 2013,0,815,SU,64,122,68
704-1135,V2,29 OCT 2013,1,816,ST,68,118,72
704-1135,V2,29 OCT 2013,2,817,ST,68,124,76
704-1135,V3,31 OCT 2013,0,815,SU,68,140,76
704-1135,V3,31 OCT 2013,1,816,ST,68,122,74
704-1135,V3,31 OCT 2013,2,817,ST,70,126,80
704-1135,V3E,13 NOV 2013,0,815,SU,76,138,76
704-1135,V3E,13 NOV 2013,1,816,ST,80,128,82
704-1135,V3E,13 NOV 2013,2,817,ST,76,126,80
704-1135,V4,14 NOV 2013,0,815,SU,72,136,76
704-1135,V4,14 NOV 2013,1,816,ST,76,130,80
704-1135,V4,14 NOV 2013,2,817,ST,74,124,74
704-1135,V5,26 NOV 2013,0,815,SU,72,142,80
704-1135,V5,26 NOV 2013,1,816,ST,76,132,82
704-1135,V5,26 NOV 2013,2,817,ST,78,128,76
704-1135,V6,28 NOV 2013,0,815,SU,70,138,70
704-1135,V6,28 NOV 2013,1,816,ST,82,138,78
704-1135,V6,28 NOV 2013,2,817,ST,82,142,76
704-1135,V7,11 DEC 2013,0,815,SU,68,140,74
704-1135,V7,11 DEC 2013,1,816,ST,74,136,76
704-1135,V7,11 DEC 2013,2,817,ST,72,140,76
704-1135,V8,25 DEC 2013,0,815,SU,72,140,70
704-1135,V8,25 DEC 2013,1,816,ST,76,132,72
704-1135,V8,25 DEC 2013,2,817,ST,76,138,74
704-1135,V9,22 JAN 2014,0,815,SU,74,132,66
704-1135,V9,22 JAN 2014,1,816,ST,76,118,60
704-1135,V9,22 JAN 2014,2,817,ST,76,120,64
704-1164,V1,11 SEP 2012,0,815,SU,64,124,72
704-1164,V1,11 SEP 2012,1,816,ST,72,136,64
704-1164,V1,11 SEP 2012,2,817,ST,68,130,70
704-1164,V10,14 JAN 2013,0,815,SU,62,126,62
704-1164,V10,14 JAN 2013,1,816,ST,70,110,72
704-1164,V10,14 JAN 2013,2,817,ST,72,110,70
704-1164,V11,14 FEB 2013,0,815,SU,66,130,70
704-1164,V11,14 FEB 2013,1,816,ST,70,124,72
704-1164,V11,14 FEB 2013,2,817,ST,72,126,74
704-1164,V12,17 MAR 2013,0,815,SU,70,126,70
704-1164,V12,17 MAR 2013,1,816,ST,68,102,60
704-1164,V12,17 MAR 2013,2,817,ST,68,108,66
704-1164,V13,04 APR 2013,0,815,SU,84,90,60
704-1164,V13,04 APR 2013,1,816,ST,80,84,60
704-1164,V13,04 APR 2013,2,817,ST,80,80,60
704-1164,V2,16 SEP 2012,0,815,SU,68,104,60
704-1164,V2,16 SEP 2012,1,816,ST,72,100,60
704-1164,V2,16 SEP 2012,2,817,ST,68,104,62
704-1164,V3,19 SEP 2012,0,815,SU,64,120,62
704-1164,V3,19 SEP 2012,1,816,ST,68,124,76
704-1164,V3,19 SEP 2012,2,817,ST,64,130,70
704-1164,V3E,03 OCT 2012,0,815,SU,68,118,70
704-1164,V3E,03 OCT 2012,1,816,ST,72,108,66
704-1164,V3E,03 OCT 2012,2,817,ST,72,114,70
704-1164,V4,04 OCT 2012,0,815,SU,68,114,68
704-1164,V4,04 OCT 2012,1,816,ST,76,104,66
704-1164,V4,04 OCT 2012,2,817,ST,76,108,68
704-1164,V5,21 OCT 2012,0,815,SU,64,108,64
704-1164,V5,21 OCT 2012,1,816,ST,68,110,68
704-1164,V5,21 OCT 2012,2,817,ST,68,114,68
704-1164,V6,23 OCT 2012,0,815,SU,68,118,66
704-1164,V6,23 OCT 2012,1,816,ST,72,114,66
704-1164,V6,23 OCT 2012,2,817,ST,72,124,68
704-1164,V7,01 NOV 2012,0,815,SU,64,122,66
704-1164,V7,01 NOV 2012,1,816,ST,72,118,68
704-1164,V7,01 NOV 2012,2,817,ST,72,122,70
704-1164,V8,15 NOV 2012,0,815,SU,60,124,66
704-1164,V8,15 NOV 2012,1,816,ST,68,122,68
704-1164,V8,15 NOV 2012,2,817,ST,66,120,66
704-1164,V9,16 DEC 2012,0,815,SU,64,126,64
704-1164,V9,16 DEC 2012,1,816,ST,70,122,66
704-1164,V9,16 DEC 2012,2,817,ST,70,124,66
704-1218,V1,11 NOV 2012,0,815,SU,78,180,94
704-1218,V1,11 NOV 2012,1,816,ST,81,174,96
704-1218,V1,11 NOV 2012,2,817,ST,82,180,94
704-1218,V10,18 MAR 2013,0,815,SU,73,158,82
704-1218,V10,18 MAR 2013,1,816,ST,76,160,82
704-1218,V10,18 MAR 2013,2,817,ST,80,168,80
704-1218,V11,14 APR 2013,0,815,SU,69,162,78
704-1218,V11,14 APR 2013,1,816,ST,72,160,84
704-1218,V11,14 APR 2013,2,817,ST,78,156,80
704-1218,V12,13 MAY 2013,0,815,SU,64,158,80
704-1218,V12,13 MAY 2013,1,816,ST,74,168,80
704-1218,V12,13 MAY 2013,2,817,ST,80,164,80
704-1218,V13,27 MAY 2013,0,815,SU,68,170,90
704-1218,V13,27 MAY 2013,1,816,ST,72,158,84
704-1218,V13,27 MAY 2013,2,817,ST,76,160,82
704-1218,V2,17 NOV 2012,0,815,SU,75,170,80
704-1218,V2,17 NOV 2012,1,816,ST,81,156,84
704-1218,V2,17 NOV 2012,2,817,ST,78,152,82
704-1218,V3,19 NOV 2012,0,815,SU,64,138,82
704-1218,V3,19 NOV 2012,1,816,ST,68,146,86
704-1218,V3,19 NOV 2012,2,817,ST,68,142,80
704-1218,V3E,02 DEC 2012,0,815,SU,66,140,86
704-1218,V3E,02 DEC 2012,1,816,ST,70,150,86
704-1218,V3E,02 DEC 2012,2,817,ST,72,160,84
704-1218,V4,03 DEC 2012,0,815,SU,78,140,86
704-1218,V4,03 DEC 2012,1,816,ST,88,168,82
704-1218,V4,03 DEC 2012,2,817,ST,88,166,84
704-1218,V5,15 DEC 2012,0,815,SU,80,140,88
704-1218,V5,15 DEC 2012,1,816,ST,88,156,90
704-1218,V5,15 DEC 2012,2,817,ST,84,152,86
704-1218,V6,17 DEC 2012,0,815,SU,76,146,86
704-1218,V6,17 DEC 2012,1,816,ST,84,152,90
704-1218,V6,17 DEC 2012,2,817,ST,84,150,86
704-1218,V7,30 DEC 2012,0,815,SU,74,170,80
704-1218,V7,30 DEC 2012,1,816,ST,72,162,84
704-1218,V7,30 DEC 2012,2,817,ST,72,160,84
704-1218,V8,14 JAN 2013,0,815,SU,72,154,82
704-1218,V8,14 JAN 2013,1,816,ST,74,150,80
704-1218,V8,14 JAN 2013,2,817,ST,74,150,82
704-1218,V9,11 FEB 2013,0,815,SU,84,166,82
704-1218,V9,11 FEB 2013,1,816,ST,78,162,82
704-1218,V9,11 FEB 2013,2,817,ST,80,150,82
704-1233,V1,08 MAR 2013,0,815,SU,64,138,70
704-1233,V1,08 MAR 2013,1,816,ST,66,126,74
704-1233,V1,08 MAR 2013,2,817,ST,68,130,82
704-1233,V10,11 JUL 2013,0,815,SU,59,144,80
704-1233,V10,11 JUL 2013,1,816,ST,76,150,86
704-1233,V10,11 JUL 2013,2,817,ST,72,148,82
704-1233,V2,19 MAR 2013,0,815,SU,69,144,78
704-1233,V2,19 MAR 2013,1,816,ST,73,146,82
704-1233,V2,19 MAR 2013,2,817,ST,80,178,86
704-1233,V3,21 MAR 2013,0,815,SU,70,146,82
704-1233,V3,21 MAR 2013,1,816,ST,72,146,86
704-1233,V3,21 MAR 2013,2,817,ST,76,142,80
704-1233,V3E,03 APR 2013,0,815,SU,60,160,80
704-1233,V3E,03 APR 2013,1,816,ST,60,150,80
704-1233,V3E,03 APR 2013,2,817,ST,75,160,80
704-1233,V4,04 APR 2013,0,815,SU,66,150,82
704-1233,V4,04 APR 2013,1,816,ST,70,144,76
704-1233,V4,04 APR 2013,2,817,ST,70,142,72
704-1233,V5,16 APR 2013,0,815,SU,68,146,82
704-1233,V5,16 APR 2013,1,816,ST,72,140,76
704-1233,V5,16 APR 2013,2,817,ST,72,144,80
704-1233,V6,18 APR 2013,0,815,SU,64,148,80
704-1233,V6,18 APR 2013,1,816,ST,70,140,78
704-1233,V6,18 APR 2013,2,817,ST,68,146,82
704-1233,V7,01 MAY 2013,0,815,SU,68,138,78
704-1233,V7,01 MAY 2013,1,816,ST,68,142,82
704-1233,V7,01 MAY 2013,2,817,ST,68,152,86
704-1233,V8,16 MAY 2013,0,815,SU,68,152,82
704-1233,V8,16 MAY 2013,1,816,ST,72,158,86
704-1233,V8,16 MAY 2013,2,817,ST,70,154,84
704-1233,V9,13 JUN 2013,0,815,SU,66,148,84
704-1233,V9,13 JUN 2013,1,816,ST,72,142,84
704-1233,V9,13 JUN 2013,2,817,ST,72,156,84
704-1241,ET,31 OCT 2013,0,815,SU,72,132,76
704-1241,ET,31 OCT 2013,1,816,ST,84,114,68
704-1241,ET,31 OCT 2013,2,817,ST,80,134,78
704-1241,V1,14 AUG 2013,0,815,SU,68,124,68
704-1241,V1,14 AUG 2013,1,816,ST,84,118,64
704-1241,V1,14 AUG 2013,2,817,ST,72,120,68
704-1241,V2,23 AUG 2013,0,815,SU,68,124,70
704-1241,V2,23 AUG 2013,1,816,ST,86,120,68
704-1241,V2,23 AUG 2013,2,817,ST,84,124,70
704-1241,V3,25 AUG 2013,0,815,SU,82,122,68
704-1241,V3,25 AUG 2013,1,816,ST,88,118,66
704-1241,V3,25 AUG 2013,2,817,ST,82,118,68
704-1241,V3E,04 SEP 2013,0,815,SU,80,132,74
704-1241,V3E,04 SEP 2013,1,816,ST,88,126,70
704-1241,V3E,04 SEP 2013,2,817,ST,84,126,70
704-1241,V4,05 SEP 2013,0,815,SU,80,130,72
704-1241,V4,05 SEP 2013,1,816,ST,88,132,76
704-1241,V4,05 SEP 2013,2,817,ST,82,128,76
704-1241,V5,19 SEP 2013,0,815,SU,76,146,82
704-1241,V5,19 SEP 2013,1,816,ST,76,142,78
704-1241,V5,19 SEP 2013,2,817,ST,80,136,80
704-1241,V6,21 SEP 2013,0,815,SU,84,134,86
704-1241,V6,21 SEP 2013,1,816,ST,88,140,82
704-1241,V6,21 SEP 2013,2,817,ST,84,136,82
704-1241,V7,09 OCT 2013,0,815,SU,88,136,80
704-1241,V7,09 OCT 2013,1,816,ST,84,122,84
704-1241,V7,09 OCT 2013,2,817,ST,88,140,80
704-1260,V1,23 AUG 2012,0,815,SU,64,138,84
704-1260,V1,23 AUG 2012,1,816,ST,72,140,88
704-1260,V1,23 AUG 2012,2,817,ST,72,142,86
704-1260,V2,26 AUG 2012,0,815,SU,60,140,76
704-1260,V2,26 AUG 2012,1,816,ST,68,120,72
704-1260,V2,26 AUG 2012,2,817,ST,68,126,78
704-1260,V3,30 AUG 2012,0,815,SU,60,148,80
704-1260,V3,30 AUG 2012,1,816,ST,72,128,76
704-1260,V3,30 AUG 2012,2,817,ST,68,130,68
704-1260,V3E,12 SEP 2012,0,815,SU,64,144,80
704-1260,V3E,12 SEP 2012,1,816,ST,70,128,80
704-1260,V3E,12 SEP 2012,2,817,ST,68,134,76
704-1260,V4,13 SEP 2012,0,815,SU,68,128,70
704-1260,V4,13 SEP 2012,1,816,ST,72,120,74
704-1260,V4,13 SEP 2012,2,817,ST,72,126,74
704-1260,V5,26 SEP 2012,0,815,SU,68,132,74
704-1260,V5,26 SEP 2012,1,816,ST,72,122,70
704-1260,V5,26 SEP 2012,2,817,ST,72,124,74
704-1260,V6,28 SEP 2012,0,815,SU,64,130,74
704-1260,V6,28 SEP 2012,1,816,ST,68,116,66
704-1260,V6,28 SEP 2012,2,817,ST,68,114,68
704-1260,V7,11 OCT 2012,0,815,SU,60,148,82
704-1260,V7,11 OCT 2012,1,816,ST,68,124,72
704-1260,V7,11 OCT 2012,2,817,ST,72,120,72
704-1260,V8,24 OCT 2012,0,815,SU,64,146,86
704-1260,V8,24 OCT 2012,1,816,ST,70,128,72
704-1260,V8,24 OCT 2012,2,817,ST,68,128,70
704-1266,ET,06 DEC 2013,0,815,SU,66,138,80
704-1266,ET,06 DEC 2013,1,816,ST,70,130,84
704-1266,ET,06 DEC 2013,2,817,ST,72,126,78
704-1266,V1,05 OCT 2013,0,815,SU,66,120,82
704-1266,V1,05 OCT 2013,1,816,ST,68,122,78
704-1266,V1,05 OCT 2013,2,817,ST,68,126,76
704-1266,V2,11 OCT 2013,0,815,SU,69,118,74
704-1266,V2,11 OCT 2013,1,816,ST,72,126,76
704-1266,V2,11 OCT 2013,2,817,ST,70,118,74
704-1266,V3,13 OCT 2013,0,815,SU,58,120,72
704-1266,V3,13 OCT 2013,1,816,ST,75,122,64
704-1266,V3,13 OCT 2013,2,817,ST,70,120,72
704-1266,V3E,26 OCT 2013,0,815,SU,62,122,70
704-1266,V3E,26 OCT 2013,1,816,ST,72,122,74
704-1266,V3E,26 OCT 2013,2,817,ST,70,118,70
704-1266,V4,27 OCT 2013,0,815,SU,76,126,76
704-1266,V4,27 OCT 2013,1,816,ST,80,118,70
704-1266,V4,27 OCT 2013,2,817,ST,84,118,72
704-1266,V5,08 NOV 2013,0,815,SU,74,124,72
704-1266,V5,08 NOV 2013,1,816,ST,80,120,72
704-1266,V5,08 NOV 2013,2,817,ST,80,122,74
704-1266,V6,10 NOV 2013,0,815,SU,72,124,76
704-1266,V6,10 NOV 2013,1,816,ST,78,120,70
704-1266,V6,10 NOV 2013,2,817,ST,80,126,76
704-1266,V7,22 NOV 2013,0,815,SU,68,116,72
704-1266,V7,22 NOV 2013,1,816,ST,72,128,78
704-1266,V7,22 NOV 2013,2,817,ST,74,124,76
704-1323,V1,13 JUN 2013,0,815,SU,60,146,70
704-1323,V1,13 JUN 2013,1,816,ST,68,146,76
704-1323,V1,13 JUN 2013,2,817,ST,64,134,74
704-1323,V2,07 JUL 2013,0,815,SU,64,138,72
704-1323,V2,07 JUL 2013,1,816,ST,72,136,74
704-1323,V2,07 JUL 2013,2,817,ST,68,134,70
704-1323,V3,08 JUL 2013,0,815,SU,60,140,74
704-1323,V3,08 JUL 2013,1,816,ST,64,144,82
704-1323,V3,08 JUL 2013,2,817,ST,60,142,76
704-1323,V3E,21 JUL 2013,0,815,SU,64,142,80
704-1323,V3E,21 JUL 2013,1,816,ST,68,138,84
704-1323,V3E,21 JUL 2013,2,817,ST,68,140,84
704-1323,V4,23 JUL 2013,0,815,SU,62,140,70
704-1323,V4,23 JUL 2013,1,816,ST,68,136,82
704-1323,V4,23 JUL 2013,2,817,ST,66,138,82
704-1323,V5,04 AUG 2013,0,815,SU,64,128,70
704-1323,V5,04 AUG 2013,1,816,ST,72,120,66
704-1323,V5,04 AUG 2013,2,817,ST,68,130,76
704-1323,V6,06 AUG 2013,0,815,SU,64,130,70
704-1323,V6,06 AUG 2013,1,816,ST,68,138,74
704-1323,V6,06 AUG 2013,2,817,ST,72,138,72
704-1325,ET,06 AUG 2014,0,815,SU,68,126,68
704-1325,ET,06 AUG 2014,1,816,ST,74,130,70
704-1325,ET,06 AUG 2014,2,817,ST,76,128,72
704-1325,V1,16 APR 2014,0,815,SU,56,124,76
704-1325,V1,16 APR 2014,1,816,ST,66,148,88
704-1325,V1,16 APR 2014,2,817,ST,72,152,86
704-1325,V2,21 APR 2014,0,815,SU,60,116,68
704-1325,V2,21 APR 2014,1,816,ST,68,140,86
704-1325,V2,21 APR 2014,2,817,ST,68,142,84
704-1325,V3,23 APR 2014,0,815,SU,60,110,60
704-1325,V3,23 APR 2014,1,816,ST,64,128,78
704-1325,V3,23 APR 2014,2,817,ST,68,132,80
704-1325,V3E,06 MAY 2014,0,815,SU,62,120,64
704-1325,V3E,06 MAY 2014,1,816,ST,64,130,76
704-1325,V3E,06 MAY 2014,2,817,ST,68,134,84
704-1325,V4,07 MAY 2014,0,815,SU,60,108,60
704-1325,V4,07 MAY 2014,1,816,ST,66,122,68
704-1325,V4,07 MAY 2014,2,817,ST,64,126,68
704-1325,V5,19 MAY 2014,0,815,SU,64,114,62
704-1325,V5,19 MAY 2014,1,816,ST,68,124,68
704-1325,V5,19 MAY 2014,2,817,ST,66,128,68
704-1325,V6,21 MAY 2014,0,815,SU,64,118,66
704-1325,V6,21 MAY 2014,1,816,ST,68,120,68
704-1325,V6,21 MAY 2014,2,817,ST,70,122,68
704-1325,V7,04 JUN 2014,0,815,SU,64,122,68
704-1325,V7,04 JUN 2014,1,816,ST,70,126,70
704-1325,V7,04 JUN 2014,2,817,ST,70,124,70
704-1325,V8,18 JUN 2014,0,815,SU,60,124,70
704-1325,V8,18 JUN 2014,1,816,ST,66,128,72
704-1325,V8,18 JUN 2014,2,817,ST,66,124,74
704-1332,ET,16 FEB 2014,0,815,SU,68,122,76
704-1332,ET,16 FEB 2014,1,816,ST,68,120,70
704-1332,ET,16 FEB 2014,2,817,ST,72,122,68
704-1332,V1,24 NOV 2013,0,815,SU,64,132,90
704-1332,V1,24 NOV 2013,2,817,ST,68,142,92
704-1332,V2,07 DEC 2013,0,815,SU,68,146,87
704-1332,V2,07 DEC 2013,1,816,ST,69,142,90
704-1332,V2,07 DEC 2013,2,817,ST,65,142,94
704-1332,V3,09 DEC 2013,0,815,SU,70,136,82
704-1332,V3,09 DEC 2013,1,816,ST,74,140,86
704-1332,V3,09 DEC 2013,2,817,ST,79,150,86
704-1332,V3E,22 DEC 2013,0,815,SU,68,138,80
704-1332,V3E,22 DEC 2013,1,816,ST,86,146,78
704-1332,V3E,22 DEC 2013,2,817,ST,75,140,78
704-1332,V4,23 DEC 2013,0,815,SU,66,138,76
704-1332,V4,23 DEC 2013,1,816,ST,66,136,80
704-1332,V4,23 DEC 2013,2,817,ST,70,130,76
704-1332,V5,04 JAN 2014,0,815,SU,81,132,66
704-1332,V5,04 JAN 2014,1,816,ST,81,144,82
704-1332,V5,04 JAN 2014,2,817,ST,80,140,82
704-1332,V6,06 JAN 2014,0,815,SU,81,126,68
704-1332,V6,06 JAN 2014,1,816,ST,80,116,80
704-1332,V6,06 JAN 2014,2,817,ST,80,128,78
704-1332,V7,20 JAN 2014,0,815,SU,75,132,78
704-1332,V7,20 JAN 2014,1,816,ST,82,138,80
704-1332,V7,20 JAN 2014,2,817,ST,78,138,82
704-1332,V8,03 FEB 2014,0,815,SU,68,140,76
704-1332,V8,03 FEB 2014,1,816,ST,72,136,74
704-1332,V8,03 FEB 2014,2,817,ST,74,136,72
704-1351,V1,26 SEP 2013,0,815,SU,70,120,78
704-1351,V1,26 SEP 2013,1,816,ST,78,130,80
704-1351,V1,26 SEP 2013,2,817,ST,80,124,72
704-1351,V10,26 JAN 2014,0,815,SU,72,134,70
704-1351,V10,26 JAN 2014,1,816,ST,72,142,85
704-1351,V10,26 JAN 2014,2,817,ST,72,112,68
704-1351,V11,01 MAR 2014,0,815,SU,72,134,70
704-1351,V11,01 MAR 2014,1,816,ST,72,142,85
704-1351,V11,01 MAR 2014,2,817,ST,72,134,70
704-1351,V12,04 APR 2014,0,815,SU,76,128,68
704-1351,V12,04 APR 2014,1,816,ST,78,140,78
704-1351,V12,04 APR 2014,2,817,ST,70,120,68
704-1351,V13,18 APR 2014,0,815,SU,74,132,74
704-1351,V13,18 APR 2014,1,816,ST,74,126,78
704-1351,V13,18 APR 2014,2,817,ST,72,130,74
704-1351,V2,10 OCT 2013,0,815,SU,68,126,80
704-1351,V2,10 OCT 2013,1,816,ST,74,132,86
704-1351,V2,10 OCT 2013,2,817,ST,72,128,80
704-1351,V3,12 OCT 2013,0,815,SU,70,128,78
704-1351,V3,12 OCT 2013,1,816,ST,76,132,82
704-1351,V3,12 OCT 2013,2,817,ST,72,132,80
704-1351,V4,26 OCT 2013,0,815,SU,68,132,76
704-1351,V4,26 OCT 2013,1,816,ST,72,140,84
704-1351,V4,26 OCT 2013,2,817,ST,72,134,80
704-1351,V5,07 NOV 2013,0,815,SU,58,142,68
704-1351,V5,07 NOV 2013,1,816,ST,64,142,68
704-1351,V5,07 NOV 2013,2,817,ST,68,134,64
704-1351,V6,09 NOV 2013,0,815,SU,62,140,72
704-1351,V6,09 NOV 2013,1,816,ST,68,142,74
704-1351,V6,09 NOV 2013,2,817,ST,68,138,70
704-1351,V7,16 NOV 2013,0,815,SU,56,122,72
704-1351,V7,16 NOV 2013,1,816,ST,64,118,68
704-1351,V7,16 NOV 2013,2,817,ST,68,120,72
704-1351,V8,02 DEC 2013,0,815,SU,64,130,76
704-1351,V8,02 DEC 2013,1,816,ST,70,128,80
704-1351,V8,02 DEC 2013,2,817,ST,72,130,82
704-1351,V9,28 DEC 2013,0,815,SU,74,122,74
704-1351,V9,28 DEC 2013,1,816,ST,86,130,86
704-1351,V9,28 DEC 2013,2,817,ST,72,128,82
704-1388,V1,28 NOV 2012,0,815,SU,64,152,80
704-1388,V1,28 NOV 2012,1,816,ST,70,136,80
704-1388,V1,28 NOV 2012,2,817,ST,66,144,72
704-1388,V10,27 MAR 2013,0,815,SU,60,124,70
704-1388,V10,27 MAR 2013,1,816,ST,72,140,78
704-1388,V10,27 MAR 2013,2,817,ST,76,136,80
704-1388,V11,28 APR 2013,0,815,SU,66,122,74
704-1388,V11,28 APR 2013,1,816,ST,72,128,70
704-1388,V11,28 APR 2013,2,817,ST,74,126,72
704-1388,V12,23 MAY 2013,0,815,SU,70,124,68
704-1388,V12,23 MAY 2013,1,816,ST,70,130,70
704-1388,V12,23 MAY 2013,2,817,ST,72,122,64
704-1388,V13,19 JUN 2013,0,815,SU,62,120,70
704-1388,V13,19 JUN 2013,1,816,ST,74,118,80
704-1388,V13,19 JUN 2013,2,817,ST,78,110,80
704-1388,V2,05 DEC 2012,0,815,SU,64,146,76
704-1388,V2,05 DEC 2012,1,816,ST,68,124,76
704-1388,V2,05 DEC 2012,2,817,ST,64,122,74
704-1388,V3,07 DEC 2012,0,815,SU,60,138,84
704-1388,V3,07 DEC 2012,1,816,ST,64,126,74
704-1388,V3,07 DEC 2012,2,817,ST,64,130,76
704-1388,V3E,20 DEC 2012,0,815,SU,60,136,78
704-1388,V3E,20 DEC 2012,1,816,ST,64,132,80
704-1388,V3E,20 DEC 2012,2,817,ST,60,130,78
704-1388,V4,21 DEC 2012,0,815,SU,64,144,76
704-1388,V4,21 DEC 2012,1,816,ST,66,124,74
704-1388,V4,21 DEC 2012,2,817,ST,64,128,72
704-1388,V5,02 JAN 2013,0,815,SU,66,136,80
704-1388,V5,02 JAN 2013,1,816,ST,72,128,76
704-1388,V5,02 JAN 2013,2,817,ST,70,130,76
704-1388,V6,04 JAN 2013,0,815,SU,64,132,78
704-1388,V6,04 JAN 2013,1,816,ST,68,120,74
704-1388,V6,04 JAN 2013,2,817,ST,68,126,76
704-1388,V7,18 JAN 2013,0,815,SU,64,130,78
704-1388,V7,18 JAN 2013,1,816,ST,70,124,72
704-1388,V7,18 JAN 2013,2,817,ST,70,128,76
704-1388,V8,30 JAN 2013,0,815,SU,68,138,80
704-1388,V8,30 JAN 2013,1,816,ST,72,132,76
704-1388,V8,30 JAN 2013,2,817,ST,72,130,76
704-1388,V9,27 FEB 2013,0,815,SU,64,132,74
704-1388,V9,27 FEB 2013,1,816,ST,70,134,80
704-1388,V9,27 FEB 2013,2,817,ST,72,138,82
704-1435,ET,12 JAN 2013,0,815,SU,64,130,78
704-1435,ET,12 JAN 2013,1,816,ST,70,124,74
704-1435,ET,12 JAN 2013,2,817,ST,70,124,70
704-1435,V1,01 NOV 2012,0,815,SU,72,142,86
704-1435,V1,01 NOV 2012,1,816,ST,68,120,74
704-1435,V1,01 NOV 2012,2,817,ST,68,122,78
704-1435,V2,15 NOV 2012,0,815,SU,76,128,82
704-1435,V2,15 NOV 2012,1,816,ST,80,112,68
704-1435,V2,15 NOV 2012,2,817,ST,80,116,76
704-1435,V3,17 NOV 2012,0,815,SU,72,144,84
704-1435,V3,17 NOV 2012,1,816,ST,80,118,74
704-1435,V3,17 NOV 2012,2,817,ST,78,120,72
704-1435,V3E,30 NOV 2012,0,815,SU,88,140,86
704-1435,V3E,30 NOV 2012,1,816,ST,92,130,80
704-1435,V3E,30 NOV 2012,2,817,ST,90,134,82
704-1435,V4,01 DEC 2012,0,815,SU,68,122,68
704-1435,V4,01 DEC 2012,1,816,ST,80,108,62
704-1435,V4,01 DEC 2012,2,817,ST,72,102,64
704-1435,V5,15 DEC 2012,0,815,SU,72,130,76
704-1435,V5,15 DEC 2012,1,816,ST,82,128,78
704-1435,V5,15 DEC 2012,2,817,ST,82,126,74
704-1435,V6,17 DEC 2012,0,815,SU,,120,68
704-1435,V6,17 DEC 2012,1,816,ST,,114,60
704-1435,V6,17 DEC 2012,2,817,ST,,116,64
704-1435,V7,30 DEC 2012,0,815,SU,72,124,70
704-1435,V7,30 DEC 2012,1,816,ST,76,118,68
704-1435,V7,30 DEC 2012,2,817,ST,76,120,70
704-1445,V1,01 MAY 2014,0,815,SU,80,118,76
704-1445,V1,01 MAY 2014,1,816,ST,98,124,70
704-1445,V1,01 MAY 2014,2,817,ST,90,136,72
704-1445,V10,03 SEP 2014,0,815,SU,78,160,82
704-1445,V10,03 SEP 2014,1,816,ST,78,140,84
704-1445,V10,03 SEP 2014,2,817,ST,78,142,88
704-1445,V11,01 OCT 2014,0,815,SU,68,152,84
704-1445,V11,01 OCT 2014,1,816,ST,72,136,82
704-1445,V11,01 OCT 2014,2,817,ST,76,118,68
704-1445,V2,09 MAY 2014,0,815,SU,76,124,80
704-1445,V2,09 MAY 2014,1,816,ST,84,126,82
704-1445,V2,09 MAY 2014,2,817,ST,84,130,78
704-1445,V3,11 MAY 2014,0,815,SU,74,116,72
704-1445,V3,11 MAY 2014,1,816,ST,80,120,76
704-1445,V3,11 MAY 2014,2,817,ST,80,126,78
704-1445,V3E,24 MAY 2014,0,815,SU,80,122,74
704-1445,V3E,24 MAY 2014,1,816,ST,84,130,76
704-1445,V3E,24 MAY 2014,2,817,ST,84,132,78
704-1445,V4,25 MAY 2014,0,815,SU,80,124,74
704-1445,V4,25 MAY 2014,1,816,ST,86,128,78
704-1445,V4,25 MAY 2014,2,817,ST,84,130,76
704-1445,V5,11 JUN 2014,0,815,SU,76,120,72
704-1445,V5,11 JUN 2014,1,816,ST,80,128,80
704-1445,V5,11 JUN 2014,2,817,ST,80,126,76
704-1445,V6,13 JUN 2014,0,815,SU,74,122,70
704-1445,V6,13 JUN 2014,1,816,ST,80,130,76
704-1445,V6,13 JUN 2014,2,817,ST,80,128,78
704-1445,V7,25 JUN 2014,0,815,SU,72,120,70
704-1445,V7,25 JUN 2014,1,816,ST,80,134,74
704-1445,V7,25 JUN 2014,2,817,ST,76,130,76
704-1445,V8,09 JUL 2014,0,815,SU,74,126,72
704-1445,V8,09 JUL 2014,1,816,ST,80,130,74
704-1445,V8,09 JUL 2014,2,817,ST,80,132,78
704-1445,V9,06 AUG 2014,0,815,SU,70,126,68
704-1445,V9,06 AUG 2014,1,816,ST,78,128,78
704-1445,V9,06 AUG 2014,2,817,ST,80,132,74
705-1018,V1,30 JUN 2013,0,815,SU,68,156,88
705-1018,V1,30 JUN 2013,1,816,ST,64,150,85
705-1018,V1,30 JUN 2013,2,817,ST,64,150,80
705-1018,V2,03 JUL 2013,0,815,SU,64,130,85
705-1018,V2,03 JUL 2013,1,816,ST,64,130,80
705-1018,V2,03 JUL 2013,2,817,ST,60,130,70
705-1018,V3,05 JUL 2013,0,815,SU,68,120,80
705-1018,V3,05 JUL 2013,1,816,ST,68,110,70
705-1018,V3,05 JUL 2013,2,817,ST,64,110,70
705-1031,ET,11 MAY 2014,0,815,SU,72,124,84
705-1031,ET,11 MAY 2014,1,816,ST,72,130,84
705-1031,ET,11 MAY 2014,2,817,ST,72,130,84
705-1031,V1,17 NOV 2013,0,815,SU,62,150,86
705-1031,V1,17 NOV 2013,1,816,ST,72,130,86
705-1031,V1,17 NOV 2013,2,817,ST,70,136,84
705-1031,V10,20 MAR 2014,0,815,SU,68,150,88
705-1031,V10,20 MAR 2014,1,816,ST,64,160,95
705-1031,V10,20 MAR 2014,2,817,ST,64,155,95
705-1031,V11,13 APR 2014,0,815,SU,64,110,70
705-1031,V11,13 APR 2014,1,816,ST,64,105,60
705-1031,V11,13 APR 2014,2,817,ST,64,100,70
705-1031,V2,19 NOV 2013,0,815,SU,72,140,85
705-1031,V2,19 NOV 2013,1,816,ST,68,130,85
705-1031,V2,19 NOV 2013,2,817,ST,67,130,80
705-1031,V3,27 NOV 2013,0,815,SU,72,138,84
705-1031,V3,27 NOV 2013,1,816,ST,70,134,86
705-1031,V3,27 NOV 2013,2,817,ST,67,134,84
705-1031,V3E,17 DEC 2013,0,815,SU,68,120,80
705-1031,V3E,17 DEC 2013,1,816,ST,70,110,70
705-1031,V3E,17 DEC 2013,2,817,ST,68,110,70
705-1031,V4,18 DEC 2013,0,815,SU,70,120,80
705-1031,V4,18 DEC 2013,1,816,ST,70,115,70
705-1031,V4,18 DEC 2013,2,817,ST,68,115,70
705-1031,V5,25 DEC 2013,0,815,SU,85,120,80
705-1031,V5,25 DEC 2013,1,816,ST,80,125,75
705-1031,V5,25 DEC 2013,2,817,ST,76,125,70
705-1031,V6,27 DEC 2013,0,815,SU,68,105,70
705-1031,V6,27 DEC 2013,1,816,ST,68,100,74
705-1031,V6,27 DEC 2013,2,817,ST,68,102,74
705-1031,V7,12 JAN 2014,0,815,SU,62,124,82
705-1031,V7,12 JAN 2014,1,816,ST,64,120,80
705-1031,V7,12 JAN 2014,2,817,ST,64,124,80
705-1031,V8,23 JAN 2014,0,815,SU,64,145,85
705-1031,V8,23 JAN 2014,1,816,ST,68,140,80
705-1031,V8,23 JAN 2014,2,817,ST,62,140,80
705-1031,V9,20 FEB 2014,0,815,SU,62,110,74
705-1031,V9,20 FEB 2014,1,816,ST,64,110,70
705-1031,V9,20 FEB 2014,2,817,ST,62,110,70
705-1059,ET,05 DEC 2013,0,815,SU,68,120,80
705-1059,ET,05 DEC 2013,1,816,ST,70,118,80
705-1059,ET,05 DEC 2013,2,817,ST,70,118,80
705-1059,V1,02 AUG 2013,0,815,SU,80,150,95
705-1059,V1,02 AUG 2013,1,816,ST,84,150,90
705-1059,V1,02 AUG 2013,2,817,ST,80,155,90
705-1059,V2,03 AUG 2013,0,815,SU,92,140,80
705-1059,V2,03 AUG 2013,1,816,ST,78,125,75
705-1059,V2,03 AUG 2013,2,817,ST,78,125,75
705-1059,V201,06 FEB 2014,0,815,SU,80,115,70
705-1059,V201,06 FEB 2014,1,816,ST,84,110,70
705-1059,V201,06 FEB 2014,2,817,ST,80,110,75
705-1059,V3,05 AUG 2013,0,815,SU,84,135,95
705-1059,V3,05 AUG 2013,1,816,ST,88,135,94
705-1059,V3,05 AUG 2013,2,817,ST,82,135,94
705-1059,V3E,18 AUG 2013,0,815,SU,64,140,85
705-1059,V3E,18 AUG 2013,1,816,ST,64,140,80
705-1059,V3E,18 AUG 2013,2,817,ST,64,140,82
705-1059,V4,19 AUG 2013,0,815,SU,80,120,75
705-1059,V4,19 AUG 2013,1,816,ST,80,125,75
705-1059,V4,19 AUG 2013,2,817,ST,80,125,75
705-1059,V5,05 SEP 2013,0,815,SU,88,140,80
705-1059,V5,05 SEP 2013,1,816,ST,92,136,78
705-1059,V5,05 SEP 2013,2,817,ST,92,138,80
705-1059,V6,07 SEP 2013,0,815,SU,72,120,80
705-1059,V6,07 SEP 2013,1,816,ST,74,130,80
705-1059,V6,07 SEP 2013,2,817,ST,76,130,80
705-1059,V7,19 SEP 2013,0,815,SU,60,150,90
705-1059,V7,19 SEP 2013,1,816,ST,60,140,80
705-1059,V7,19 SEP 2013,2,817,ST,62,140,75
705-1059,V8,03 OCT 2013,0,815,SU,72,140,80
705-1059,V8,03 OCT 2013,1,816,ST,72,135,80
705-1059,V8,03 OCT 2013,2,817,ST,70,135,80
705-1059,V9,07 NOV 2013,0,815,SU,90,142,88
705-1059,V9,07 NOV 2013,1,816,ST,90,130,84
705-1059,V9,07 NOV 2013,2,817,ST,90,142,84
705-1186,ET,07 FEB 2014,0,815,SU,64,145,75
705-1186,ET,07 FEB 2014,1,816,ST,68,140,72
705-1186,ET,07 FEB 2014,2,817,ST,68,120,75
705-1186,V1,03 JAN 2014,0,815,SU,60,160,80
705-1186,V1,03 JAN 2014,1,816,ST,62,150,80
705-1186,V1,03 JAN 2014,2,817,ST,64,154,84
705-1186,V2,06 JAN 2014,0,815,SU,62,154,84
705-1186,V2,06 JAN 2014,1,816,ST,64,150,80
705-1186,V2,06 JAN 2014,2,817,ST,66,154,84
705-1186,V3,08 JAN 2014,0,815,SU,60,140,70
705-1186,V3,08 JAN 2014,1,816,ST,62,135,70
705-1186,V3,08 JAN 2014,2,817,ST,60,135,70
705-1186,V3E,22 JAN 2014,0,815,SU,62,130,70
705-1186,V3E,22 JAN 2014,1,816,ST,64,130,64
705-1186,V3E,22 JAN 2014,2,817,ST,64,135,74
705-1186,V4,23 JAN 2014,0,815,SU,61,150,75
705-1186,V4,23 JAN 2014,1,816,ST,80,135,65
705-1186,V4,23 JAN 2014,2,817,ST,80,140,70
705-1199,ET,29 SEP 2013,0,815,SU,62,150,70
705-1199,ET,29 SEP 2013,1,816,ST,64,140,70
705-1199,ET,29 SEP 2013,2,817,ST,64,140,70
705-1199,V1,11 SEP 2013,0,815,SU,72,142,72
705-1199,V1,11 SEP 2013,1,816,ST,70,140,70
705-1199,V1,11 SEP 2013,2,817,ST,72,136,70
705-1199,V2,14 SEP 2013,0,815,SU,68,130,80
705-1199,V2,14 SEP 2013,1,816,ST,68,130,70
705-1199,V2,14 SEP 2013,2,817,ST,70,130,70
705-1199,V3,16 SEP 2013,0,815,SU,68,160,70
705-1199,V3,16 SEP 2013,1,816,ST,68,140,70
705-1199,V3,16 SEP 2013,2,817,ST,70,140,70
705-1280,V1,11 JAN 2014,0,815,SU,90,100,70
705-1280,V1,11 JAN 2014,1,816,ST,90,100,80
705-1280,V1,11 JAN 2014,2,817,ST,90,100,80
705-1280,V10,16 MAY 2014,0,815,SU,68,145,92
705-1280,V10,16 MAY 2014,1,816,ST,68,140,88
705-1280,V10,16 MAY 2014,2,817,ST,70,140,82
705-1280,V11,13 JUN 2014,0,815,SU,84,145,98
705-1280,V11,13 JUN 2014,1,816,ST,88,142,90
705-1280,V11,13 JUN 2014,2,817,ST,88,140,90
705-1280,V12,11 JUL 2014,0,815,SU,74,118,84
705-1280,V12,11 JUL 2014,1,816,ST,70,116,82
705-1280,V12,11 JUL 2014,2,817,ST,70,120,82
705-1280,V13,25 JUL 2014,0,815,SU,68,130,90
705-1280,V13,25 JUL 2014,1,816,ST,72,130,90
705-1280,V13,25 JUL 2014,2,817,ST,72,130,90
705-1280,V2,15 JAN 2014,0,815,SU,80,110,70
705-1280,V2,15 JAN 2014,1,816,ST,78,110,70
705-1280,V2,15 JAN 2014,2,817,ST,79,110,70
705-1280,V3,17 JAN 2014,0,815,SU,80,100,70
705-1280,V3,17 JAN 2014,1,816,ST,78,100,70
705-1280,V3,17 JAN 2014,2,817,ST,78,100,70
705-1280,V3E,30 JAN 2014,0,815,SU,70,120,60
705-1280,V3E,30 JAN 2014,1,816,ST,71,120,70
705-1280,V3E,30 JAN 2014,2,817,ST,70,120,80
705-1280,V4,31 JAN 2014,0,815,SU,62,125,84
705-1280,V4,31 JAN 2014,1,816,ST,60,130,84
705-1280,V4,31 JAN 2014,2,817,ST,60,140,88
705-1280,V5,13 FEB 2014,0,815,SU,96,140,90
705-1280,V5,13 FEB 2014,1,816,ST,94,139,90
705-1280,V5,13 FEB 2014,2,817,ST,92,138,90
705-1280,V6,15 FEB 2014,0,815,SU,100,140,90
705-1280,V6,15 FEB 2014,1,816,ST,100,130,85
705-1280,V6,15 FEB 2014,2,817,ST,100,130,80
705-1280,V7,07 MAR 2014,0,815,SU,72,140,86
705-1280,V7,07 MAR 2014,1,816,ST,76,130,80
705-1280,V7,07 MAR 2014,2,817,ST,72,144,88
705-1280,V8,21 MAR 2014,0,815,SU,80,150,88
705-1280,V8,21 MAR 2014,1,816,ST,80,145,84
705-1280,V8,21 MAR 2014,2,817,ST,80,150,88
705-1280,V9,18 APR 2014,0,815,SU,80,130,90
705-1280,V9,18 APR 2014,1,816,ST,80,128,88
705-1280,V9,18 APR 2014,2,817,ST,88,130,88
705-1281,ET,17 MAR 2014,0,815,SU,60,170,90
705-1281,ET,17 MAR 2014,1,816,ST,64,168,90
705-1281,ET,17 MAR 2014,2,817,ST,60,170,90
705-1281,V1,26 NOV 2013,0,815,SU,62,134,78
705-1281,V1,26 NOV 2013,1,816,ST,64,130,78
705-1281,V1,26 NOV 2013,2,817,ST,64,140,78
705-1281,V2,26 NOV 2013,0,815,SU,62,134,78
705-1281,V2,26 NOV 2013,1,816,ST,64,130,78
705-1281,V2,26 NOV 2013,2,817,ST,64,140,78
705-1281,V3,28 NOV 2013,0,815,SU,60,160,80
705-1281,V3,28 NOV 2013,1,816,ST,64,150,80
705-1281,V3,28 NOV 2013,2,817,ST,62,150,80
705-1281,V3E,14 DEC 2013,0,815,SU,68,130,85
705-1281,V3E,14 DEC 2013,1,816,ST,62,128,80
705-1281,V3E,14 DEC 2013,2,817,ST,62,128,80
705-1281,V4,15 DEC 2013,0,815,SU,64,160,90
705-1281,V4,15 DEC 2013,1,816,ST,62,165,90
705-1281,V4,15 DEC 2013,2,817,ST,62,160,90
705-1281,V5,28 DEC 2013,0,815,SU,62,144,85
705-1281,V5,28 DEC 2013,1,816,ST,60,140,80
705-1281,V5,28 DEC 2013,2,817,ST,62,140,85
705-1281,V6,30 DEC 2013,0,815,SU,64,142,84
705-1281,V6,30 DEC 2013,1,816,ST,68,136,80
705-1281,V6,30 DEC 2013,2,817,ST,66,136,80
705-1281,V7,07 JAN 2014,0,815,SU,64,155,80
705-1281,V7,07 JAN 2014,1,816,ST,64,150,80
705-1281,V7,07 JAN 2014,2,817,ST,60,165,85
705-1281,V8,21 JAN 2014,0,815,SU,64,170,90
705-1281,V8,21 JAN 2014,1,816,ST,68,150,80
705-1281,V8,21 JAN 2014,2,817,ST,64,150,80
705-1281,V9,18 FEB 2014,0,815,SU,80,138,80
705-1281,V9,18 FEB 2014,1,816,ST,84,144,88
705-1281,V9,18 FEB 2014,2,817,ST,84,144,88
705-1282,V1,23 DEC 2012,0,815,SU,68,120,80
705-1282,V1,23 DEC 2012,1,816,ST,68,125,84
705-1282,V1,23 DEC 2012,2,817,ST,68,125,84
705-1282,V10,16 APR 2013,0,815,SU,62,110,75
705-1282,V10,16 APR 2013,1,816,ST,64,110,70
705-1282,V10,16 APR 2013,2,817,ST,64,110,70
705-1282,V11,14 MAY 2013,0,815,SU,72,124,84
705-1282,V11,14 MAY 2013,1,816,ST,72,120,80
705-1282,V11,14 MAY 2013,2,817,ST,70,120,80
705-1282,V12,11 JUN 2013,0,815,SU,84,138,80
705-1282,V12,11 JUN 2013,1,816,ST,84,144,78
705-1282,V12,11 JUN 2013,2,817,ST,82,140,78
705-1282,V13,24 JUN 2013,0,815,SU,78,130,80
705-1282,V13,24 JUN 2013,1,816,ST,74,128,80
705-1282,V13,24 JUN 2013,2,817,ST,78,130,80
705-1282,V2,24 DEC 2012,0,815,SU,80,120,70
705-1282,V2,24 DEC 2012,1,816,ST,78,120,70
705-1282,V2,24 DEC 2012,2,817,ST,78,120,70
705-1282,V3,26 DEC 2012,0,815,SU,78,120,70
705-1282,V3,26 DEC 2012,1,816,ST,78,120,80
705-1282,V3,26 DEC 2012,2,817,ST,78,120,80
705-1282,V3E,08 JAN 2013,0,815,SU,62,138,85
705-1282,V3E,08 JAN 2013,1,816,ST,61,130,80
705-1282,V3E,08 JAN 2013,2,817,ST,60,128,80
705-1282,V4,09 JAN 2013,0,815,SU,62,120,84
705-1282,V4,09 JAN 2013,1,816,ST,64,120,80
705-1282,V4,09 JAN 2013,2,817,ST,64,120,80
705-1282,V5,21 JAN 2013,0,815,SU,84,125,75
705-1282,V5,21 JAN 2013,1,816,ST,88,145,75
705-1282,V5,21 JAN 2013,2,817,ST,86,140,75
705-1282,V6,23 JAN 2013,0,815,SU,80,140,84
705-1282,V6,23 JAN 2013,1,816,ST,88,130,80
705-1282,V6,23 JAN 2013,2,817,ST,84,130,80
705-1282,V7,07 FEB 2013,0,815,SU,71,130,80
705-1282,V7,07 FEB 2013,1,816,ST,72,130,70
705-1282,V7,07 FEB 2013,2,817,ST,70,130,70
705-1282,V8,20 FEB 2013,0,815,SU,72,138,80
705-1282,V8,20 FEB 2013,1,816,ST,72,155,85
705-1282,V8,20 FEB 2013,2,817,ST,72,150,80
705-1282,V9,20 MAR 2013,0,815,SU,80,138,80
705-1282,V9,20 MAR 2013,1,816,ST,84,144,88
705-1282,V9,20 MAR 2013,2,817,ST,84,144,88
705-1292,V1,11 OCT 2013,0,815,SU,64,160,90
705-1292,V1,11 OCT 2013,1,816,ST,60,150,90
705-1292,V1,11 OCT 2013,2,817,ST,62,150,90
705-1292,V10,03 MAR 2014,0,815,SU,68,130,90
705-1292,V10,03 MAR 2014,1,816,ST,74,126,90
705-1292,V10,03 MAR 2014,2,817,ST,74,126,90
705-1292,V11,31 MAR 2014,0,815,SU,78,125,90
705-1292,V11,31 MAR 2014,1,816,ST,80,130,90
705-1292,V11,31 MAR 2014,2,817,ST,78,130,90
705-1292,V12,28 APR 2014,0,815,SU,68,140,90
705-1292,V12,28 APR 2014,1,816,ST,68,140,90
705-1292,V12,28 APR 2014,2,817,ST,68,140,90
705-1292,V13,14 MAY 2014,0,815,SU,68,130,80
705-1292,V13,14 MAY 2014,1,816,ST,60,125,80
705-1292,V13,14 MAY 2014,2,817,ST,64,120,80
705-1292,V2,12 OCT 2013,0,815,SU,62,134,86
705-1292,V2,12 OCT 2013,1,816,ST,64,130,86
705-1292,V2,12 OCT 2013,2,817,ST,64,138,86
705-1292,V3,14 OCT 2013,0,815,SU,78,110,80
705-1292,V3,14 OCT 2013,1,816,ST,80,120,80
705-1292,V3,14 OCT 2013,2,817,ST,78,120,80
705-1292,V3E,28 OCT 2013,0,815,SU,68,135,88
705-1292,V3E,28 OCT 2013,1,816,ST,68,130,85
705-1292,V3E,28 OCT 2013,2,817,ST,70,130,85
705-1292,V4,29 OCT 2013,0,815,SU,69,138,86
705-1292,V4,29 OCT 2013,1,816,ST,72,140,84
705-1292,V4,29 OCT 2013,2,817,ST,70,140,80
705-1292,V5,22 NOV 2013,0,815,SU,64,130,82
705-1292,V5,22 NOV 2013,1,816,ST,80,125,80
705-1292,V5,22 NOV 2013,2,817,ST,72,128,80
705-1292,V6,25 NOV 2013,0,815,SU,68,120,80
705-1292,V6,25 NOV 2013,1,816,ST,69,120,70
705-1292,V6,25 NOV 2013,2,817,ST,70,120,70
705-1292,V7,11 DEC 2013,0,815,SU,82,125,80
705-1292,V7,11 DEC 2013,1,816,ST,84,120,80
705-1292,V7,11 DEC 2013,2,817,ST,82,120,80
705-1292,V8,02 JAN 2014,0,815,SU,72,138,85
705-1292,V8,02 JAN 2014,1,816,ST,64,155,95
705-1292,V8,02 JAN 2014,2,817,ST,64,150,95
705-1292,V9,07 FEB 2014,0,815,SU,72,140,86
705-1292,V9,07 FEB 2014,1,816,ST,84,130,90
705-1292,V9,07 FEB 2014,2,817,ST,80,130,90
705-1303,V1,10 DEC 2013,0,815,SU,68,145,90
705-1303,V1,10 DEC 2013,1,816,ST,72,142,90
705-1303,V1,10 DEC 2013,2,817,ST,68,145,90
705-1303,V10,07 APR 2014,0,815,SU,82,150,80
705-1303,V10,07 APR 2014,1,816,ST,86,150,80
705-1303,V10,07 APR 2014,2,817,ST,88,146,80
705-1303,V2,14 DEC 2013,0,815,SU,70,150,85
705-1303,V2,14 DEC 2013,1,816,ST,70,148,90
705-1303,V2,14 DEC 2013,2,817,ST,70,145,90
705-1303,V3,16 DEC 2013,0,815,SU,68,155,90
705-1303,V3,16 DEC 2013,1,816,ST,64,160,90
705-1303,V3,16 DEC 2013,2,817,ST,68,160,90
705-1303,V3E,29 DEC 2013,0,815,SU,68,155,90
705-1303,V3E,29 DEC 2013,1,816,ST,64,150,90
705-1303,V3E,29 DEC 2013,2,817,ST,68,150,90
705-1303,V4,30 DEC 2013,0,815,SU,80,138,84
705-1303,V4,30 DEC 2013,1,816,ST,84,130,80
705-1303,V4,30 DEC 2013,2,817,ST,84,130,80
705-1303,V5,12 JAN 2014,0,815,SU,72,130,75
705-1303,V5,12 JAN 2014,1,816,ST,72,130,70
705-1303,V5,12 JAN 2014,2,817,ST,69,132,74
705-1303,V6,14 JAN 2014,0,815,SU,80,160,86
705-1303,V6,14 JAN 2014,1,816,ST,82,162,84
705-1303,V6,14 JAN 2014,2,817,ST,80,160,80
705-1303,V7,26 JAN 2014,0,815,SU,80,154,88
705-1303,V7,26 JAN 2014,1,816,ST,84,160,90
705-1303,V7,26 JAN 2014,2,817,ST,82,158,88
705-1303,V8,10 FEB 2014,0,815,SU,76,150,86
705-1303,V8,10 FEB 2014,1,816,ST,74,146,80
705-1303,V8,10 FEB 2014,2,817,ST,76,148,82
705-1303,V9,03 MAR 2014,0,815,SU,84,135,80
705-1303,V9,03 MAR 2014,1,816,ST,84,140,80
705-1303,V9,03 MAR 2014,2,817,ST,80,140,80
705-1310,ET,23 JAN 2014,0,815,SU,72,105,60
705-1310,ET,23 JAN 2014,1,816,ST,72,100,60
705-1310,ET,23 JAN 2014,2,817,ST,70,100,60
705-1310,V1,26 OCT 2013,0,815,SU,66,156,84
705-1310,V1,26 OCT 2013,1,816,ST,68,150,70
705-1310,V1,26 OCT 2013,2,817,ST,68,150,70
705-1310,V2,31 OCT 2013,0,815,SU,68,130,80
705-1310,V2,31 OCT 2013,1,816,ST,62,125,80
705-1310,V2,31 OCT 2013,2,817,ST,60,125,80
705-1310,V3,02 NOV 2013,0,815,SU,64,130,84
705-1310,V3,02 NOV 2013,1,816,ST,64,120,80
705-1310,V3,02 NOV 2013,2,817,ST,62,120,80
705-1310,V3E,21 NOV 2013,0,815,SU,68,120,70
705-1310,V3E,21 NOV 2013,1,816,ST,68,120,80
705-1310,V3E,21 NOV 2013,2,817,ST,67,120,80
705-1310,V4,22 NOV 2013,0,815,SU,80,140,90
705-1310,V4,22 NOV 2013,1,816,ST,81,130,90
705-1310,V4,22 NOV 2013,2,817,ST,80,130,90
705-1310,V5,30 NOV 2013,0,815,SU,64,140,80
705-1310,V5,30 NOV 2013,1,816,ST,68,135,80
705-1310,V5,30 NOV 2013,2,817,ST,68,135,80
705-1310,V6,02 DEC 2013,0,815,SU,64,160,86
705-1310,V6,02 DEC 2013,1,816,ST,68,136,80
705-1310,V6,02 DEC 2013,2,817,ST,68,130,80
705-1310,V7,16 DEC 2013,0,815,SU,68,160,85
705-1310,V7,16 DEC 2013,1,816,ST,80,145,78
705-1310,V7,16 DEC 2013,2,817,ST,80,148,80
705-1310,V8,26 DEC 2013,0,815,SU,60,155,80
705-1310,V8,26 DEC 2013,1,816,ST,72,130,70
705-1310,V8,26 DEC 2013,2,817,ST,68,135,72
705-1349,V1,24 FEB 2013,0,815,SU,64,138,60
705-1349,V1,24 FEB 2013,1,816,ST,68,130,60
705-1349,V1,24 FEB 2013,2,817,ST,68,130,62
705-1349,V10,25 JUN 2013,0,815,SU,80,130,70
705-1349,V10,25 JUN 2013,1,816,ST,80,130,70
705-1349,V10,25 JUN 2013,2,817,ST,80,130,70
705-1349,V11,23 JUL 2013,0,815,SU,68,150,74
705-1349,V11,23 JUL 2013,1,816,ST,68,145,70
705-1349,V11,23 JUL 2013,2,817,ST,70,145,70
705-1349,V12,25 AUG 2013,0,815,SU,72,140,70
705-1349,V12,25 AUG 2013,1,816,ST,76,138,65
705-1349,V12,25 AUG 2013,2,817,ST,76,135,65
705-1349,V13,08 SEP 2013,0,815,SU,72,140,70
705-1349,V13,08 SEP 2013,1,816,ST,72,135,70
705-1349,V13,08 SEP 2013,2,817,ST,70,130,70
705-1349,V2,08 MAR 2013,0,815,SU,68,140,80
705-1349,V2,08 MAR 2013,1,816,ST,70,138,80
705-1349,V2,08 MAR 2013,2,817,ST,74,136,74
705-1349,V3,10 MAR 2013,0,815,SU,68,145,80
705-1349,V3,10 MAR 2013,1,816,ST,68,140,80
705-1349,V3,10 MAR 2013,2,817,ST,68,140,80
705-1349,V3E,23 MAR 2013,0,815,SU,62,140,70
705-1349,V3E,23 MAR 2013,1,816,ST,64,130,68
705-1349,V3E,23 MAR 2013,2,817,ST,64,130,67
705-1349,V4,24 MAR 2013,0,815,SU,64,148,070
705-1349,V4,24 MAR 2013,1,816,ST,60,130,70
705-1349,V4,24 MAR 2013,2,817,ST,60,130,70
705-1349,V5,04 APR 2013,0,815,SU,80,120,80
705-1349,V5,04 APR 2013,1,816,ST,78,120,80
705-1349,V5,04 APR 2013,2,817,ST,78,120,80
705-1349,V7,17 APR 2013,0,815,SU,72,126,60
705-1349,V7,17 APR 2013,1,816,ST,70,120,60
705-1349,V7,17 APR 2013,2,817,ST,68,125,68
705-1349,V8,01 MAY 2013,0,815,SU,72,165,75
705-1349,V8,01 MAY 2013,1,816,ST,70,160,75
705-1349,V8,01 MAY 2013,2,817,ST,70,160,70
705-1349,V9,28 MAY 2013,0,815,SU,70,140,80
705-1349,V9,28 MAY 2013,1,816,ST,70,130,80
705-1349,V9,28 MAY 2013,2,817,ST,68,130,80
705-1377,V1,29 DEC 2013,0,815,SU,62,110,70
705-1377,V1,29 DEC 2013,1,816,ST,64,105,70
705-1377,V1,29 DEC 2013,2,817,ST,64,110,70
705-1377,V2,02 JAN 2014,0,815,SU,68,120,80
705-1377,V2,02 JAN 2014,1,816,ST,68,120,80
705-1377,V2,02 JAN 2014,2,817,ST,67,120,80
705-1377,V3,04 JAN 2014,0,815,SU,64,105,64
705-1377,V3,04 JAN 2014,1,816,ST,68,110,70
705-1377,V3,04 JAN 2014,2,817,ST,68,110,68
705-1377,V3E,24 JAN 2014,0,815,SU,80,120,80
705-1377,V3E,24 JAN 2014,1,816,ST,80,120,70
705-1377,V3E,24 JAN 2014,2,817,ST,80,120,70
705-1377,V4,25 JAN 2014,0,815,SU,78,120,70
705-1377,V4,25 JAN 2014,1,816,ST,78,128,70
705-1377,V4,25 JAN 2014,2,817,ST,80,124,70
705-1377,V5,07 FEB 2014,0,815,SU,70,110,70
705-1377,V5,07 FEB 2014,1,816,ST,68,110,70
705-1377,V5,07 FEB 2014,2,817,ST,68,110,70
705-1377,V6,09 FEB 2014,0,815,SU,68,120,80
705-1377,V6,09 FEB 2014,1,816,ST,64,120,80
705-1377,V6,09 FEB 2014,2,817,ST,64,120,80
705-1382,V1,09 MAY 2013,0,815,SU,60,130,84
705-1382,V1,09 MAY 2013,1,816,ST,62,130,80
705-1382,V1,09 MAY 2013,2,817,ST,60,130,80
705-1382,V2,11 MAY 2013,0,815,SU,66,160,85
705-1382,V2,11 MAY 2013,1,816,ST,68,152,80
705-1382,V2,11 MAY 2013,2,817,ST,68,150,80
705-1382,V3,13 MAY 2013,0,815,SU,68,145,88
705-1382,V3,13 MAY 2013,1,816,ST,72,140,85
705-1382,V3,13 MAY 2013,2,817,ST,70,135,85
705-1393,ET,20 FEB 2013,0,815,SU,100,140,90
705-1393,ET,20 FEB 2013,1,816,ST,100,138,88
705-1393,ET,20 FEB 2013,2,817,ST,97,138,88
705-1393,V1,02 SEP 2012,0,815,SU,68,176,85
705-1393,V1,02 SEP 2012,1,816,ST,68,170,80
705-1393,V1,02 SEP 2012,2,817,ST,64,175,86
705-1393,V10,02 JAN 2013,0,815,SU,68,165,90
705-1393,V10,02 JAN 2013,1,816,ST,68,160,84
705-1393,V10,02 JAN 2013,2,817,ST,69,160,84
705-1393,V2,05 SEP 2012,0,815,SU,67,140,90
705-1393,V2,05 SEP 2012,1,816,ST,70,130,80
705-1393,V2,05 SEP 2012,2,817,ST,70,130,80
705-1393,V3,07 SEP 2012,0,815,SU,68,160,90
705-1393,V3,07 SEP 2012,1,816,ST,68,155,90
705-1393,V3,07 SEP 2012,2,817,ST,68,155,90
705-1393,V3E,26 SEP 2012,0,815,SU,84,140,98
705-1393,V3E,26 SEP 2012,1,816,ST,80,140,80
705-1393,V3E,26 SEP 2012,2,817,ST,78,140,80
705-1393,V4,27 SEP 2012,0,815,SU,74,120,80
705-1393,V4,27 SEP 2012,1,816,ST,70,120,70
705-1393,V4,27 SEP 2012,2,817,ST,71,120,70
705-1393,V5,10 OCT 2012,0,815,SU,78,130,80
705-1393,V5,10 OCT 2012,1,816,ST,80,130,85
705-1393,V5,10 OCT 2012,2,817,ST,81,130,80
705-1393,V6,12 OCT 2012,0,815,SU,80,140,95
705-1393,V6,12 OCT 2012,1,816,ST,81,140,80
705-1393,V6,12 OCT 2012,2,817,ST,82,140,80
705-1393,V7,26 OCT 2012,0,815,SU,68,195,90
705-1393,V7,26 OCT 2012,1,816,ST,72,180,80
705-1393,V7,26 OCT 2012,2,817,ST,70,180,70
705-1393,V8,02 NOV 2012,0,815,SU,98,130,70
705-1393,V8,02 NOV 2012,1,816,ST,95,150,60
705-1393,V8,02 NOV 2012,2,817,ST,98,140,60
705-1393,V9,05 DEC 2012,0,815,SU,84,170,100
705-1393,V9,05 DEC 2012,1,816,ST,84,168,96
705-1393,V9,05 DEC 2012,2,817,ST,84,170,98
705-1431,V1,16 JUN 2013,0,815,SU,64,130,84
705-1431,V1,16 JUN 2013,1,816,ST,68,126,80
705-1431,V1,16 JUN 2013,2,817,ST,68,120,80
705-1431,V10,17 OCT 2013,0,815,SU,64,125,70
705-1431,V10,17 OCT 2013,1,816,ST,68,120,70
705-1431,V10,17 OCT 2013,2,817,ST,68,120,70
705-1431,V11,13 NOV 2013,0,815,SU,68,130,70
705-1431,V11,13 NOV 2013,1,816,ST,68,130,70
705-1431,V11,13 NOV 2013,2,817,ST,70,130,70
705-1431,V12,05 DEC 2013,0,815,SU,64,110,60
705-1431,V12,05 DEC 2013,1,816,ST,68,110,60
705-1431,V12,05 DEC 2013,2,817,ST,60,110,60
705-1431,V13,19 DEC 2013,0,815,SU,62,110,65
705-1431,V13,19 DEC 2013,1,816,ST,64,105,60
705-1431,V13,19 DEC 2013,2,817,ST,68,105,60
705-1431,V2,21 JUN 2013,0,815,SU,68,132,84
705-1431,V2,21 JUN 2013,1,816,ST,72,130,85
705-1431,V2,21 JUN 2013,2,817,ST,68,130,85
705-1431,V3,23 JUN 2013,0,815,SU,64,145,80
705-1431,V3,23 JUN 2013,1,816,ST,66,140,80
705-1431,V3,23 JUN 2013,2,817,ST,62,140,80
705-1431,V3E,06 JUL 2013,0,815,SU,76,128,72
705-1431,V3E,06 JUL 2013,1,816,ST,80,125,70
705-1431,V3E,06 JUL 2013,2,817,ST,80,125,70
705-1431,V4,07 JUL 2013,0,815,SU,70,114,82
705-1431,V4,07 JUL 2013,1,816,ST,72,118,78
705-1431,V4,07 JUL 2013,2,817,ST,70,116,78
705-1431,V5,20 JUL 2013,0,815,SU,62,110,80
705-1431,V5,20 JUL 2013,1,816,ST,64,110,72
705-1431,V5,20 JUL 2013,2,817,ST,64,110,70
705-1431,V6,22 JUL 2013,0,815,SU,64,120,80
705-1431,V6,22 JUL 2013,1,816,ST,68,110,70
705-1431,V6,22 JUL 2013,2,817,ST,68,110,70
705-1431,V7,07 AUG 2013,0,815,SU,74,138,82
705-1431,V7,07 AUG 2013,1,816,ST,72,128,78
705-1431,V7,07 AUG 2013,2,817,ST,74,126,76
705-1431,V8,21 AUG 2013,0,815,SU,60,100,55
705-1431,V8,21 AUG 2013,1,816,ST,62,100,60
705-1431,V8,21 AUG 2013,2,817,ST,60,100,60
705-1431,V9,18 SEP 2013,0,815,SU,60,125,60
705-1431,V9,18 SEP 2013,1,816,ST,64,110,60
705-1431,V9,18 SEP 2013,2,817,ST,60,105,55
706-1041,V1,21 DEC 2013,0,815,SU,64,130,80
706-1041,V1,21 DEC 2013,1,816,ST,62,128,80
706-1041,V1,21 DEC 2013,2,817,ST,64,132,80
706-1041,V10,06 MAY 2014,0,815,SU,70,146,76
706-1041,V10,06 MAY 2014,1,816,ST,83,158,92
706-1041,V10,06 MAY 2014,2,817,ST,79,150,86
706-1041,V11,10 JUN 2014,0,815,SU,73,178,84
706-1041,V11,10 JUN 2014,1,816,ST,70,186,88
706-1041,V11,10 JUN 2014,2,817,ST,70,158,88
706-1041,V12,15 JUL 2014,0,815,SU,71,154,74
706-1041,V12,15 JUL 2014,1,816,ST,56,156,88
706-1041,V12,15 JUL 2014,2,817,ST,73,166,94
706-1041,V13,29 JUL 2014,0,815,SU,87,172,86
706-1041,V13,29 JUL 2014,1,816,ST,76,158,96
706-1041,V13,29 JUL 2014,2,817,ST,74,144,82
706-1041,V2,28 DEC 2013,0,815,SU,80,140,88
706-1041,V2,28 DEC 2013,1,816,ST,78,142,90
706-1041,V2,28 DEC 2013,2,817,ST,80,140,90
706-1041,V3,31 DEC 2013,0,815,SU,80,142,80
706-1041,V3,31 DEC 2013,1,816,ST,80,138,78
706-1041,V3,31 DEC 2013,2,817,ST,80,136,80
706-1041,V3E,11 JAN 2014,0,815,SU,72,142,80
706-1041,V3E,11 JAN 2014,1,816,ST,78,138,80
706-1041,V3E,11 JAN 2014,2,817,ST,72,138,80
706-1041,V4,14 JAN 2014,0,815,SU,70,146,80
706-1041,V4,14 JAN 2014,1,816,ST,72,140,80
706-1041,V4,14 JAN 2014,2,817,ST,72,130,80
706-1041,V5,28 JAN 2014,0,815,SU,78,160,90
706-1041,V5,28 JAN 2014,1,816,ST,72,150,92
706-1041,V5,28 JAN 2014,2,817,ST,72,150,92
706-1041,V6,30 JAN 2014,0,815,SU,80,162,90
706-1041,V6,30 JAN 2014,1,816,ST,88,158,88
706-1041,V6,30 JAN 2014,2,817,ST,86,160,90
706-1041,V7,11 FEB 2014,0,815,SU,78,158,80
706-1041,V7,11 FEB 2014,1,816,ST,80,150,80
706-1041,V7,11 FEB 2014,2,817,ST,78,158,80
706-1041,V8,04 MAR 2014,0,815,SU,64,150,80
706-1041,V8,04 MAR 2014,1,816,ST,66,140,80
706-1041,V8,04 MAR 2014,2,817,ST,64,142,80
706-1041,V9,01 APR 2014,0,815,SU,74,156,84
706-1041,V9,01 APR 2014,1,816,ST,70,130,88
706-1041,V9,01 APR 2014,2,817,ST,71,133,79
706-1049,ET,25 JUN 2013,0,815,SU,84,118,80
706-1049,ET,25 JUN 2013,1,816,ST,86,110,78
706-1049,ET,25 JUN 2013,2,817,ST,88,108,76
706-1049,V1,30 APR 2013,0,815,SU,80,126,70
706-1049,V1,30 APR 2013,1,816,ST,88,122,80
706-1049,V1,30 APR 2013,2,817,ST,84,120,80
706-1049,V2,11 MAY 2013,0,815,SU,78,118,66
706-1049,V2,11 MAY 2013,1,816,ST,82,110,60
706-1049,V2,11 MAY 2013,2,817,ST,80,110,66
706-1049,V201,26 NOV 2013,0,815,SU,64,120,56
706-1049,V201,26 NOV 2013,1,816,ST,87,94,54
706-1049,V201,26 NOV 2013,2,817,ST,83,94,62
706-1049,V3,14 MAY 2013,0,815,SU,84,120,80
706-1049,V3,14 MAY 2013,1,816,ST,88,118,78
706-1049,V3,14 MAY 2013,2,817,ST,84,112,78
706-1049,V3E,25 MAY 2013,0,815,SU,84,128,70
706-1049,V3E,25 MAY 2013,1,816,ST,88,120,74
706-1049,V3E,25 MAY 2013,2,817,ST,86,118,70
706-1049,V4,28 MAY 2013,0,815,SU,80,138,70
706-1049,V4,28 MAY 2013,1,816,ST,88,130,70
706-1049,V4,28 MAY 2013,2,817,ST,88,128,70
706-1049,V5,11 JUN 2013,0,815,SU,88,140,78
706-1049,V5,11 JUN 2013,1,816,ST,88,120,70
706-1049,V5,11 JUN 2013,2,817,ST,90,118,74
706-1049,V6,13 JUN 2013,0,815,SU,90,126,80
706-1049,V6,13 JUN 2013,1,816,ST,94,110,70
706-1049,V6,13 JUN 2013,2,817,ST,94,108,72
706-1384,ET,29 SEP 2012,0,815,SU,72,138,70
706-1384,ET,29 SEP 2012,1,816,ST,74,140,70
706-1384,ET,29 SEP 2012,2,817,ST,70,130,70
706-1384,V1,25 AUG 2012,0,815,SU,70,156,80
706-1384,V1,25 AUG 2012,1,816,ST,72,156,78
706-1384,V1,25 AUG 2012,2,817,ST,72,148,66
706-1384,V2,12 SEP 2012,0,815,SU,72,140,80
706-1384,V2,12 SEP 2012,1,816,ST,80,130,78
706-1384,V2,12 SEP 2012,2,817,ST,80,148,80
706-1384,V201,22 JUN 2013,0,815,SU,74,193,82
706-1384,V201,22 JUN 2013,1,816,ST,72,217,93
706-1384,V201,22 JUN 2013,2,817,ST,72,197,88
706-1384,V3,15 SEP 2012,0,815,SU,68,130,60
706-1384,V3,15 SEP 2012,1,816,ST,72,140,70
706-1384,V3,15 SEP 2012,2,817,ST,70,140,64
707-1037,ET,08 JAN 2014,0,815,SU,68,130,72
707-1037,ET,08 JAN 2014,1,816,ST,76,140,80
707-1037,ET,08 JAN 2014,2,817,ST,80,138,78
707-1037,V1,12 DEC 2013,0,815,SU,70,122,70
707-1037,V1,12 DEC 2013,1,816,ST,74,120,84
707-1037,V1,12 DEC 2013,2,817,ST,74,120,82
707-1037,V2,18 DEC 2013,0,815,SU,72,140,90
707-1037,V2,18 DEC 2013,1,816,ST,72,142,86
707-1037,V2,18 DEC 2013,2,817,ST,74,132,80
707-1037,V3,20 DEC 2013,0,815,SU,74,142,88
707-1037,V3,20 DEC 2013,1,816,ST,76,140,090
707-1037,V3,20 DEC 2013,2,817,ST,74,144,086
707-1206,V1,20 OCT 2013,0,815,SU,60,140,90
707-1206,V1,20 OCT 2013,1,816,ST,64,144,86
707-1206,V1,20 OCT 2013,2,817,ST,60,154,88
707-1206,V10,16 FEB 2014,0,815,SU,60,130,78
707-1206,V10,16 FEB 2014,1,816,ST,64,120,80
707-1206,V10,16 FEB 2014,2,817,ST,60,122,86
707-1206,V11,16 MAR 2014,0,815,SU,56,130,70
707-1206,V11,16 MAR 2014,1,816,ST,60,110,60
707-1206,V11,16 MAR 2014,2,817,ST,64,100,66
707-1206,V12,13 APR 2014,0,815,SU,56,130,82
707-1206,V12,13 APR 2014,1,816,ST,60,128,80
707-1206,V12,13 APR 2014,2,817,ST,60,114,78
707-1206,V13,27 APR 2014,0,815,SU,56,130,80
707-1206,V13,27 APR 2014,1,816,ST,60,110,78
707-1206,V13,27 APR 2014,2,817,ST,64,110,80
707-1206,V2,26 OCT 2013,0,815,SU,58,136,84
707-1206,V2,26 OCT 2013,1,816,ST,60,140,80
707-1206,V2,26 OCT 2013,2,817,ST,60,142,80
707-1206,V3,28 OCT 2013,0,815,SU,60,142,84
707-1206,V3,28 OCT 2013,1,816,ST,68,134,84
707-1206,V3,28 OCT 2013,2,817,ST,66,110,80
707-1206,V3E,11 NOV 2013,0,815,SU,60,120,68
707-1206,V3E,11 NOV 2013,1,816,ST,58,110,70
707-1206,V3E,11 NOV 2013,2,817,ST,60,114,70
707-1206,V4,12 NOV 2013,0,815,SU,60,110,70
707-1206,V4,12 NOV 2013,1,816,ST,64,108,68
707-1206,V4,12 NOV 2013,2,817,ST,68,100,68
707-1206,V5,25 NOV 2013,0,815,SU,60,110,68
707-1206,V5,25 NOV 2013,1,816,ST,62,108,70
707-1206,V5,25 NOV 2013,2,817,ST,66,112,66
707-1206,V6,27 NOV 2013,0,815,SU,54,110,70
707-1206,V6,27 NOV 2013,1,816,ST,56,108,64
707-1206,V6,27 NOV 2013,2,817,ST,52,110,70
707-1206,V7,09 DEC 2013,0,815,SU,56,138,86
707-1206,V7,09 DEC 2013,1,816,ST,60,130,84
707-1206,V7,09 DEC 2013,2,817,ST,64,146,86
707-1206,V8,23 DEC 2013,0,815,SU,56,140,082
707-1206,V8,23 DEC 2013,1,816,ST,60,132,080
707-1206,V8,23 DEC 2013,2,817,ST,56,134,082
707-1206,V9,19 JAN 2014,0,815,SU,60,136,80
707-1206,V9,19 JAN 2014,1,816,ST,64,132,84
707-1206,V9,19 JAN 2014,2,817,ST,64,130,86
708-1019,ET,23 JAN 2014,0,815,SU,68,104,60
708-1019,ET,23 JAN 2014,1,816,ST,66,120,76
708-1019,ET,23 JAN 2014,2,817,ST,66,122,70
708-1019,V1,10 DEC 2013,0,815,SU,86,104,58
708-1019,V1,10 DEC 2013,1,816,ST,76,120,60
708-1019,V1,10 DEC 2013,2,817,ST,70,128,60
708-1019,V2,17 DEC 2013,0,815,SU,66,130,68
708-1019,V2,17 DEC 2013,1,816,ST,60,120,64
708-1019,V2,17 DEC 2013,2,817,ST,66,122,60
708-1019,V3,20 DEC 2013,0,815,SU,70,118,62
708-1019,V3,20 DEC 2013,1,816,ST,72,120,68
708-1019,V3,20 DEC 2013,2,817,ST,78,122,70
708-1032,ET,09 MAR 2013,0,815,SU,80,144,90
708-1032,ET,09 MAR 2013,1,816,ST,96,160,82
708-1032,ET,09 MAR 2013,2,817,ST,90,160,102
708-1032,V1,02 FEB 2013,0,815,SU,90,130,88
708-1032,V1,02 FEB 2013,1,816,ST,94,126,98
708-1032,V1,02 FEB 2013,2,817,ST,100,130,84
708-1032,V2,07 FEB 2013,0,815,SU,80,146,98
708-1032,V2,07 FEB 2013,1,816,ST,96,132,92
708-1032,V2,07 FEB 2013,2,817,ST,88,140,96
708-1032,V3,09 FEB 2013,0,815,SU,84,120,80
708-1032,V3,09 FEB 2013,1,816,ST,100,140,98
708-1032,V3,09 FEB 2013,2,817,ST,100,158,108
708-1032,V3E,22 FEB 2013,0,815,SU,80,135,90
708-1032,V3E,22 FEB 2013,1,816,ST,96,135,95
708-1032,V3E,22 FEB 2013,2,817,ST,92,132,96
708-1032,V4,23 FEB 2013,0,815,SU,77,132,86
708-1032,V4,23 FEB 2013,1,816,ST,102,128,88
708-1032,V4,23 FEB 2013,2,817,ST,97,125,92
708-1084,V1,01 MAY 2013,0,815,SU,64,140,60
708-1084,V1,01 MAY 2013,1,816,ST,84,120,82
708-1084,V1,01 MAY 2013,2,817,ST,80,120,80
708-1084,V10,01 SEP 2013,0,815,SU,60,110,60
708-1084,V10,01 SEP 2013,1,816,ST,68,106,60
708-1084,V10,01 SEP 2013,2,817,ST,64,100,60
708-1084,V11,01 OCT 2013,0,815,SU,84,116,68
708-1084,V11,01 OCT 2013,1,816,ST,88,118,78
708-1084,V11,01 OCT 2013,2,817,ST,92,124,80
708-1084,V12,28 OCT 2013,0,815,SU,72,110,60
708-1084,V12,28 OCT 2013,1,816,ST,80,110,60
708-1084,V12,28 OCT 2013,2,817,ST,82,100,60
708-1084,V13,11 NOV 2013,0,815,SU,64,104,62
708-1084,V13,11 NOV 2013,1,816,ST,72,108,76
708-1084,V13,11 NOV 2013,2,817,ST,60,110,70
708-1084,V2,06 MAY 2013,0,815,SU,70,100,72
708-1084,V2,06 MAY 2013,1,816,ST,90,120,80
708-1084,V2,06 MAY 2013,2,817,ST,96,120,84
708-1084,V3,09 MAY 2013,0,815,SU,88,100,70
708-1084,V3,09 MAY 2013,1,816,ST,84,100,60
708-1084,V3,09 MAY 2013,2,817,ST,84,110,80
708-1084,V3E,23 MAY 2013,0,815,SU,60,90,58
708-1084,V3E,23 MAY 2013,1,816,ST,88,100,70
708-1084,V3E,23 MAY 2013,2,817,ST,70,100,72
708-1084,V4,23 MAY 2013,0,815,SU,60,120,70
708-1084,V4,23 MAY 2013,1,816,ST,72,105,70
708-1084,V4,23 MAY 2013,2,817,ST,66,110,70
708-1084,V5,09 JUN 2013,0,815,SU,70,120,70
708-1084,V5,09 JUN 2013,1,816,ST,78,130,80
708-1084,V5,09 JUN 2013,2,817,ST,78,130,76
708-1084,V6,11 JUN 2013,0,815,SU,66,128,70
708-1084,V6,11 JUN 2013,1,816,ST,72,100,50
708-1084,V6,11 JUN 2013,2,817,ST,66,110,60
708-1084,V7,23 JUN 2013,0,815,SU,60,106,64
708-1084,V7,23 JUN 2013,1,816,ST,72,118,84
708-1084,V7,23 JUN 2013,2,817,ST,76,110,72
708-1084,V8,07 JUL 2013,0,815,SU,62,110,70
708-1084,V8,07 JUL 2013,1,816,ST,74,92,70
708-1084,V8,07 JUL 2013,2,817,ST,70,100,68
708-1084,V9,01 AUG 2013,0,815,SU,62,110,60
708-1084,V9,01 AUG 2013,1,816,ST,70,110,60
708-1084,V9,01 AUG 2013,2,817,ST,78,110,68
708-1087,V1,06 OCT 2012,0,815,SU,60,174,78
708-1087,V1,06 OCT 2012,1,816,ST,68,148,70
708-1087,V1,06 OCT 2012,2,817,ST,60,172,74
708-1087,V10,16 FEB 2013,0,815,SU,60,162,86
708-1087,V10,16 FEB 2013,1,816,ST,56,150,78
708-1087,V10,16 FEB 2013,2,817,ST,64,162,84
708-1087,V11,16 MAR 2013,0,815,SU,64,160,80
708-1087,V11,16 MAR 2013,1,816,ST,66,142,78
708-1087,V11,16 MAR 2013,2,817,ST,60,138,80
708-1087,V12,10 APR 2013,0,815,SU,60,160,80
708-1087,V12,10 APR 2013,1,816,ST,72,140,80
708-1087,V12,10 APR 2013,2,817,ST,72,150,82
708-1087,V13,28 APR 2013,0,815,SU,68,124,68
708-1087,V13,28 APR 2013,1,816,ST,64,134,68
708-1087,V13,28 APR 2013,2,817,ST,60,152,70
708-1087,V2,20 OCT 2012,0,815,SU,78,160,078
708-1087,V2,20 OCT 2012,1,816,ST,78,130,078
708-1087,V2,20 OCT 2012,2,817,ST,72,178,072
708-1087,V3,22 OCT 2012,0,815,SU,62,170,76
708-1087,V3,22 OCT 2012,1,816,ST,66,150,68
708-1087,V3,22 OCT 2012,2,817,ST,62,170,70
708-1087,V3E,04 NOV 2012,0,815,SU,72,138,80
708-1087,V3E,04 NOV 2012,1,816,ST,60,140,78
708-1087,V3E,04 NOV 2012,2,817,ST,72,148,80
708-1087,V4,05 NOV 2012,0,815,SU,80,168,78
708-1087,V4,05 NOV 2012,1,816,ST,82,168,70
708-1087,V4,05 NOV 2012,2,817,ST,80,164,78
708-1087,V5,20 NOV 2012,0,815,SU,78,142,72
708-1087,V5,20 NOV 2012,1,816,ST,80,140,80
708-1087,V5,20 NOV 2012,2,817,ST,82,145,78
708-1087,V7,08 DEC 2012,0,815,SU,74,150,78
708-1087,V7,08 DEC 2012,1,816,ST,66,148,74
708-1087,V7,08 DEC 2012,2,817,ST,72,148,78
708-1087,V8,22 DEC 2012,0,815,SU,60,130,80
708-1087,V8,22 DEC 2012,1,816,ST,68,130,70
708-1087,V8,22 DEC 2012,2,817,ST,60,140,90
708-1087,V9,19 JAN 2013,0,815,SU,72,160,80
708-1087,V9,19 JAN 2013,1,816,ST,84,160,80
708-1087,V9,19 JAN 2013,2,817,ST,72,160,80
708-1158,ET,22 MAR 2014,0,815,SU,88,180,90
708-1158,ET,22 MAR 2014,1,816,ST,96,150,78
708-1158,ET,22 MAR 2014,2,817,ST,98,138,80
708-1158,V1,01 FEB 2014,0,815,SU,84,208,98
708-1158,V1,01 FEB 2014,1,816,ST,104,184,92
708-1158,V1,01 FEB 2014,2,817,ST,104,182,90
708-1158,V2,06 FEB 2014,0,815,SU,84,172,68
708-1158,V2,06 FEB 2014,1,816,ST,100,158,78
708-1158,V2,06 FEB 2014,2,817,ST,96,172,88
708-1158,V3,08 FEB 2014,0,815,SU,88,142,076
708-1158,V3,08 FEB 2014,1,816,ST,104,120,070
708-1158,V3,08 FEB 2014,2,817,ST,80,144,080
708-1158,V3E,25 FEB 2014,0,815,SU,70,170,82
708-1158,V3E,25 FEB 2014,1,816,ST,68,168,80
708-1158,V3E,25 FEB 2014,2,817,ST,72,168,80
708-1158,V4,26 FEB 2014,0,815,SU,84,132,78
708-1158,V4,26 FEB 2014,1,816,ST,94,130,70
708-1158,V4,26 FEB 2014,2,817,ST,96,130,80
708-1158,V5,06 MAR 2014,0,815,SU,92,182,84
708-1158,V5,06 MAR 2014,1,816,ST,100,168,88
708-1158,V5,06 MAR 2014,2,817,ST,96,164,88
708-1158,V6,08 MAR 2014,0,815,SU,84,158,80
708-1158,V6,08 MAR 2014,1,816,ST,86,140,75
708-1158,V6,08 MAR 2014,2,817,ST,80,148,80
708-1171,V1,25 NOV 2012,0,815,SU,68,160,74
708-1171,V1,25 NOV 2012,1,816,ST,69,160,74
708-1171,V1,25 NOV 2012,2,817,ST,72,160,64
708-1171,V10,25 MAR 2013,0,815,SU,80,142,64
708-1171,V10,25 MAR 2013,1,816,ST,76,130,70
708-1171,V10,25 MAR 2013,2,817,ST,72,140,70
708-1171,V11,22 APR 2013,0,815,SU,78,140,60
708-1171,V11,22 APR 2013,1,816,ST,76,128,58
708-1171,V11,22 APR 2013,2,817,ST,78,138,60
708-1171,V12,20 MAY 2013,0,815,SU,70,140,60
708-1171,V12,20 MAY 2013,1,816,ST,64,150,60
708-1171,V12,20 MAY 2013,2,817,ST,72,150,64
708-1171,V13,04 JUN 2013,0,815,SU,72,166,74
708-1171,V13,04 JUN 2013,1,816,ST,72,158,72
708-1171,V13,04 JUN 2013,2,817,ST,80,176,78
708-1171,V2,02 DEC 2012,0,815,SU,75,170,78
708-1171,V2,02 DEC 2012,1,816,ST,80,168,70
708-1171,V2,02 DEC 2012,2,817,ST,73,170,78
708-1171,V3,06 DEC 2012,0,815,SU,80,160,70
708-1171,V3,06 DEC 2012,1,816,ST,78,150,70
708-1171,V3,06 DEC 2012,2,817,ST,80,150,70
708-1171,V3E,17 DEC 2012,0,815,SU,68,168,68
708-1171,V3E,17 DEC 2012,1,816,ST,68,172,70
708-1171,V3E,17 DEC 2012,2,817,ST,70,168,72
708-1171,V4,18 DEC 2012,0,815,SU,80,160,84
708-1171,V4,18 DEC 2012,1,816,ST,84,170,78
708-1171,V4,18 DEC 2012,2,817,ST,84,170,76
708-1171,V5,31 DEC 2012,0,815,SU,72,160,80
708-1171,V5,31 DEC 2012,1,816,ST,78,150,70
708-1171,V5,31 DEC 2012,2,817,ST,72,150,80
708-1171,V6,02 JAN 2013,0,815,SU,66,140,80
708-1171,V6,02 JAN 2013,1,816,ST,72,136,78
708-1171,V6,02 JAN 2013,2,817,ST,72,140,78
708-1171,V7,14 JAN 2013,0,815,SU,80,160,60
708-1171,V7,14 JAN 2013,1,816,ST,80,150,64
708-1171,V7,14 JAN 2013,2,817,ST,80,164,72
708-1171,V8,28 JAN 2013,0,815,SU,84,144,70
708-1171,V8,28 JAN 2013,1,816,ST,82,160,70
708-1171,V8,28 JAN 2013,2,817,ST,80,158,70
708-1171,V9,25 FEB 2013,0,815,SU,70,140,60
708-1171,V9,25 FEB 2013,1,816,ST,80,140,64
708-1171,V9,25 FEB 2013,2,817,ST,82,138,68
708-1178,ET,06 APR 2014,0,815,SU,74,150,80
708-1178,ET,06 APR 2014,1,816,ST,70,140,80
708-1178,ET,06 APR 2014,2,817,ST,76,140,76
708-1178,V1,13 DEC 2013,0,815,SU,68,158,80
708-1178,V1,13 DEC 2013,1,816,ST,64,142,90
708-1178,V1,13 DEC 2013,2,817,ST,66,140,88
708-1178,V2,19 DEC 2013,0,815,SU,72,130,80
708-1178,V2,19 DEC 2013,1,816,ST,72,140,80
708-1178,V2,19 DEC 2013,2,817,ST,74,140,78
708-1178,V3,29 DEC 2013,0,815,SU,72,142,78
708-1178,V3,29 DEC 2013,1,816,ST,68,130,78
708-1178,V3,29 DEC 2013,2,817,ST,74,134,92
708-1178,V3E,09 JAN 2014,0,815,SU,64,160,80
708-1178,V3E,09 JAN 2014,1,816,ST,70,160,70
708-1178,V3E,09 JAN 2014,2,817,ST,72,156,76
708-1178,V4,18 JAN 2014,0,815,SU,70,128,74
708-1178,V4,18 JAN 2014,1,816,ST,72,132,80
708-1178,V4,18 JAN 2014,2,817,ST,78,132,82
708-1178,V5,02 FEB 2014,0,815,SU,62,110,82
708-1178,V5,02 FEB 2014,1,816,ST,68,130,90
708-1178,V5,02 FEB 2014,2,817,ST,78,130,80
708-1178,V6,07 FEB 2014,0,815,SU,66,120,84
708-1178,V6,07 FEB 2014,1,816,ST,68,130,98
708-1178,V6,07 FEB 2014,2,817,ST,70,140,98
708-1178,V7,23 FEB 2014,0,815,SU,66,130,80
708-1178,V7,23 FEB 2014,1,816,ST,66,120,75
708-1178,V7,23 FEB 2014,2,817,ST,66,120,75
708-1178,V8,09 MAR 2014,0,815,SU,72,120,78
708-1178,V8,09 MAR 2014,1,816,ST,80,116,80
708-1178,V8,09 MAR 2014,2,817,ST,76,118,84
708-1213,ET,26 FEB 2013,0,815,SU,75,164,75
708-1213,ET,26 FEB 2013,1,816,ST,74,170,86
708-1213,ET,26 FEB 2013,2,817,ST,76,155,99
708-1213,V1,01 FEB 2013,0,815,SU,84,176,82
708-1213,V1,01 FEB 2013,1,816,ST,80,174,80
708-1213,V1,01 FEB 2013,2,817,ST,84,174,80
708-1213,V2,07 FEB 2013,0,815,SU,100,180,78
708-1213,V2,07 FEB 2013,1,816,ST,88,194,86
708-1213,V2,07 FEB 2013,2,817,ST,92,188,88
708-1213,V3,09 FEB 2013,0,815,SU,80,184,68
708-1213,V3,09 FEB 2013,1,816,ST,88,194,88
708-1213,V3,09 FEB 2013,2,817,ST,88,184,88
708-1213,V4,22 FEB 2013,0,815,SU,99,153,80
708-1213,V4,22 FEB 2013,1,816,ST,88,182,94
708-1213,V4,22 FEB 2013,2,817,ST,95,156,88
708-1216,ET,06 DEC 2012,0,815,SU,64,132,68
708-1216,ET,06 DEC 2012,1,816,ST,80,116,60
708-1216,ET,06 DEC 2012,2,817,ST,80,126,60
708-1216,V1,14 OCT 2012,0,815,SU,80,134,68
708-1216,V1,14 OCT 2012,1,816,ST,76,126,78
708-1216,V1,14 OCT 2012,2,817,ST,84,142,80
708-1216,V2,19 OCT 2012,0,815,SU,72,130,70
708-1216,V2,19 OCT 2012,1,816,ST,84,120,70
708-1216,V2,19 OCT 2012,2,817,ST,84,130,70
708-1216,V3,24 OCT 2012,0,815,SU,74,150,80
708-1216,V3,24 OCT 2012,1,816,ST,100,160,94
708-1216,V3,24 OCT 2012,2,817,ST,88,158,100
708-1216,V3E,07 NOV 2012,0,815,SU,72,160,80
708-1216,V3E,07 NOV 2012,1,816,ST,90,150,76
708-1216,V3E,07 NOV 2012,2,817,ST,78,158,70
708-1216,V4,08 NOV 2012,0,815,SU,80,140,70
708-1216,V4,08 NOV 2012,1,816,ST,90,130,70
708-1216,V4,08 NOV 2012,2,817,ST,90,130,70
708-1216,V5,22 NOV 2012,0,815,SU,72,155,80
708-1216,V5,22 NOV 2012,1,816,ST,84,150,70
708-1216,V5,22 NOV 2012,2,817,ST,78,150,70
708-1216,V6,24 NOV 2012,0,815,SU,82,130,78
708-1216,V6,24 NOV 2012,1,816,ST,96,123,70
708-1216,V6,24 NOV 2012,2,817,ST,100,146,80
708-1236,V1,08 SEP 2013,0,815,SU,90,200,110
708-1236,V1,08 SEP 2013,1,816,ST,88,200,100
708-1236,V1,08 SEP 2013,2,817,ST,90,200,100
708-1236,V2,19 SEP 2013,0,815,SU,90,180,80
708-1236,V2,19 SEP 2013,1,816,ST,92,182,80
708-1236,V2,19 SEP 2013,2,817,ST,90,178,76
708-1236,V3,21 SEP 2013,0,815,SU,98,160,64
708-1236,V3,21 SEP 2013,1,816,ST,104,160,78
708-1236,V3,21 SEP 2013,2,817,ST,88,160,84
708-1253,V1,26 APR 2013,0,815,SU,90,153,97
708-1253,V1,26 APR 2013,1,816,ST,96,148,103
708-1253,V1,26 APR 2013,2,817,ST,93,160,98
708-1253,V10,02 SEP 2013,0,815,SU,78,178,86
708-1253,V10,02 SEP 2013,1,816,ST,84,170,96
708-1253,V10,02 SEP 2013,2,817,ST,84,176,98
708-1253,V11,29 SEP 2013,0,815,SU,70,150,80
708-1253,V11,29 SEP 2013,1,816,ST,66,150,82
708-1253,V11,29 SEP 2013,2,817,ST,68,154,80
708-1253,V12,27 OCT 2013,0,815,SU,84,140,80
708-1253,V12,27 OCT 2013,1,816,ST,80,130,78
708-1253,V12,27 OCT 2013,2,817,ST,88,130,76
708-1253,V13,05 NOV 2013,0,815,SU,88,150,70
708-1253,V13,05 NOV 2013,1,816,ST,88,148,78
708-1253,V13,05 NOV 2013,2,817,ST,88,148,82
708-1253,V2,05 MAY 2013,0,815,SU,92,142,92
708-1253,V2,05 MAY 2013,1,816,ST,120,132,100
708-1253,V2,05 MAY 2013,2,817,ST,120,154,100
708-1253,V3,07 MAY 2013,0,815,SU,86,132,86
708-1253,V3,07 MAY 2013,1,816,ST,133,133,98
708-1253,V3,07 MAY 2013,2,817,ST,134,134,98
708-1253,V3E,20 MAY 2013,0,815,SU,76,140,70
708-1253,V3E,20 MAY 2013,1,816,ST,90,150,90
708-1253,V3E,20 MAY 2013,2,817,ST,90,150,100
708-1253,V4,21 MAY 2013,0,815,SU,74,130,84
708-1253,V4,21 MAY 2013,1,816,ST,80,150,90
708-1253,V4,21 MAY 2013,2,817,ST,88,128,100
708-1253,V5,07 JUN 2013,0,815,SU,88,140,90
708-1253,V5,07 JUN 2013,1,816,ST,120,134,98
708-1253,V5,07 JUN 2013,2,817,ST,120,140,98
708-1253,V6,09 JUN 2013,0,815,SU,80,140,94
708-1253,V6,09 JUN 2013,1,816,ST,122,130,100
708-1253,V6,09 JUN 2013,2,817,ST,110,130,100
708-1253,V7,25 JUN 2013,0,815,SU,66,140,80
708-1253,V7,25 JUN 2013,1,816,ST,68,138,70
708-1253,V7,25 JUN 2013,2,817,ST,70,130,72
708-1253,V8,09 JUL 2013,0,815,SU,66,140,78
708-1253,V8,09 JUL 2013,1,816,ST,66,140,80
708-1253,V8,09 JUL 2013,2,817,ST,60,138,70
708-1253,V9,05 AUG 2013,0,815,SU,82,150,90
708-1253,V9,05 AUG 2013,1,816,ST,106,140,100
708-1253,V9,05 AUG 2013,2,817,ST,106,144,104
708-1272,ET,04 APR 2013,0,815,SU,62,130,70
708-1272,ET,04 APR 2013,1,816,ST,56,120,60
708-1272,ET,04 APR 2013,2,817,ST,60,130,60
708-1272,V1,22 JAN 2013,0,815,SU,76,156,94
708-1272,V1,22 JAN 2013,1,816,ST,76,138,88
708-1272,V1,22 JAN 2013,2,817,ST,76,166,86
708-1272,V2,30 JAN 2013,0,815,SU,62,182,90
708-1272,V2,30 JAN 2013,1,816,ST,50,182,80
708-1272,V2,30 JAN 2013,2,817,ST,51,182,78
708-1272,V3,06 FEB 2013,0,815,SU,58,172,72
708-1272,V3,06 FEB 2013,1,816,ST,58,172,82
708-1272,V3,06 FEB 2013,2,817,ST,58,182,84
708-1272,V3E,19 FEB 2013,0,815,SU,52,140,70
708-1272,V3E,19 FEB 2013,1,816,ST,60,120,60
708-1272,V3E,19 FEB 2013,2,817,ST,64,160,60
708-1272,V4,21 FEB 2013,0,815,SU,52,126,80
708-1272,V4,21 FEB 2013,1,816,ST,58,130,70
708-1272,V4,21 FEB 2013,2,817,ST,52,140,80
708-1272,V5,07 MAR 2013,0,815,SU,64,154,86
708-1272,V5,07 MAR 2013,1,816,ST,48,170,80
708-1272,V5,07 MAR 2013,2,817,ST,48,160,84
708-1272,V6,09 MAR 2013,0,815,SU,60,150,70
708-1272,V6,09 MAR 2013,1,816,ST,64,144,60
708-1272,V6,09 MAR 2013,2,817,ST,60,140,68
708-1272,V7,20 MAR 2013,0,815,SU,60,150,80
708-1272,V7,20 MAR 2013,1,816,ST,62,150,80
708-1272,V7,20 MAR 2013,2,817,ST,76,162,90
708-1286,V1,25 AUG 2013,0,815,SU,80,162,79
708-1286,V1,25 AUG 2013,1,816,ST,78,158,78
708-1286,V1,25 AUG 2013,2,817,ST,78,155,76
708-1286,V10,29 DEC 2013,0,815,SU,60,140,84
708-1286,V10,29 DEC 2013,1,816,ST,60,136,80
708-1286,V10,29 DEC 2013,2,817,ST,66,190,84
708-1286,V11,01 FEB 2014,0,815,SU,60,142,74
708-1286,V11,01 FEB 2014,1,816,ST,72,146,90
708-1286,V11,01 FEB 2014,2,817,ST,76,132,90
708-1286,V12,23 FEB 2014,0,815,SU,68,126,60
708-1286,V12,23 FEB 2014,1,816,ST,64,130,68
708-1286,V12,23 FEB 2014,2,817,ST,72,130,60
708-1286,V13,08 MAR 2014,0,815,SU,80,138,80
708-1286,V13,08 MAR 2014,1,816,ST,82,134,80
708-1286,V13,08 MAR 2014,2,817,ST,80,138,82
708-1286,V2,08 SEP 2013,0,815,SU,72,130,90
708-1286,V2,08 SEP 2013,1,816,ST,72,120,80
708-1286,V2,08 SEP 2013,2,817,ST,78,120,80
708-1286,V3,10 SEP 2013,0,815,SU,62,142,72
708-1286,V3,10 SEP 2013,1,816,ST,60,128,80
708-1286,V3,10 SEP 2013,2,817,ST,62,142,80
708-1286,V3E,22 SEP 2013,0,815,SU,76,140,82
708-1286,V3E,22 SEP 2013,1,816,ST,96,118,82
708-1286,V3E,22 SEP 2013,2,817,ST,102,140,84
708-1286,V4,23 SEP 2013,0,815,SU,80,142,78
708-1286,V4,23 SEP 2013,1,816,ST,94,122,78
708-1286,V4,23 SEP 2013,2,817,ST,80,144,84
708-1286,V5,07 OCT 2013,0,815,SU,88,130,88
708-1286,V5,07 OCT 2013,1,816,ST,80,114,90
708-1286,V5,07 OCT 2013,2,817,ST,92,130,98
708-1286,V6,09 OCT 2013,0,815,SU,72,130,80
708-1286,V6,09 OCT 2013,1,816,ST,72,120,82
708-1286,V6,09 OCT 2013,2,817,ST,78,130,90
708-1286,V7,20 OCT 2013,0,815,SU,58,140,78
708-1286,V7,20 OCT 2013,1,816,ST,88,120,74
708-1286,V7,20 OCT 2013,2,817,ST,78,138,78
708-1286,V8,03 NOV 2013,0,815,SU,60,130,80
708-1286,V8,03 NOV 2013,1,816,ST,78,120,78
708-1286,V8,03 NOV 2013,2,817,ST,72,128,72
708-1286,V9,01 DEC 2013,0,815,SU,60,158,68
708-1286,V9,01 DEC 2013,1,816,ST,84,128,60
708-1286,V9,01 DEC 2013,2,817,ST,92,144,74
708-1296,V1,07 JUN 2013,0,815,SU,78,132,80
708-1296,V1,07 JUN 2013,1,816,ST,76,132,78
708-1296,V1,07 JUN 2013,2,817,ST,76,134,78
708-1296,V10,02 OCT 2013,0,815,SU,76,126,82
708-1296,V10,02 OCT 2013,1,816,ST,88,120,84
708-1296,V10,02 OCT 2013,2,817,ST,84,130,90
708-1296,V11,30 OCT 2013,0,815,SU,80,144,84
708-1296,V11,30 OCT 2013,1,816,ST,96,138,88
708-1296,V11,30 OCT 2013,2,817,ST,84,138,88
708-1296,V12,27 NOV 2013,0,815,SU,76,128,84
708-1296,V12,27 NOV 2013,1,816,ST,88,114,90
708-1296,V12,27 NOV 2013,2,817,ST,76,124,90
708-1296,V13,12 DEC 2013,0,815,SU,94,140,90
708-1296,V13,12 DEC 2013,1,816,ST,90,138,98
708-1296,V13,12 DEC 2013,2,817,ST,88,130,98
708-1296,V2,12 JUN 2013,0,815,SU,86,130,80
708-1296,V2,12 JUN 2013,1,816,ST,76,130,90
708-1296,V2,12 JUN 2013,2,817,ST,94,160,100
708-1296,V3,14 JUN 2013,0,815,SU,80,140,80
708-1296,V3,14 JUN 2013,1,816,ST,96,138,82
708-1296,V3,14 JUN 2013,2,817,ST,88,140,102
708-1296,V3E,26 JUN 2013,0,815,SU,88,140,90
708-1296,V3E,26 JUN 2013,1,816,ST,90,140,90
708-1296,V3E,26 JUN 2013,2,817,ST,94,140,98
708-1296,V4,27 JUN 2013,0,815,SU,78,130,70
708-1296,V4,27 JUN 2013,1,816,ST,82,120,70
708-1296,V4,27 JUN 2013,2,817,ST,80,130,76
708-1296,V5,10 JUL 2013,0,815,SU,84,126,84
708-1296,V5,10 JUL 2013,1,816,ST,92,130,88
708-1296,V5,10 JUL 2013,2,817,ST,96,138,88
708-1296,V6,12 JUL 2013,0,815,SU,80,122,82
708-1296,V6,12 JUL 2013,1,816,ST,88,118,82
708-1296,V6,12 JUL 2013,2,817,ST,80,120,80
708-1296,V7,24 JUL 2013,0,815,SU,66,130,80
708-1296,V7,24 JUL 2013,1,816,ST,72,120,72
708-1296,V7,24 JUL 2013,2,817,ST,72,130,80
708-1296,V8,07 AUG 2013,0,815,SU,70,140,78
708-1296,V8,07 AUG 2013,1,816,ST,80,130,76
708-1296,V8,07 AUG 2013,2,817,ST,74,130,78
708-1296,V9,04 SEP 2013,0,815,SU,76,132,88
708-1296,V9,04 SEP 2013,1,816,ST,88,136,90
708-1296,V9,04 SEP 2013,2,817,ST,80,144,98
708-1297,ET,08 MAY 2013,0,815,SU,60,146,84
708-1297,ET,08 MAY 2013,1,816,ST,68,126,80
708-1297,ET,08 MAY 2013,2,817,ST,72,136,88
708-1297,V1,15 JAN 2013,0,815,SU,64,120,78
708-1297,V1,15 JAN 2013,1,816,ST,72,120,80
708-1297,V1,15 JAN 2013,2,817,ST,68,140,82
708-1297,V2,23 JAN 2013,0,815,SU,60,120,60
708-1297,V2,23 JAN 2013,1,816,ST,70,120,64
708-1297,V2,23 JAN 2013,2,817,ST,70,126,68
708-1297,V3,25 JAN 2013,0,815,SU,62,132,80
708-1297,V3,25 JAN 2013,1,816,ST,70,120,80
708-1297,V3,25 JAN 2013,2,817,ST,68,128,80
708-1297,V3E,07 FEB 2013,0,815,SU,76,140,72
708-1297,V3E,07 FEB 2013,1,816,ST,77,120,80
708-1297,V3E,07 FEB 2013,2,817,ST,78,126,78
708-1297,V4,08 FEB 2013,0,815,SU,80,118,68
708-1297,V4,08 FEB 2013,1,816,ST,92,120,90
708-1297,V4,08 FEB 2013,2,817,ST,90,120,90
708-1297,V5,20 FEB 2013,0,815,SU,70,160,78
708-1297,V5,20 FEB 2013,1,816,ST,72,158,78
708-1297,V5,20 FEB 2013,2,817,ST,74,140,70
708-1297,V6,22 FEB 2013,0,815,SU,60,128,80
708-1297,V6,22 FEB 2013,1,816,ST,74,138,84
708-1297,V6,22 FEB 2013,2,817,ST,70,119,88
708-1297,V7,06 MAR 2013,0,815,SU,64,126,78
708-1297,V7,06 MAR 2013,1,816,ST,80,98,70
708-1297,V7,06 MAR 2013,2,817,ST,78,110,80
708-1297,V8,19 MAR 2013,0,815,SU,66,138,74
708-1297,V8,19 MAR 2013,1,816,ST,74,130,88
708-1297,V8,19 MAR 2013,2,817,ST,68,138,84
708-1297,V9,16 APR 2013,0,815,SU,72,128,80
708-1297,V9,16 APR 2013,1,816,ST,88,120,78
708-1297,V9,16 APR 2013,2,817,ST,84,120,84
708-1316,V1,15 AUG 2013,0,815,SU,76,160,78
708-1316,V1,15 AUG 2013,1,816,ST,80,150,70
708-1316,V1,15 AUG 2013,2,817,ST,80,158,70
708-1316,V10,21 DEC 2013,0,815,SU,64,130,60
708-1316,V10,21 DEC 2013,1,816,ST,74,130,64
708-1316,V10,21 DEC 2013,2,817,ST,80,130,60
708-1316,V11,18 JAN 2014,0,815,SU,88,144,72
708-1316,V11,18 JAN 2014,1,816,ST,80,130,70
708-1316,V11,18 JAN 2014,2,817,ST,80,140,72
708-1316,V12,15 FEB 2014,0,815,SU,64,132,80
708-1316,V12,15 FEB 2014,1,816,ST,76,130,84
708-1316,V12,15 FEB 2014,2,817,ST,84,134,86
708-1316,V13,01 MAR 2014,0,815,SU,68,170,74
708-1316,V13,01 MAR 2014,1,816,ST,80,130,82
708-1316,V13,01 MAR 2014,2,817,ST,90,170,90
708-1316,V2,22 AUG 2013,0,815,SU,72,148,70
708-1316,V2,22 AUG 2013,1,816,ST,72,152,65
708-1316,V2,22 AUG 2013,2,817,ST,72,140,78
708-1316,V3,23 AUG 2013,0,815,SU,72,160,80
708-1316,V3,23 AUG 2013,1,816,ST,88,160,80
708-1316,V3,23 AUG 2013,2,817,ST,72,160,80
708-1316,V4,05 SEP 2013,0,815,SU,74,150,78
708-1316,V4,05 SEP 2013,1,816,ST,84,160,80
708-1316,V4,05 SEP 2013,2,817,ST,82,160,80
708-1316,V5,22 SEP 2013,0,815,SU,76,142,66
708-1316,V5,22 SEP 2013,1,816,ST,80,142,72
708-1316,V5,22 SEP 2013,2,817,ST,88,142,70
708-1316,V7,10 OCT 2013,0,815,SU,72,142,52
708-1316,V7,10 OCT 2013,1,816,ST,92,144,80
708-1316,V7,10 OCT 2013,2,817,ST,88,154,82
708-1316,V8,25 OCT 2013,0,815,SU,72,130,70
708-1316,V8,25 OCT 2013,1,816,ST,80,140,70
708-1316,V8,25 OCT 2013,2,817,ST,80,140,70
708-1316,V9,22 NOV 2013,0,815,SU,78,130,68
708-1316,V9,22 NOV 2013,1,816,ST,80,130,66
708-1316,V9,22 NOV 2013,2,817,ST,82,126,70
708-1336,V1,21 NOV 2012,0,815,SU,68,140,70
708-1336,V1,21 NOV 2012,1,816,ST,72,140,70
708-1336,V1,21 NOV 2012,2,817,ST,70,140,68
708-1336,V10,27 MAR 2013,0,815,SU,60,140,78
708-1336,V10,27 MAR 2013,1,816,ST,64,130,80
708-1336,V10,27 MAR 2013,2,817,ST,72,130,74
708-1336,V11,23 APR 2013,0,815,SU,76,140,82
708-1336,V11,23 APR 2013,1,816,ST,88,130,80
708-1336,V11,23 APR 2013,2,817,ST,90,138,90
708-1336,V12,22 MAY 2013,0,815,SU,80,150,80
708-1336,V12,22 MAY 2013,1,816,ST,84,130,82
708-1336,V12,22 MAY 2013,2,817,ST,84,140,80
708-1336,V13,05 JUN 2013,0,815,SU,56,150,78
708-1336,V13,05 JUN 2013,1,816,ST,60,142,74
708-1336,V13,05 JUN 2013,2,817,ST,60,134,72
708-1336,V2,05 DEC 2012,0,815,SU,62,140,90
708-1336,V2,05 DEC 2012,1,816,ST,80,118,80
708-1336,V2,05 DEC 2012,2,817,ST,88,120,80
708-1336,V3,07 DEC 2012,0,815,SU,64,130,70
708-1336,V3,07 DEC 2012,1,816,ST,70,130,70
708-1336,V3,07 DEC 2012,2,817,ST,80,132,68
708-1336,V3E,20 DEC 2012,0,815,SU,64,130,70
708-1336,V3E,20 DEC 2012,1,816,ST,72,126,70
708-1336,V3E,20 DEC 2012,2,817,ST,70,130,70
708-1336,V4,21 DEC 2012,0,815,SU,70,150,80
708-1336,V4,21 DEC 2012,1,816,ST,72,140,78
708-1336,V4,21 DEC 2012,2,817,ST,78,146,80
708-1336,V5,01 JAN 2013,0,815,SU,64,154,94
708-1336,V5,01 JAN 2013,1,816,ST,68,134,90
708-1336,V5,01 JAN 2013,2,817,ST,84,128,88
708-1336,V6,03 JAN 2013,0,815,SU,80,140,70
708-1336,V6,03 JAN 2013,1,816,ST,82,130,70
708-1336,V6,03 JAN 2013,2,817,ST,80,140,76
708-1336,V7,15 JAN 2013,0,815,SU,60,140,70
708-1336,V7,15 JAN 2013,1,816,ST,72,130,70
708-1336,V7,15 JAN 2013,2,817,ST,70,130,72
708-1336,V8,29 JAN 2013,0,815,SU,60,144,78
708-1336,V8,29 JAN 2013,1,816,ST,66,140,80
708-1336,V8,29 JAN 2013,2,817,ST,68,140,80
708-1336,V9,27 FEB 2013,0,815,SU,64,130,74
708-1336,V9,27 FEB 2013,1,816,ST,84,124,84
708-1336,V9,27 FEB 2013,2,817,ST,80,124,84
708-1342,V1,21 DEC 2012,0,815,SU,80,150,88
708-1342,V1,21 DEC 2012,1,816,ST,84,140,100
708-1342,V1,21 DEC 2012,2,817,ST,100,160,90
708-1342,V10,20 APR 2013,0,815,SU,64,140,80
708-1342,V10,20 APR 2013,1,816,ST,64,146,90
708-1342,V10,20 APR 2013,2,817,ST,76,150,94
708-1342,V11,18 MAY 2013,0,815,SU,63,110,60
708-1342,V11,18 MAY 2013,1,816,ST,74,134,80
708-1342,V11,18 MAY 2013,2,817,ST,72,144,80
708-1342,V12,15 JUN 2013,0,815,SU,72,160,90
708-1342,V12,15 JUN 2013,1,816,ST,70,160,92
708-1342,V12,15 JUN 2013,2,817,ST,72,160,90
708-1342,V13,28 JUN 2013,0,815,SU,60,126,82
708-1342,V13,28 JUN 2013,1,816,ST,64,142,82
708-1342,V13,28 JUN 2013,2,817,ST,68,138,76
708-1342,V2,27 DEC 2012,0,815,SU,80,150,80
708-1342,V2,27 DEC 2012,1,816,ST,68,150,100
708-1342,V2,27 DEC 2012,2,817,ST,88,150,100
708-1342,V3,29 DEC 2012,0,815,SU,72,150,80
708-1342,V3,29 DEC 2012,1,816,ST,72,160,90
708-1342,V3,29 DEC 2012,2,817,ST,72,160,90
708-1342,V3E,11 JAN 2013,0,815,SU,72,180,88
708-1342,V3E,11 JAN 2013,1,816,ST,72,170,80
708-1342,V3E,11 JAN 2013,2,817,ST,72,170,80
708-1342,V4,12 JAN 2013,0,815,SU,80,156,88
708-1342,V4,12 JAN 2013,1,816,ST,80,152,94
708-1342,V4,12 JAN 2013,2,817,ST,80,160,90
708-1342,V5,24 JAN 2013,0,815,SU,76,152,86
708-1342,V5,24 JAN 2013,1,816,ST,80,160,98
708-1342,V5,24 JAN 2013,2,817,ST,80,158,100
708-1342,V6,26 JAN 2013,0,815,SU,66,148,80
708-1342,V6,26 JAN 2013,1,816,ST,72,148,82
708-1342,V6,26 JAN 2013,2,817,ST,66,140,78
708-1342,V7,07 FEB 2013,0,815,SU,88,127,84
708-1342,V7,07 FEB 2013,1,816,ST,100,140,100
708-1342,V7,07 FEB 2013,2,817,ST,93,142,100
708-1342,V8,23 FEB 2013,0,815,SU,64,140,80
708-1342,V8,23 FEB 2013,1,816,ST,60,140,78
708-1342,V8,23 FEB 2013,2,817,ST,72,136,78
708-1342,V9,21 MAR 2013,0,815,SU,80,120,70
708-1342,V9,21 MAR 2013,1,816,ST,88,130,74
708-1342,V9,21 MAR 2013,2,817,ST,88,140,80
708-1347,ET,18 JUN 2013,0,815,SU,84,124,80
708-1347,ET,18 JUN 2013,1,816,ST,88,140,90
708-1347,ET,18 JUN 2013,2,817,ST,88,130,84
708-1347,V1,11 APR 2013,0,815,SU,88,152,86
708-1347,V1,11 APR 2013,1,816,ST,100,164,98
708-1347,V1,11 APR 2013,2,817,ST,92,156,90
708-1347,V2,18 APR 2013,0,815,SU,80,124,76
708-1347,V2,18 APR 2013,1,816,ST,80,160,100
708-1347,V2,18 APR 2013,2,817,ST,90,160,90
708-1347,V3,20 APR 2013,0,815,SU,80,150,88
708-1347,V3,20 APR 2013,1,816,ST,94,120,80
708-1347,V3,20 APR 2013,2,817,ST,90,140,78
708-1347,V3E,03 MAY 2013,0,815,SU,69,162,90
708-1347,V3E,03 MAY 2013,1,816,ST,72,160,92
708-1347,V3E,03 MAY 2013,2,817,ST,76,162,96
708-1347,V4,04 MAY 2013,0,815,SU,82,140,80
708-1347,V4,04 MAY 2013,1,816,ST,94,142,88
708-1347,V4,04 MAY 2013,2,817,ST,88,140,92
708-1347,V5,16 MAY 2013,0,815,SU,72,110,060
708-1347,V5,16 MAY 2013,1,816,ST,70,115,062
708-1347,V5,16 MAY 2013,2,817,ST,70,112,060
708-1347,V6,18 MAY 2013,0,815,SU,76,140,82
708-1347,V6,18 MAY 2013,1,816,ST,90,140,88
708-1347,V6,18 MAY 2013,2,817,ST,88,140,88
708-1347,V7,30 MAY 2013,0,815,SU,72,118,78
708-1347,V7,30 MAY 2013,1,816,ST,76,122,80
708-1347,V7,30 MAY 2013,2,817,ST,76,126,82
708-1347,V8,13 JUN 2013,0,815,SU,78,124,70
708-1347,V8,13 JUN 2013,1,816,ST,90,120,72
708-1347,V8,13 JUN 2013,2,817,ST,84,130,70
708-1348,V1,28 JUL 2013,0,815,SU,68,158,078
708-1348,V1,28 JUL 2013,1,816,ST,84,126,076
708-1348,V1,28 JUL 2013,2,817,ST,72,146,078
708-1348,V10,01 DEC 2013,0,815,SU,62,140,72
708-1348,V10,01 DEC 2013,1,816,ST,76,130,80
708-1348,V10,01 DEC 2013,2,817,ST,74,128,82
708-1348,V11,28 DEC 2013,0,815,SU,72,138,80
708-1348,V11,28 DEC 2013,1,816,ST,76,130,72
708-1348,V11,28 DEC 2013,2,817,ST,76,128,80
708-1348,V12,03 FEB 2014,0,815,SU,66,150,76
708-1348,V12,03 FEB 2014,1,816,ST,80,126,78
708-1348,V12,03 FEB 2014,2,817,ST,72,140,80
708-1348,V13,13 FEB 2014,0,815,SU,68,134,70
708-1348,V13,13 FEB 2014,1,816,ST,88,116,60
708-1348,V13,13 FEB 2014,2,817,ST,80,130,70
708-1348,V2,03 AUG 2013,0,815,SU,,158,78
708-1348,V2,03 AUG 2013,1,816,ST,84,126,76
708-1348,V2,03 AUG 2013,2,817,ST,72,146,78
708-1348,V3,05 AUG 2013,0,815,SU,72,140,80
708-1348,V3,05 AUG 2013,1,816,ST,72,100,60
708-1348,V3,05 AUG 2013,2,817,ST,82,110,70
708-1348,V3E,18 AUG 2013,0,815,SU,84,130,76
708-1348,V3E,18 AUG 2013,1,816,ST,100,124,60
708-1348,V3E,18 AUG 2013,2,817,ST,96,140,78
708-1348,V4,19 AUG 2013,0,815,SU,86,140,92
708-1348,V4,19 AUG 2013,1,816,ST,82,120,65
708-1348,V4,19 AUG 2013,2,817,ST,84,120,70
708-1348,V5,31 AUG 2013,0,815,SU,64,180,82
708-1348,V5,31 AUG 2013,1,816,ST,72,180,88
708-1348,V5,31 AUG 2013,2,817,ST,71,168,80
708-1348,V6,02 SEP 2013,0,815,SU,72,150,70
708-1348,V6,02 SEP 2013,1,816,ST,96,120,74
708-1348,V6,02 SEP 2013,2,817,ST,100,140,80
708-1348,V7,15 SEP 2013,0,815,SU,78,132,88
708-1348,V7,15 SEP 2013,1,816,ST,76,120,90
708-1348,V7,15 SEP 2013,2,817,ST,78,130,80
708-1348,V8,06 OCT 2013,0,815,SU,72,130,86
708-1348,V8,06 OCT 2013,1,816,ST,78,128,90
708-1348,V8,06 OCT 2013,2,817,ST,72,130,78
708-1348,V9,04 NOV 2013,0,815,SU,64,140,82
708-1348,V9,04 NOV 2013,1,816,ST,78,132,80
708-1348,V9,04 NOV 2013,2,817,ST,62,134,84
708-1353,ET,10 SEP 2013,0,815,SU,66,120,60
708-1353,ET,10 SEP 2013,1,816,ST,72,100,60
708-1353,ET,10 SEP 2013,2,817,ST,66,110,60
708-1353,V1,17 JUN 2013,0,815,SU,68,142,78
708-1353,V1,17 JUN 2013,1,816,ST,84,116,74
708-1353,V1,17 JUN 2013,2,817,ST,76,132,76
708-1353,V2,02 JUL 2013,0,815,SU,70,118,70
708-1353,V2,02 JUL 2013,1,816,ST,84,100,60
708-1353,V2,02 JUL 2013,2,817,ST,84,120,70
708-1353,V3,04 JUL 2013,0,815,SU,85,106,60
708-1353,V3,04 JUL 2013,1,816,ST,90,106,66
708-1353,V3,04 JUL 2013,2,817,ST,88,108,68
708-1353,V3E,17 JUL 2013,0,815,SU,72,104,60
708-1353,V3E,17 JUL 2013,1,816,ST,80,98,60
708-1353,V3E,17 JUL 2013,2,817,ST,72,104,64
708-1353,V4,18 JUL 2013,0,815,SU,72,136,68
708-1353,V4,18 JUL 2013,1,816,ST,76,140,78
708-1353,V4,18 JUL 2013,2,817,ST,76,120,78
708-1353,V5,04 AUG 2013,0,815,SU,82,112,70
708-1353,V5,04 AUG 2013,1,816,ST,90,116,80
708-1353,V5,04 AUG 2013,2,817,ST,90,110,84
708-1353,V7,18 AUG 2013,0,815,SU,82,104,60
708-1353,V7,18 AUG 2013,1,816,ST,88,98,62
708-1353,V7,18 AUG 2013,2,817,ST,84,102,60
708-1372,ET,10 MAY 2013,0,815,SU,100,142,90
708-1372,ET,10 MAY 2013,1,816,ST,100,148,90
708-1372,ET,10 MAY 2013,2,817,ST,106,134,86
708-1372,V1,03 APR 2013,0,815,SU,85,144,80
708-1372,V1,03 APR 2013,1,816,ST,86,144,83
708-1372,V1,03 APR 2013,2,817,ST,83,147,88
708-1372,V2,10 APR 2013,0,815,SU,75,137,85
708-1372,V2,10 APR 2013,1,816,ST,79,157,84
708-1372,V2,10 APR 2013,2,817,ST,82,146,90
708-1372,V3,12 APR 2013,0,815,SU,88,160,76
708-1372,V3,12 APR 2013,1,816,ST,96,152,78
708-1372,V3,12 APR 2013,2,817,ST,100,164,90
708-1378,ET,28 JAN 2014,0,815,SU,55,100,70
708-1378,ET,28 JAN 2014,1,816,ST,64,124,64
708-1378,ET,28 JAN 2014,2,817,ST,62,90,60
708-1378,V1,24 AUG 2013,0,815,SU,68,120,78
708-1378,V1,24 AUG 2013,1,816,ST,76,90,58
708-1378,V1,24 AUG 2013,2,817,ST,80,120,80
708-1378,V10,12 JAN 2014,0,815,SU,64,110,62
708-1378,V10,12 JAN 2014,1,816,ST,68,108,80
708-1378,V10,12 JAN 2014,2,817,ST,64,116,80
708-1378,V2,01 SEP 2013,0,815,SU,64,120,78
708-1378,V2,01 SEP 2013,1,816,ST,60,120,70
708-1378,V2,01 SEP 2013,2,817,ST,68,120,70
708-1378,V3,03 SEP 2013,0,815,SU,66,122,80
708-1378,V3,03 SEP 2013,1,816,ST,72,110,76
708-1378,V3,03 SEP 2013,2,817,ST,72,112,74
708-1378,V3E,20 SEP 2013,0,815,SU,60,130,70
708-1378,V3E,20 SEP 2013,1,816,ST,62,120,70
708-1378,V3E,20 SEP 2013,2,817,ST,64,120,70
708-1378,V4,21 SEP 2013,0,815,SU,60,110,80
708-1378,V4,21 SEP 2013,1,816,ST,64,110,70
708-1378,V4,21 SEP 2013,2,817,ST,64,110,72
708-1378,V5,05 OCT 2013,0,815,SU,64,124,84
708-1378,V5,05 OCT 2013,1,816,ST,72,116,76
708-1378,V5,05 OCT 2013,2,817,ST,64,120,82
708-1378,V7,19 OCT 2013,0,815,SU,60,120,82
708-1378,V7,19 OCT 2013,1,816,ST,68,118,78
708-1378,V7,19 OCT 2013,2,817,ST,72,120,82
708-1378,V8,05 NOV 2013,0,815,SU,60,120,64
708-1378,V8,05 NOV 2013,1,816,ST,64,110,60
708-1378,V8,05 NOV 2013,2,817,ST,68,110,60
708-1378,V9,02 DEC 2013,0,815,SU,60,118,68
708-1378,V9,02 DEC 2013,1,816,ST,60,112,60
708-1378,V9,02 DEC 2013,2,817,ST,60,122,70
708-1406,V1,06 DEC 2013,0,815,SU,74,167,88
708-1406,V1,06 DEC 2013,1,816,ST,83,159,98
708-1406,V1,06 DEC 2013,2,817,ST,82,160,92
708-1406,V10,16 APR 2014,0,815,SU,84,152,78
708-1406,V10,16 APR 2014,1,816,ST,96,132,80
708-1406,V10,16 APR 2014,2,817,ST,92,130,80
708-1406,V11,16 MAY 2014,0,815,SU,96,142,64
708-1406,V11,16 MAY 2014,1,816,ST,92,152,76
708-1406,V11,16 MAY 2014,2,817,ST,92,152,84
708-1406,V12,16 JUN 2014,0,815,SU,80,164,92
708-1406,V12,16 JUN 2014,1,816,ST,92,168,94
708-1406,V12,16 JUN 2014,2,817,ST,92,172,92
708-1406,V13,02 JUL 2014,0,815,SU,80,148,78
708-1406,V13,02 JUL 2014,1,816,ST,84,130,90
708-1406,V13,02 JUL 2014,2,817,ST,88,130,78
708-1406,V2,24 DEC 2013,0,815,SU,66,122,80
708-1406,V2,24 DEC 2013,1,816,ST,72,130,90
708-1406,V2,24 DEC 2013,2,817,ST,66,130,80
708-1406,V3,26 DEC 2013,0,815,SU,78,170,88
708-1406,V3,26 DEC 2013,1,816,ST,80,170,80
708-1406,V3,26 DEC 2013,2,817,ST,78,172,80
708-1406,V3E,08 JAN 2014,0,815,SU,66,150,90
708-1406,V3E,08 JAN 2014,1,816,ST,72,140,100
708-1406,V3E,08 JAN 2014,2,817,ST,72,150,90
708-1406,V4,09 JAN 2014,0,815,SU,82,160,80
708-1406,V4,09 JAN 2014,1,816,ST,88,160,80
708-1406,V4,09 JAN 2014,2,817,ST,90,150,80
708-1406,V5,22 JAN 2014,0,815,SU,94,160,94
708-1406,V5,22 JAN 2014,1,816,ST,102,150,98
708-1406,V5,22 JAN 2014,2,817,ST,114,160,100
708-1406,V6,24 JAN 2014,0,815,SU,104,162,84
708-1406,V6,24 JAN 2014,1,816,ST,108,150,92
708-1406,V6,24 JAN 2014,2,817,ST,102,140,90
708-1406,V7,10 FEB 2014,0,815,SU,84,128,78
708-1406,V7,10 FEB 2014,1,816,ST,76,140,64
708-1406,V7,10 FEB 2014,2,817,ST,84,130,76
708-1406,V8,24 FEB 2014,0,815,SU,82,150,70
708-1406,V8,24 FEB 2014,1,816,ST,88,150,70
708-1406,V8,24 FEB 2014,2,817,ST,90,150,76
708-1406,V9,19 MAR 2014,0,815,SU,80,158,88
708-1406,V9,19 MAR 2014,1,816,ST,84,152,84
708-1406,V9,19 MAR 2014,2,817,ST,84,150,86
708-1428,ET,31 JAN 2014,0,815,SU,70,190,80
708-1428,ET,31 JAN 2014,1,816,ST,80,180,90
708-1428,ET,31 JAN 2014,2,817,ST,88,200,88
708-1428,V1,02 NOV 2013,0,815,SU,84,190,92
708-1428,V1,02 NOV 2013,1,816,ST,100,200,90
708-1428,V1,02 NOV 2013,2,817,ST,100,180,100
708-1428,V2,07 NOV 2013,0,815,SU,88,160,88
708-1428,V2,07 NOV 2013,1,816,ST,102,178,90
708-1428,V2,07 NOV 2013,2,817,ST,86,164,88
708-1428,V3,09 NOV 2013,0,815,SU,88,156,88
708-1428,V3,09 NOV 2013,1,816,ST,100,140,78
708-1428,V3,09 NOV 2013,2,817,ST,104,140,78
708-1428,V3E,22 NOV 2013,0,815,SU,72,170,85
708-1428,V3E,22 NOV 2013,1,816,ST,84,180,82
708-1428,V3E,22 NOV 2013,2,817,ST,72,182,80
708-1428,V4,23 NOV 2013,0,815,SU,72,180,90
708-1428,V4,23 NOV 2013,1,816,ST,78,170,90
708-1428,V4,23 NOV 2013,2,817,ST,78,180,90
708-1428,V5,10 DEC 2013,0,815,SU,70,160,80
708-1428,V5,10 DEC 2013,1,816,ST,78,160,82
708-1428,V5,10 DEC 2013,2,817,ST,76,160,80
708-1428,V6,12 DEC 2013,0,815,SU,72,140,70
708-1428,V6,12 DEC 2013,1,816,ST,76,180,70
708-1428,V6,12 DEC 2013,2,817,ST,88,170,76
708-1428,V7,26 DEC 2013,0,815,SU,68,190,70
708-1428,V7,26 DEC 2013,1,816,ST,76,184,78
708-1428,V7,26 DEC 2013,2,817,ST,76,200,82
709-1001,V1,20 SEP 2013,0,815,SU,66,164,88
709-1001,V1,20 SEP 2013,1,816,ST,84,174,86
709-1001,V1,20 SEP 2013,2,817,ST,75,170,90
709-1001,V10,28 JAN 2014,0,815,SU,72,152,82
709-1001,V10,28 JAN 2014,1,816,ST,78,150,84
709-1001,V10,28 JAN 2014,2,817,ST,75,150,88
709-1001,V11,25 FEB 2014,0,815,SU,72,154,82
709-1001,V11,25 FEB 2014,1,816,ST,78,150,84
709-1001,V11,25 FEB 2014,2,817,ST,75,150,88
709-1001,V12,17 MAR 2014,0,815,SU,63,150,82
709-1001,V12,17 MAR 2014,1,816,ST,75,140,82
709-1001,V12,17 MAR 2014,2,817,ST,75,150,88
709-1001,V13,08 APR 2014,0,815,SU,60,140,78
709-1001,V13,08 APR 2014,1,816,ST,75,138,86
709-1001,V13,08 APR 2014,2,817,ST,75,140,80
709-1001,V2,06 OCT 2013,0,815,SU,66,140,84
709-1001,V2,06 OCT 2013,1,816,ST,84,148,82
709-1001,V2,06 OCT 2013,2,817,ST,69,150,86
709-1001,V3,08 OCT 2013,0,815,SU,69,160,86
709-1001,V3,08 OCT 2013,1,816,ST,84,170,94
709-1001,V3,08 OCT 2013,2,817,ST,78,166,96
709-1001,V3E,21 OCT 2013,0,815,SU,60,142,82
709-1001,V3E,21 OCT 2013,1,816,ST,75,150,80
709-1001,V3E,21 OCT 2013,2,817,ST,66,140,80
709-1001,V4,22 OCT 2013,0,815,SU,64,156,78
709-1001,V4,22 OCT 2013,1,816,ST,70,146,88
709-1001,V4,22 OCT 2013,2,817,ST,78,160,94
709-1001,V5,02 NOV 2013,0,815,SU,66,150,80
709-1001,V5,02 NOV 2013,1,816,ST,90,142,76
709-1001,V5,02 NOV 2013,2,817,ST,75,150,88
709-1001,V6,04 NOV 2013,0,815,SU,60,124,82
709-1001,V6,04 NOV 2013,1,816,ST,78,150,80
709-1001,V6,04 NOV 2013,2,817,ST,78,160,88
709-1001,V7,19 NOV 2013,0,815,SU,78,142,70
709-1001,V7,19 NOV 2013,1,816,ST,96,124,68
709-1001,V7,19 NOV 2013,2,817,ST,87,150,80
709-1001,V8,03 DEC 2013,0,815,SU,66,150,80
709-1001,V8,03 DEC 2013,1,816,ST,90,142,76
709-1001,V8,03 DEC 2013,2,817,ST,75,150,88
709-1001,V9,31 DEC 2013,0,815,SU,72,134,60
709-1001,V9,31 DEC 2013,1,816,ST,87,130,72
709-1001,V9,31 DEC 2013,2,817,ST,78,132,72
709-1007,ET,01 SEP 2012,0,815,SU,54,102,72
709-1007,ET,01 SEP 2012,1,816,ST,60,118,80
709-1007,ET,01 SEP 2012,2,817,ST,66,108,70
709-1007,V1,21 JUL 2012,0,815,SU,78,120,82
709-1007,V1,21 JUL 2012,1,816,ST,81,120,84
709-1007,V1,21 JUL 2012,2,817,ST,90,124,80
709-1007,V2,29 JUL 2012,0,815,SU,86,118,88
709-1007,V2,29 JUL 2012,1,816,ST,88,120,90
709-1007,V2,29 JUL 2012,2,817,ST,94,130,86
709-1007,V3,31 JUL 2012,0,815,SU,63,120,88
709-1007,V3,31 JUL 2012,1,816,ST,75,120,80
709-1007,V3,31 JUL 2012,2,817,ST,75,118,80
709-1007,V3E,17 AUG 2012,0,815,SU,78,118,80
709-1007,V3E,17 AUG 2012,1,816,ST,87,110,70
709-1007,V3E,17 AUG 2012,2,817,ST,87,120,70
709-1007,V4,18 AUG 2012,0,815,SU,75,112,78
709-1007,V4,18 AUG 2012,1,816,ST,99,100,70
709-1007,V4,18 AUG 2012,2,817,ST,75,110,70
709-1020,V1,22 NOV 2012,0,815,SU,66,140,80
709-1020,V1,22 NOV 2012,1,816,ST,69,152,84
709-1020,V1,22 NOV 2012,2,817,ST,69,150,86
709-1020,V10,23 MAR 2013,0,815,SU,54,138,88
709-1020,V10,23 MAR 2013,1,816,ST,57,130,76
709-1020,V10,23 MAR 2013,2,817,ST,60,120,76
709-1020,V11,20 APR 2013,0,815,SU,58,128,76
709-1020,V11,20 APR 2013,1,816,ST,62,122,76
709-1020,V11,20 APR 2013,2,817,ST,60,124,76
709-1020,V12,18 MAY 2013,0,815,SU,69,150,82
709-1020,V12,18 MAY 2013,1,816,ST,63,140,80
709-1020,V12,18 MAY 2013,2,817,ST,60,120,78
709-1020,V13,01 JUN 2013,0,815,SU,66,128,80
709-1020,V13,01 JUN 2013,1,816,ST,84,118,80
709-1020,V13,01 JUN 2013,2,817,ST,75,122,80
709-1020,V2,29 NOV 2012,0,815,SU,60,128,90
709-1020,V2,29 NOV 2012,1,816,ST,81,160,90
709-1020,V2,29 NOV 2012,2,817,ST,69,168,94
709-1020,V3,01 DEC 2012,0,815,SU,60,132,88
709-1020,V3,01 DEC 2012,1,816,ST,60,150,90
709-1020,V3,01 DEC 2012,2,817,ST,66,150,92
709-1020,V4,15 DEC 2012,0,815,SU,72,168,90
709-1020,V4,15 DEC 2012,1,816,ST,75,158,90
709-1020,V4,15 DEC 2012,2,817,ST,81,154,88
709-1020,V5,27 DEC 2012,0,815,SU,69,160,98
709-1020,V5,27 DEC 2012,1,816,ST,78,148,80
709-1020,V5,27 DEC 2012,2,817,ST,78,132,82
709-1020,V7,12 JAN 2013,0,815,SU,72,130,90
709-1020,V7,12 JAN 2013,1,816,ST,69,128,80
709-1020,V7,12 JAN 2013,2,817,ST,66,126,80
709-1020,V8,26 JAN 2013,0,815,SU,66,142,80
709-1020,V8,26 JAN 2013,1,816,ST,72,130,80
709-1020,V8,26 JAN 2013,2,817,ST,72,138,82
709-1020,V9,23 FEB 2013,0,815,SU,75,142,96
709-1020,V9,23 FEB 2013,1,816,ST,81,132,86
709-1020,V9,23 FEB 2013,2,817,ST,75,140,90
709-1029,V1,10 DEC 2012,0,815,SU,58,140,80
709-1029,V1,10 DEC 2012,1,816,ST,66,122,70
709-1029,V1,10 DEC 2012,2,817,ST,63,128,80
709-1029,V10,16 APR 2013,0,815,SU,72,148,74
709-1029,V10,16 APR 2013,1,816,ST,78,130,70
709-1029,V10,16 APR 2013,2,817,ST,78,134,74
709-1029,V11,15 MAY 2013,0,815,SU,78,122,72
709-1029,V11,15 MAY 2013,1,816,ST,80,130,72
709-1029,V11,15 MAY 2013,2,817,ST,82,122,68
709-1029,V12,12 JUN 2013,0,815,SU,54,128,66
709-1029,V12,12 JUN 2013,1,816,ST,54,124,60
709-1029,V12,12 JUN 2013,2,817,ST,54,130,74
709-1029,V13,26 JUN 2013,0,815,SU,54,124,62
709-1029,V13,26 JUN 2013,1,816,ST,56,114,68
709-1029,V13,26 JUN 2013,2,817,ST,56,106,58
709-1029,V2,23 DEC 2012,0,815,SU,62,140,66
709-1029,V2,23 DEC 2012,1,816,ST,68,142,66
709-1029,V2,23 DEC 2012,2,817,ST,66,142,66
709-1029,V3,25 DEC 2012,0,815,SU,58,144,72
709-1029,V3,25 DEC 2012,1,816,ST,62,132,68
709-1029,V3,25 DEC 2012,2,817,ST,52,140,70
709-1029,V3E,08 JAN 2013,0,815,SU,76,120,72
709-1029,V3E,08 JAN 2013,1,816,ST,76,150,74
709-1029,V3E,08 JAN 2013,2,817,ST,78,140,72
709-1029,V4,09 JAN 2013,0,815,SU,68,142,70
709-1029,V4,09 JAN 2013,1,816,ST,82,130,62
709-1029,V4,09 JAN 2013,2,817,ST,80,118,66
709-1029,V5,21 JAN 2013,0,815,SU,66,124,86
709-1029,V5,21 JAN 2013,1,816,ST,72,140,90
709-1029,V5,21 JAN 2013,2,817,ST,74,134,82
709-1029,V6,23 JAN 2013,0,815,SU,60,140,70
709-1029,V6,23 JAN 2013,1,816,ST,58,128,66
709-1029,V6,23 JAN 2013,2,817,ST,58,120,70
709-1029,V7,06 FEB 2013,0,815,SU,64,140,70
709-1029,V7,06 FEB 2013,1,816,ST,66,118,78
709-1029,V7,06 FEB 2013,2,817,ST,64,130,76
709-1029,V8,19 FEB 2013,0,815,SU,78,132,72
709-1029,V8,19 FEB 2013,1,816,ST,84,148,78
709-1029,V8,19 FEB 2013,2,817,ST,78,128,74
709-1029,V9,20 MAR 2013,0,815,SU,56,130,70
709-1029,V9,20 MAR 2013,1,816,ST,74,118,70
709-1029,V9,20 MAR 2013,2,817,ST,68,126,72
709-1081,ET,10 MAY 2014,0,815,SU,62,118,62
709-1081,ET,10 MAY 2014,1,816,ST,70,120,68
709-1081,ET,10 MAY 2014,2,817,ST,70,122,60
709-1081,V1,09 JAN 2014,0,815,SU,84,132,68
709-1081,V1,09 JAN 2014,1,816,ST,87,150,70
709-1081,V1,09 JAN 2014,2,817,ST,81,138,64
709-1081,V3,18 JAN 2014,0,815,SU,68,128,60
709-1081,V3,18 JAN 2014,1,816,ST,66,138,56
709-1081,V3,18 JAN 2014,2,817,ST,66,128,60
709-1081,V3E,31 JAN 2014,0,815,SU,78,138,66
709-1081,V3E,31 JAN 2014,1,816,ST,72,150,68
709-1081,V3E,31 JAN 2014,2,817,ST,90,138,68
709-1081,V4,01 FEB 2014,0,815,SU,78,140,66
709-1081,V4,01 FEB 2014,1,816,ST,82,138,68
709-1081,V4,01 FEB 2014,2,817,ST,84,136,60
709-1081,V5,10 FEB 2014,0,815,SU,56,144,74
709-1081,V5,10 FEB 2014,1,816,ST,76,136,78
709-1081,V5,10 FEB 2014,2,817,ST,90,150,72
709-1081,V6,12 FEB 2014,0,815,SU,88,122,58
709-1081,V6,12 FEB 2014,1,816,ST,90,132,62
709-1081,V6,12 FEB 2014,2,817,ST,86,136,60
709-1081,V7,01 MAR 2014,0,815,SU,78,138,62
709-1081,V7,01 MAR 2014,1,816,ST,90,140,60
709-1081,V7,01 MAR 2014,2,817,ST,84,134,64
709-1081,V8,15 MAR 2014,0,815,SU,88,124,74
709-1081,V8,15 MAR 2014,1,816,ST,90,126,66
709-1081,V8,15 MAR 2014,2,817,ST,90,128,80
709-1081,V9,21 APR 2014,0,815,SU,60,120,68
709-1081,V9,21 APR 2014,1,816,ST,82,130,50
709-1081,V9,21 APR 2014,2,817,ST,76,130,50
709-1088,V1,30 MAR 2014,0,815,SU,63,124,80
709-1088,V1,30 MAR 2014,1,816,ST,69,114,74
709-1088,V1,30 MAR 2014,2,817,ST,75,114,78
709-1088,V10,02 AUG 2014,0,815,SU,60,130,70
709-1088,V10,02 AUG 2014,1,816,ST,72,120,80
709-1088,V10,02 AUG 2014,2,817,ST,69,124,84
709-1088,V11,23 AUG 2014,0,815,SU,63,140,78
709-1088,V11,23 AUG 2014,1,816,ST,69,118,84
709-1088,V11,23 AUG 2014,2,817,ST,72,124,86
709-1088,V12,27 SEP 2014,0,815,SU,63,128,80
709-1088,V12,27 SEP 2014,1,816,ST,72,122,78
709-1088,V12,27 SEP 2014,2,817,ST,66,116,80
709-1088,V13,09 OCT 2014,0,815,SU,63,124,78
709-1088,V13,09 OCT 2014,1,816,ST,69,118,80
709-1088,V13,09 OCT 2014,2,817,ST,72,114,72
709-1088,V2,10 APR 2014,0,815,SU,66,140,72
709-1088,V2,10 APR 2014,1,816,ST,81,120,80
709-1088,V2,10 APR 2014,2,817,ST,81,122,78
709-1088,V3,12 APR 2014,0,815,SU,78,130,72
709-1088,V3,12 APR 2014,1,816,ST,63,120,76
709-1088,V3,12 APR 2014,2,817,ST,60,120,80
709-1088,V3E,25 APR 2014,0,815,SU,66,130,82
709-1088,V3E,25 APR 2014,1,816,ST,72,120,80
709-1088,V3E,25 APR 2014,2,817,ST,75,124,72
709-1088,V4,26 APR 2014,0,815,SU,57,128,80
709-1088,V4,26 APR 2014,1,816,ST,66,118,70
709-1088,V4,26 APR 2014,2,817,ST,69,112,76
709-1088,V5,08 MAY 2014,0,815,SU,60,134,78
709-1088,V5,08 MAY 2014,1,816,ST,66,120,78
709-1088,V5,08 MAY 2014,2,817,ST,66,120,80
709-1088,V6,10 MAY 2014,0,815,SU,60,130,78
709-1088,V6,10 MAY 2014,1,816,ST,63,120,80
709-1088,V6,10 MAY 2014,2,817,ST,69,116,78
709-1088,V7,22 MAY 2014,0,815,SU,66,120,80
709-1088,V7,22 MAY 2014,1,816,ST,69,110,78
709-1088,V7,22 MAY 2014,2,817,ST,72,114,80
709-1088,V8,01 JUN 2014,0,815,SU,75,138,84
709-1088,V8,01 JUN 2014,1,816,ST,72,130,80
709-1088,V8,01 JUN 2014,2,817,ST,75,130,84
709-1088,V9,29 JUN 2014,0,815,SU,63,132,74
709-1088,V9,29 JUN 2014,1,816,ST,72,110,80
709-1088,V9,29 JUN 2014,2,817,ST,72,128,82
709-1099,V1,14 OCT 2013,0,815,SU,78,150,82
709-1099,V1,14 OCT 2013,1,816,ST,84,148,80
709-1099,V1,14 OCT 2013,2,817,ST,75,130,82
709-1099,V10,14 FEB 2014,0,815,SU,78,142,78
709-1099,V10,14 FEB 2014,1,816,ST,84,128,76
709-1099,V10,14 FEB 2014,2,817,ST,81,120,74
709-1099,V11,14 MAR 2014,0,815,SU,75,110,70
709-1099,V11,14 MAR 2014,1,816,ST,81,118,70
709-1099,V11,14 MAR 2014,2,817,ST,81,114,72
709-1099,V12,11 APR 2014,0,815,SU,63,130,80
709-1099,V12,11 APR 2014,1,816,ST,66,140,80
709-1099,V12,11 APR 2014,2,817,ST,69,120,90
709-1099,V13,25 APR 2014,0,815,SU,69,108,70
709-1099,V13,25 APR 2014,1,816,ST,75,110,72
709-1099,V13,25 APR 2014,2,817,ST,72,112,80
709-1099,V2,23 OCT 2013,0,815,SU,50,130,78
709-1099,V2,23 OCT 2013,1,816,ST,84,142,92
709-1099,V2,23 OCT 2013,2,817,ST,80,128,80
709-1099,V3,25 OCT 2013,0,815,SU,63,140,80
709-1099,V3,25 OCT 2013,1,816,ST,78,130,90
709-1099,V3,25 OCT 2013,2,817,ST,72,140,88
709-1099,V3E,11 NOV 2013,0,815,SU,84,132,80
709-1099,V3E,11 NOV 2013,1,816,ST,90,120,74
709-1099,V3E,11 NOV 2013,2,817,ST,90,132,74
709-1099,V4,12 NOV 2013,0,815,SU,78,128,80
709-1099,V4,12 NOV 2013,1,816,ST,78,130,90
709-1099,V4,12 NOV 2013,2,817,ST,75,128,84
709-1099,V5,27 NOV 2013,0,815,SU,69,138,82
709-1099,V5,27 NOV 2013,1,816,ST,87,130,80
709-1099,V5,27 NOV 2013,2,817,ST,78,132,80
709-1099,V6,29 NOV 2013,0,815,SU,69,120,80
709-1099,V6,29 NOV 2013,1,816,ST,75,120,80
709-1099,V6,29 NOV 2013,2,817,ST,78,128,80
709-1099,V7,11 DEC 2013,0,815,SU,69,120,70
709-1099,V7,11 DEC 2013,1,816,ST,78,128,70
709-1099,V7,11 DEC 2013,2,817,ST,78,120,68
709-1099,V8,26 DEC 2013,0,815,SU,75,140,82
709-1099,V8,26 DEC 2013,1,816,ST,75,144,90
709-1099,V8,26 DEC 2013,2,817,ST,78,136,88
709-1099,V9,20 JAN 2014,0,815,SU,84,130,82
709-1099,V9,20 JAN 2014,1,816,ST,87,120,80
709-1099,V9,20 JAN 2014,2,817,ST,81,132,74
709-1102,ET,31 MAR 2013,0,815,SU,60,120,68
709-1102,ET,31 MAR 2013,1,816,ST,90,120,74
709-1102,ET,31 MAR 2013,2,817,ST,69,128,68
709-1102,V1,07 JAN 2013,0,815,SU,72,138,82
709-1102,V1,07 JAN 2013,1,816,ST,60,140,70
709-1102,V1,07 JAN 2013,2,817,ST,63,148,78
709-1102,V2,13 JAN 2013,0,815,SU,75,126,72
709-1102,V2,13 JAN 2013,1,816,ST,78,110,54
709-1102,V2,13 JAN 2013,2,817,ST,87,118,74
709-1102,V3,15 JAN 2013,0,815,SU,75,126,72
709-1102,V3,15 JAN 2013,1,816,ST,78,110,54
709-1102,V3,15 JAN 2013,2,817,ST,87,118,74
709-1102,V3E,30 JAN 2013,0,815,SU,75,150,86
709-1102,V3E,30 JAN 2013,1,816,ST,81,130,80
709-1102,V3E,30 JAN 2013,2,817,ST,81,124,78
709-1102,V4,31 JAN 2013,0,815,SU,69,130,70
709-1102,V4,31 JAN 2013,1,816,ST,60,124,78
709-1102,V4,31 JAN 2013,2,817,ST,75,130,74
709-1102,V5,11 FEB 2013,0,815,SU,72,124,80
709-1102,V5,11 FEB 2013,1,816,ST,66,124,82
709-1102,V5,11 FEB 2013,2,817,ST,63,132,88
709-1102,V6,13 FEB 2013,0,815,SU,82,128,82
709-1102,V6,13 FEB 2013,1,816,ST,94,116,68
709-1102,V6,13 FEB 2013,2,817,ST,80,122,68
709-1102,V7,27 FEB 2013,0,815,SU,75,130,80
709-1102,V7,27 FEB 2013,1,816,ST,78,124,80
709-1102,V7,27 FEB 2013,2,817,ST,69,138,80
709-1102,V8,12 MAR 2013,0,815,SU,75,140,84
709-1102,V8,12 MAR 2013,1,816,ST,81,134,80
709-1102,V8,12 MAR 2013,2,817,ST,68,130,78
709-1168,ET,27 SEP 2013,0,815,SU,56,144,76
709-1168,ET,27 SEP 2013,1,816,ST,68,112,84
709-1168,ET,27 SEP 2013,2,817,ST,64,126,88
709-1168,V1,25 JUL 2013,0,815,SU,62,140,84
709-1168,V1,25 JUL 2013,1,816,ST,70,132,78
709-1168,V1,25 JUL 2013,2,817,ST,60,140,88
709-1168,V2,31 JUL 2013,0,815,SU,74,134,86
709-1168,V2,31 JUL 2013,1,816,ST,74,110,72
709-1168,V2,31 JUL 2013,2,817,ST,80,118,80
709-1168,V3,02 AUG 2013,0,815,SU,64,140,84
709-1168,V3,02 AUG 2013,1,816,ST,74,140,82
709-1168,V3,02 AUG 2013,2,817,ST,70,122,80
709-1168,V3E,16 AUG 2013,0,815,SU,82,150,82
709-1168,V3E,16 AUG 2013,1,816,ST,92,130,74
709-1168,V3E,16 AUG 2013,2,817,ST,82,130,70
709-1168,V4,17 AUG 2013,0,815,SU,73,140,74
709-1168,V4,17 AUG 2013,1,816,ST,76,138,68
709-1168,V4,17 AUG 2013,2,817,ST,82,128,68
709-1168,V5,30 AUG 2013,0,815,SU,60,140,76
709-1168,V5,30 AUG 2013,1,816,ST,92,150,82
709-1168,V5,30 AUG 2013,2,817,ST,76,130,80
709-1168,V7,13 SEP 2013,0,815,SU,70,140,84
709-1168,V7,13 SEP 2013,1,816,ST,80,118,84
709-1168,V7,13 SEP 2013,2,817,ST,82,132,78
709-1217,ET,25 JUN 2013,0,815,SU,51,130,64
709-1217,ET,25 JUN 2013,1,816,ST,66,130,70
709-1217,ET,25 JUN 2013,2,817,ST,57,118,60
709-1217,V1,16 FEB 2013,0,815,SU,54,132,68
709-1217,V1,16 FEB 2013,1,816,ST,60,122,68
709-1217,V1,16 FEB 2013,2,817,ST,60,134,62
709-1217,V2,02 MAR 2013,0,815,SU,57,146,68
709-1217,V2,02 MAR 2013,1,816,ST,66,138,70
709-1217,V2,02 MAR 2013,2,817,ST,63,142,74
709-1217,V3,04 MAR 2013,0,815,SU,54,130,68
709-1217,V3,04 MAR 2013,1,816,ST,60,128,72
709-1217,V3,04 MAR 2013,2,817,ST,60,124,70
709-1217,V3E,18 MAR 2013,0,815,SU,57,122,70
709-1217,V3E,18 MAR 2013,1,816,ST,66,150,72
709-1217,V3E,18 MAR 2013,2,817,ST,60,152,80
709-1217,V4,19 MAR 2013,0,815,SU,54,132,68
709-1217,V4,19 MAR 2013,1,816,ST,69,130,70
709-1217,V4,19 MAR 2013,2,817,ST,72,128,70
709-1217,V5,30 MAR 2013,0,815,SU,57,130,70
709-1217,V5,30 MAR 2013,1,816,ST,66,132,70
709-1217,V5,30 MAR 2013,2,817,ST,60,130,70
709-1217,V6,01 APR 2013,0,815,SU,60,120,70
709-1217,V6,01 APR 2013,1,816,ST,63,120,80
709-1217,V6,01 APR 2013,2,817,ST,57,110,70
709-1217,V7,13 APR 2013,0,815,SU,60,120,74
709-1217,V7,13 APR 2013,1,816,ST,66,122,72
709-1217,V7,13 APR 2013,2,817,ST,63,124,70
709-1217,V8,29 APR 2013,0,815,SU,51,140,60
709-1217,V8,29 APR 2013,1,816,ST,57,142,60
709-1217,V8,29 APR 2013,2,817,ST,54,134,64
709-1217,V9,25 MAY 2013,0,815,SU,72,122,62
709-1217,V9,25 MAY 2013,1,816,ST,78,110,64
709-1217,V9,25 MAY 2013,2,817,ST,81,122,64
709-1238,ET,07 AUG 2013,0,815,SU,80,128,74
709-1238,ET,07 AUG 2013,1,816,ST,98,120,76
709-1238,ET,07 AUG 2013,2,817,ST,90,118,74
709-1238,V1,02 MAY 2013,0,815,SU,62,136,88
709-1238,V1,02 MAY 2013,1,816,ST,72,136,92
709-1238,V1,02 MAY 2013,2,817,ST,74,140,84
709-1238,V2,13 MAY 2013,0,815,SU,76,142,88
709-1238,V2,13 MAY 2013,1,816,ST,96,150,94
709-1238,V2,13 MAY 2013,2,817,ST,86,134,90
709-1238,V3,15 MAY 2013,0,815,SU,78,138,78
709-1238,V3,15 MAY 2013,1,816,ST,92,128,90
709-1238,V3,15 MAY 2013,2,817,ST,90,138,90
709-1238,V3E,28 MAY 2013,0,815,SU,86,142,78
709-1238,V3E,28 MAY 2013,1,816,ST,98,150,82
709-1238,V3E,28 MAY 2013,2,817,ST,98,142,82
709-1238,V4,29 MAY 2013,0,815,SU,96,140,90
709-1238,V4,29 MAY 2013,1,816,ST,102,136,72
709-1238,V4,29 MAY 2013,2,817,ST,100,124,86
709-1238,V5,19 JUN 2013,0,815,SU,90,130,80
709-1238,V5,19 JUN 2013,1,816,ST,98,146,84
709-1238,V5,19 JUN 2013,2,817,ST,94,140,82
709-1238,V7,26 JUN 2013,0,815,SU,80,122,76
709-1238,V7,26 JUN 2013,1,816,ST,82,122,70
709-1238,V7,26 JUN 2013,2,817,ST,82,110,70
709-1238,V8,02 JUL 2013,0,815,SU,87,138,80
709-1238,V8,02 JUL 2013,1,816,ST,94,136,72
709-1238,V8,02 JUL 2013,2,817,ST,88,132,72
709-1259,ET,13 JUN 2013,0,815,SU,54,100,68
709-1259,ET,13 JUN 2013,1,816,ST,63,98,60
709-1259,ET,13 JUN 2013,2,817,ST,60,100,62
709-1259,V1,13 JAN 2013,0,815,SU,56,110,68
709-1259,V1,13 JAN 2013,1,816,ST,70,108,64
709-1259,V1,13 JAN 2013,2,817,ST,60,108,64
709-1259,V10,11 MAY 2013,0,815,SU,57,100,68
709-1259,V10,11 MAY 2013,1,816,ST,69,100,54
709-1259,V10,11 MAY 2013,2,817,ST,60,102,64
709-1259,V2,24 JAN 2013,0,815,SU,56,108,66
709-1259,V2,24 JAN 2013,1,816,ST,68,100,62
709-1259,V2,24 JAN 2013,2,817,ST,70,110,68
709-1259,V3,26 JAN 2013,0,815,SU,60,100,68
709-1259,V3,26 JAN 2013,1,816,ST,69,110,62
709-1259,V3,26 JAN 2013,2,817,ST,60,108,64
709-1259,V3E,09 FEB 2013,0,815,SU,57,110,58
709-1259,V3E,09 FEB 2013,1,816,ST,66,100,60
709-1259,V3E,09 FEB 2013,2,817,ST,63,98,60
709-1259,V4,10 FEB 2013,0,815,SU,51,110,64
709-1259,V4,10 FEB 2013,1,816,ST,60,120,64
709-1259,V4,10 FEB 2013,2,817,ST,57,108,60
709-1259,V5,22 FEB 2013,0,815,SU,60,94,60
709-1259,V5,22 FEB 2013,1,816,ST,64,98,56
709-1259,V5,22 FEB 2013,2,817,ST,60,102,60
709-1259,V6,24 FEB 2013,0,815,SU,60,112,68
709-1259,V6,24 FEB 2013,1,816,ST,66,104,64
709-1259,V6,24 FEB 2013,2,817,ST,57,116,62
709-1259,V7,08 MAR 2013,0,815,SU,56,104,68
709-1259,V7,08 MAR 2013,1,816,ST,70,102,62
709-1259,V7,08 MAR 2013,2,817,ST,66,120,70
709-1259,V8,23 MAR 2013,0,815,SU,60,124,70
709-1259,V8,23 MAR 2013,1,816,ST,69,120,68
709-1259,V8,23 MAR 2013,2,817,ST,60,110,64
709-1259,V9,20 APR 2013,0,815,SU,60,100,60
709-1259,V9,20 APR 2013,1,816,ST,90,80,60
709-1259,V9,20 APR 2013,2,817,ST,75,78,60
709-1285,ET,31 MAY 2013,0,815,SU,48,150,68
709-1285,ET,31 MAY 2013,1,816,ST,54,170,70
709-1285,ET,31 MAY 2013,2,817,ST,54,170,80
709-1285,V1,17 MAR 2013,0,815,SU,75,150,70
709-1285,V1,17 MAR 2013,1,816,ST,80,170,85
709-1285,V1,17 MAR 2013,2,817,ST,80,155,85
709-1285,V2,22 MAR 2013,0,815,SU,75,150,70
709-1285,V2,22 MAR 2013,1,816,ST,80,170,85
709-1285,V2,22 MAR 2013,2,817,ST,80,155,85
709-1285,V3,24 MAR 2013,0,815,SU,57,158,72
709-1285,V3,24 MAR 2013,1,816,ST,60,140,88
709-1285,V3,24 MAR 2013,2,817,ST,60,160,82
709-1285,V3E,07 APR 2013,0,815,SU,54,160,74
709-1285,V3E,07 APR 2013,1,816,ST,69,160,80
709-1285,V3E,07 APR 2013,2,817,ST,63,150,82
709-1285,V4,08 APR 2013,0,815,SU,60,150,72
709-1285,V4,08 APR 2013,1,816,ST,72,148,80
709-1285,V4,08 APR 2013,2,817,ST,69,152,78
709-1285,V5,19 APR 2013,0,815,SU,66,160,70
709-1285,V5,19 APR 2013,1,816,ST,75,160,80
709-1285,V5,19 APR 2013,2,817,ST,69,170,82
709-1285,V6,21 APR 2013,0,815,SU,62,160,78
709-1285,V6,21 APR 2013,1,816,ST,68,172,84
709-1285,V6,21 APR 2013,2,817,ST,66,176,88
709-1285,V7,03 MAY 2013,0,815,SU,60,160,70
709-1285,V7,03 MAY 2013,1,816,ST,57,170,80
709-1285,V7,03 MAY 2013,2,817,ST,57,164,80
709-1285,V8,19 MAY 2013,0,815,SU,64,130,68
709-1285,V8,19 MAY 2013,1,816,ST,60,140,70
709-1285,V8,19 MAY 2013,2,817,ST,60,150,80
709-1301,V1,14 JUL 2013,0,815,SU,80,124,82
709-1301,V1,14 JUL 2013,1,816,ST,88,138,82
709-1301,V1,14 JUL 2013,2,817,ST,90,124,72
709-1301,V10,08 NOV 2013,0,815,SU,87,140,82
709-1301,V10,08 NOV 2013,1,816,ST,87,124,80
709-1301,V10,08 NOV 2013,2,817,ST,90,150,80
709-1301,V11,06 DEC 2013,0,815,SU,88,132,70
709-1301,V11,06 DEC 2013,1,816,ST,80,124,72
709-1301,V11,06 DEC 2013,2,817,ST,82,120,72
709-1301,V12,04 JAN 2014,0,815,SU,76,130,78
709-1301,V12,04 JAN 2014,1,816,ST,82,114,80
709-1301,V12,04 JAN 2014,2,817,ST,80,130,80
709-1301,V13,17 JAN 2014,0,815,SU,92,146,88
709-1301,V13,17 JAN 2014,1,816,ST,90,136,82
709-1301,V13,17 JAN 2014,2,817,ST,86,122,84
709-1301,V3,19 JUL 2013,0,815,SU,100,140,88
709-1301,V3,19 JUL 2013,1,816,ST,112,120,88
709-1301,V3,19 JUL 2013,2,817,ST,110,128,80
709-1301,V3E,01 AUG 2013,0,815,SU,81,140,80
709-1301,V3E,01 AUG 2013,1,816,ST,101,120,80
709-1301,V3E,01 AUG 2013,2,817,ST,93,140,78
709-1301,V4,02 AUG 2013,0,815,SU,70,128,88
709-1301,V4,02 AUG 2013,1,816,ST,92,138,86
709-1301,V4,02 AUG 2013,2,817,ST,78,138,82
709-1301,V5,11 AUG 2013,0,815,SU,92,130,78
709-1301,V5,11 AUG 2013,1,816,ST,94,138,76
709-1301,V5,11 AUG 2013,2,817,ST,92,132,76
709-1301,V6,13 AUG 2013,0,815,SU,80,120,80
709-1301,V6,13 AUG 2013,1,816,ST,86,118,90
709-1301,V6,13 AUG 2013,2,817,ST,96,120,88
709-1301,V7,30 AUG 2013,0,815,SU,70,134,94
709-1301,V7,30 AUG 2013,1,816,ST,97,130,80
709-1301,V7,30 AUG 2013,2,817,ST,88,128,80
709-1301,V8,13 SEP 2013,0,815,SU,90,130,92
709-1301,V8,13 SEP 2013,1,816,ST,102,142,88
709-1301,V8,13 SEP 2013,2,817,ST,102,140,84
709-1301,V9,13 OCT 2013,0,815,SU,90,120,78
709-1301,V9,13 OCT 2013,1,816,ST,100,120,78
709-1301,V9,13 OCT 2013,2,817,ST,88,122,70
709-1306,ET,25 JUN 2014,0,815,SU,66,120,80
709-1306,ET,25 JUN 2014,1,816,ST,84,118,70
709-1306,ET,25 JUN 2014,2,817,ST,87,120,84
709-1306,V1,19 JAN 2014,0,815,SU,78,148,80
709-1306,V1,19 JAN 2014,1,816,ST,93,130,80
709-1306,V1,19 JAN 2014,2,817,ST,93,130,82
709-1306,V10,28 MAY 2014,0,815,SU,84,130,82
709-1306,V10,28 MAY 2014,1,816,ST,90,122,80
709-1306,V10,28 MAY 2014,2,817,ST,84,120,80
709-1306,V2,01 FEB 2014,0,815,SU,72,120,80
709-1306,V2,01 FEB 2014,1,816,ST,99,108,80
709-1306,V2,01 FEB 2014,2,817,ST,90,110,78
709-1306,V3,03 FEB 2014,0,815,SU,84,140,86
709-1306,V3,03 FEB 2014,1,816,ST,100,130,94
709-1306,V3,03 FEB 2014,2,817,ST,100,130,84
709-1306,V3E,18 FEB 2014,0,815,SU,78,140,80
709-1306,V3E,18 FEB 2014,1,816,ST,90,132,82
709-1306,V3E,18 FEB 2014,2,817,ST,84,124,76
709-1306,V4,19 FEB 2014,0,815,SU,75,130,74
709-1306,V4,19 FEB 2014,1,816,ST,90,110,70
709-1306,V4,19 FEB 2014,2,817,ST,96,112,80
709-1306,V5,02 MAR 2014,0,815,SU,72,130,82
709-1306,V5,02 MAR 2014,1,816,ST,81,130,90
709-1306,V5,02 MAR 2014,2,817,ST,78,138,90
709-1306,V6,04 MAR 2014,0,815,SU,81,138,90
709-1306,V6,04 MAR 2014,1,816,ST,96,160,92
709-1306,V6,04 MAR 2014,2,817,ST,93,150,90
709-1306,V7,19 MAR 2014,0,815,SU,90,120,80
709-1306,V7,19 MAR 2014,1,816,ST,72,130,80
709-1306,V7,19 MAR 2014,2,817,ST,96,130,78
709-1306,V8,02 APR 2014,0,815,SU,75,130,84
709-1306,V8,02 APR 2014,1,816,ST,87,140,80
709-1306,V8,02 APR 2014,2,817,ST,75,128,82
709-1306,V9,30 APR 2014,0,815,SU,75,140,80
709-1306,V9,30 APR 2014,1,816,ST,94,120,80
709-1306,V9,30 APR 2014,2,817,ST,90,140,82
709-1309,V1,09 JUN 2013,0,815,SU,51,130,80
709-1309,V1,09 JUN 2013,1,816,ST,69,124,88
709-1309,V1,09 JUN 2013,2,817,ST,66,130,80
709-1309,V10,16 OCT 2013,0,815,SU,51,120,76
709-1309,V10,16 OCT 2013,1,816,ST,60,122,82
709-1309,V10,16 OCT 2013,2,817,ST,69,118,80
709-1309,V11,07 NOV 2013,0,815,SU,60,118,78
709-1309,V11,07 NOV 2013,1,816,ST,75,122,82
709-1309,V11,07 NOV 2013,2,817,ST,78,120,80
709-1309,V12,05 DEC 2013,0,815,SU,66,110,60
709-1309,V12,05 DEC 2013,1,816,ST,81,108,68
709-1309,V12,05 DEC 2013,2,817,ST,75,120,70
709-1309,V13,19 DEC 2013,0,815,SU,66,110,74
709-1309,V13,19 DEC 2013,1,816,ST,72,126,84
709-1309,V13,19 DEC 2013,2,817,ST,87,124,80
709-1309,V2,17 JUN 2013,0,815,SU,60,130,78
709-1309,V2,17 JUN 2013,1,816,ST,75,120,84
709-1309,V2,17 JUN 2013,2,817,ST,69,120,80
709-1309,V3,19 JUN 2013,0,815,SU,72,110,80
709-1309,V3,19 JUN 2013,1,816,ST,75,128,80
709-1309,V3,19 JUN 2013,2,817,ST,81,110,84
709-1309,V3E,30 JUN 2013,0,815,SU,60,130,80
709-1309,V3E,30 JUN 2013,1,816,ST,75,132,90
709-1309,V3E,30 JUN 2013,2,817,ST,72,118,90
709-1309,V4,01 JUL 2013,0,815,SU,60,130,80
709-1309,V4,01 JUL 2013,1,816,ST,84,128,90
709-1309,V4,01 JUL 2013,2,817,ST,81,134,90
709-1309,V5,16 JUL 2013,0,815,SU,75,126,82
709-1309,V5,16 JUL 2013,1,816,ST,87,122,80
709-1309,V5,16 JUL 2013,2,817,ST,90,120,82
709-1309,V6,18 JUL 2013,0,815,SU,63,128,88
709-1309,V6,18 JUL 2013,1,816,ST,72,120,84
709-1309,V6,18 JUL 2013,2,817,ST,75,130,94
709-1309,V7,31 JUL 2013,0,815,SU,75,128,90
709-1309,V7,31 JUL 2013,1,816,ST,93,124,90
709-1309,V7,31 JUL 2013,2,817,ST,90,124,90
709-1309,V8,15 AUG 2013,0,815,SU,60,110,84
709-1309,V8,15 AUG 2013,1,816,ST,72,120,90
709-1309,V8,15 AUG 2013,2,817,ST,69,122,90
709-1309,V9,11 SEP 2013,0,815,SU,75,130,78
709-1309,V9,11 SEP 2013,1,816,ST,87,128,82
709-1309,V9,11 SEP 2013,2,817,ST,81,134,80
709-1312,V1,13 APR 2014,0,815,SU,66,166,92
709-1312,V1,13 APR 2014,1,816,ST,75,160,95
709-1312,V1,13 APR 2014,2,817,ST,69,152,90
709-1312,V10,10 AUG 2014,0,815,SU,51,150,78
709-1312,V10,10 AUG 2014,1,816,ST,60,130,74
709-1312,V10,10 AUG 2014,2,817,ST,60,130,80
709-1312,V11,07 SEP 2014,0,815,SU,60,134,80
709-1312,V11,07 SEP 2014,1,816,ST,54,120,72
709-1312,V11,07 SEP 2014,2,817,ST,60,130,78
709-1312,V12,05 OCT 2014,0,815,SU,63,140,78
709-1312,V12,05 OCT 2014,1,816,ST,75,132,76
709-1312,V12,05 OCT 2014,2,817,ST,60,150,80
709-1312,V13,19 OCT 2014,0,815,SU,60,120,72
709-1312,V13,19 OCT 2014,1,816,ST,69,118,70
709-1312,V13,19 OCT 2014,2,817,ST,63,120,80
709-1312,V3,20 APR 2014,0,815,SU,66,150,90
709-1312,V3,20 APR 2014,1,816,ST,66,148,82
709-1312,V3,20 APR 2014,2,817,ST,69,130,84
709-1312,V4,10 MAY 2014,0,815,SU,60,128,74
709-1312,V4,10 MAY 2014,1,816,ST,69,110,60
709-1312,V4,10 MAY 2014,2,817,ST,63,108,70
709-1312,V5,17 MAY 2014,0,815,SU,66,126,78
709-1312,V5,17 MAY 2014,1,816,ST,81,100,64
709-1312,V5,17 MAY 2014,2,817,ST,78,110,70
709-1312,V6,19 MAY 2014,0,815,SU,63,150,80
709-1312,V6,19 MAY 2014,1,816,ST,66,134,80
709-1312,V6,19 MAY 2014,2,817,ST,72,136,78
709-1312,V7,02 JUN 2014,0,815,SU,60,140,72
709-1312,V7,02 JUN 2014,1,816,ST,69,142,84
709-1312,V7,02 JUN 2014,2,817,ST,63,140,82
709-1312,V8,13 JUN 2014,0,815,SU,63,130,74
709-1312,V8,13 JUN 2014,1,816,ST,72,108,70
709-1312,V8,13 JUN 2014,2,817,ST,72,120,80
709-1312,V9,13 JUL 2014,0,815,SU,54,120,72
709-1312,V9,13 JUL 2014,1,816,ST,63,114,68
709-1312,V9,13 JUL 2014,2,817,ST,57,118,72
709-1326,V1,21 MAR 2013,0,815,SU,69,150,84
709-1326,V1,21 MAR 2013,1,816,ST,74,148,90
709-1326,V1,21 MAR 2013,2,817,ST,74,160,90
709-1326,V10,26 JUL 2013,0,815,SU,75,156,92
709-1326,V10,26 JUL 2013,1,816,ST,84,160,98
709-1326,V10,26 JUL 2013,2,817,ST,78,166,90
709-1326,V11,21 AUG 2013,0,815,SU,66,156,90
709-1326,V11,21 AUG 2013,1,816,ST,75,160,98
709-1326,V11,21 AUG 2013,2,817,ST,72,150,90
709-1326,V12,20 SEP 2013,0,815,SU,90,150,90
709-1326,V12,20 SEP 2013,1,816,ST,81,140,98
709-1326,V12,20 SEP 2013,2,817,ST,72,142,98
709-1326,V13,02 OCT 2013,0,815,SU,72,150,80
709-1326,V13,02 OCT 2013,1,816,ST,75,150,92
709-1326,V13,02 OCT 2013,2,817,ST,72,150,90
709-1326,V2,03 APR 2013,0,815,SU,75,120,80
709-1326,V2,03 APR 2013,1,816,ST,90,130,90
709-1326,V2,03 APR 2013,2,817,ST,75,120,88
709-1326,V3,05 APR 2013,0,815,SU,81,140,90
709-1326,V3,05 APR 2013,1,816,ST,81,160,90
709-1326,V3,05 APR 2013,2,817,ST,78,164,100
709-1326,V3E,17 APR 2013,0,815,SU,87,150,86
709-1326,V3E,17 APR 2013,1,816,ST,93,152,90
709-1326,V3E,17 APR 2013,2,817,ST,99,158,94
709-1326,V4,18 APR 2013,0,815,SU,81,158,92
709-1326,V4,18 APR 2013,1,816,ST,87,174,100
709-1326,V4,18 APR 2013,2,817,ST,93,174,100
709-1326,V5,01 MAY 2013,0,815,SU,78,154,96
709-1326,V5,01 MAY 2013,1,816,ST,81,160,98
709-1326,V5,01 MAY 2013,2,817,ST,81,164,98
709-1326,V6,03 MAY 2013,0,815,SU,69,148,90
709-1326,V6,03 MAY 2013,1,816,ST,87,158,90
709-1326,V6,03 MAY 2013,2,817,ST,78,158,92
709-1326,V7,18 MAY 2013,0,815,SU,75,166,92
709-1326,V7,18 MAY 2013,1,816,ST,66,170,96
709-1326,V7,18 MAY 2013,2,817,ST,72,170,98
709-1326,V8,01 JUN 2013,0,815,SU,72,156,84
709-1326,V8,01 JUN 2013,1,816,ST,87,162,90
709-1326,V8,01 JUN 2013,2,817,ST,90,160,90
709-1326,V9,26 JUN 2013,0,815,SU,72,160,92
709-1326,V9,26 JUN 2013,1,816,ST,78,160,98
709-1326,V9,26 JUN 2013,2,817,ST,87,150,90
709-1329,ET,29 AUG 2013,0,815,SU,60,112,70
709-1329,ET,29 AUG 2013,1,816,ST,81,90,48
709-1329,ET,29 AUG 2013,2,817,ST,72,88,60
709-1329,V1,01 AUG 2013,0,815,SU,60,120,72
709-1329,V1,01 AUG 2013,1,816,ST,66,100,60
709-1329,V1,01 AUG 2013,2,817,ST,69,100,68
709-1329,V2,13 AUG 2013,0,815,SU,60,118,80
709-1329,V2,13 AUG 2013,1,816,ST,66,90,74
709-1329,V2,13 AUG 2013,2,817,ST,60,118,70
709-1329,V3,15 AUG 2013,0,815,SU,63,118,72
709-1329,V3,15 AUG 2013,1,816,ST,75,100,70
709-1329,V3,15 AUG 2013,2,817,ST,63,118,72
709-1339,V1,15 DEC 2012,0,815,SU,75,150,74
709-1339,V1,15 DEC 2012,1,816,ST,78,140,84
709-1339,V1,15 DEC 2012,2,817,ST,72,150,80
709-1339,V10,14 APR 2013,0,815,SU,64,122,76
709-1339,V10,14 APR 2013,1,816,ST,66,120,72
709-1339,V10,14 APR 2013,2,817,ST,64,118,82
709-1339,V11,12 MAY 2013,0,815,SU,65,150,80
709-1339,V11,12 MAY 2013,1,816,ST,74,128,84
709-1339,V11,12 MAY 2013,2,817,ST,66,140,78
709-1339,V12,08 JUN 2013,0,815,SU,66,110,70
709-1339,V12,08 JUN 2013,1,816,ST,76,120,88
709-1339,V12,08 JUN 2013,2,817,ST,72,128,78
709-1339,V13,24 JUN 2013,0,815,SU,64,128,76
709-1339,V13,24 JUN 2013,1,816,ST,84,120,80
709-1339,V13,24 JUN 2013,2,817,ST,76,120,80
709-1339,V2,21 DEC 2012,0,815,SU,66,140,78
709-1339,V2,21 DEC 2012,1,816,ST,72,130,90
709-1339,V2,21 DEC 2012,2,817,ST,66,138,80
709-1339,V3,23 DEC 2012,0,815,SU,60,122,72
709-1339,V3,23 DEC 2012,1,816,ST,64,120,74
709-1339,V3,23 DEC 2012,2,817,ST,64,138,78
709-1339,V3E,04 JAN 2013,0,815,SU,60,146,78
709-1339,V3E,04 JAN 2013,1,816,ST,74,134,78
709-1339,V3E,04 JAN 2013,2,817,ST,72,144,78
709-1339,V4,05 JAN 2013,0,815,SU,64,134,68
709-1339,V4,05 JAN 2013,1,816,ST,70,138,64
709-1339,V4,05 JAN 2013,2,817,ST,72,128,68
709-1339,V5,20 JAN 2013,0,815,SU,62,126,72
709-1339,V5,20 JAN 2013,1,816,ST,78,126,76
709-1339,V5,20 JAN 2013,2,817,ST,68,126,76
709-1339,V6,22 JAN 2013,0,815,SU,72,118,74
709-1339,V6,22 JAN 2013,1,816,ST,80,122,68
709-1339,V6,22 JAN 2013,2,817,ST,76,120,70
709-1339,V7,03 FEB 2013,0,815,SU,62,118,76
709-1339,V7,03 FEB 2013,1,816,ST,70,122,78
709-1339,V7,03 FEB 2013,2,817,ST,70,134,78
709-1339,V8,19 FEB 2013,0,815,SU,70,130,62
709-1339,V8,19 FEB 2013,1,816,ST,66,142,76
709-1339,V8,19 FEB 2013,2,817,ST,66,144,72
709-1339,V9,17 MAR 2013,0,815,SU,72,132,72
709-1339,V9,17 MAR 2013,1,816,ST,70,138,68
709-1339,V9,17 MAR 2013,2,817,ST,84,112,78
709-1424,ET,08 MAR 2013,0,815,SU,54,120,60
709-1424,ET,08 MAR 2013,1,816,ST,78,100,60
709-1424,ET,08 MAR 2013,2,817,ST,54,100,54
709-1424,V1,15 FEB 2013,0,815,SU,72,130,72
709-1424,V1,15 FEB 2013,1,816,ST,52,130,58
709-1424,V1,15 FEB 2013,2,817,ST,52,112,58
709-1424,V2,01 MAR 2013,0,815,SU,70,106,62
709-1424,V2,01 MAR 2013,1,816,ST,90,100,70
709-1424,V2,01 MAR 2013,2,817,ST,94,102,72
709-1424,V3,03 MAR 2013,0,815,SU,60,120,72
709-1424,V3,03 MAR 2013,1,816,ST,63,110,64
709-1424,V3,03 MAR 2013,2,817,ST,54,108,64
710-1002,ET,18 JAN 2014,0,815,SU,72,130,80
710-1002,ET,18 JAN 2014,1,816,ST,72,134,80
710-1002,ET,18 JAN 2014,2,817,ST,68,132,82
710-1002,V1,30 DEC 2013,0,815,SU,64,150,82
710-1002,V1,30 DEC 2013,1,816,ST,60,150,78
710-1002,V1,30 DEC 2013,2,817,ST,60,144,80
710-1002,V2,12 JAN 2014,0,815,SU,72,120,70
710-1002,V2,12 JAN 2014,1,816,ST,72,130,78
710-1002,V2,12 JAN 2014,2,817,ST,72,128,76
710-1002,V3,14 JAN 2014,0,815,SU,60,152,70
710-1002,V3,14 JAN 2014,1,816,ST,60,144,78
710-1002,V3,14 JAN 2014,2,817,ST,64,146,80
710-1006,V1,27 JAN 2013,0,815,SU,80,140,94
710-1006,V1,27 JAN 2013,1,816,ST,76,146,88
710-1006,V1,27 JAN 2013,2,817,ST,76,142,90
710-1006,V10,01 JUN 2013,0,815,SU,68,124,90
710-1006,V10,01 JUN 2013,1,816,ST,72,130,86
710-1006,V10,01 JUN 2013,2,817,ST,68,126,88
710-1006,V11,29 JUN 2013,0,815,SU,52,120,70
710-1006,V11,29 JUN 2013,1,816,ST,56,128,80
710-1006,V11,29 JUN 2013,2,817,ST,56,124,78
710-1006,V12,27 JUL 2013,0,815,SU,64,130,80
710-1006,V12,27 JUL 2013,1,816,ST,64,128,86
710-1006,V12,27 JUL 2013,2,817,ST,60,126,84
710-1006,V13,10 AUG 2013,0,815,SU,76,136,90
710-1006,V13,10 AUG 2013,1,816,ST,76,130,90
710-1006,V13,10 AUG 2013,2,817,ST,76,134,88
710-1006,V2,08 FEB 2013,0,815,SU,68,136,90
710-1006,V2,08 FEB 2013,1,816,ST,64,138,90
710-1006,V2,08 FEB 2013,2,817,ST,64,134,88
710-1006,V3,10 FEB 2013,0,815,SU,56,140,80
710-1006,V3,10 FEB 2013,1,816,ST,56,146,96
710-1006,V3,10 FEB 2013,2,817,ST,60,144,90
710-1006,V3E,21 FEB 2013,0,815,SU,84,138,90
710-1006,V3E,21 FEB 2013,1,816,ST,80,136,90
710-1006,V3E,21 FEB 2013,2,817,ST,80,132,88
710-1006,V4,22 FEB 2013,0,815,SU,76,130,80
710-1006,V4,22 FEB 2013,1,816,ST,72,126,84
710-1006,V4,22 FEB 2013,2,817,ST,72,128,82
710-1006,V5,08 MAR 2013,0,815,SU,80,130,90
710-1006,V5,08 MAR 2013,1,816,ST,76,126,90
710-1006,V5,08 MAR 2013,2,817,ST,76,128,86
710-1006,V6,10 MAR 2013,0,815,SU,68,132,90
710-1006,V6,10 MAR 2013,1,816,ST,72,122,88
710-1006,V6,10 MAR 2013,2,817,ST,68,128,90
710-1006,V7,23 MAR 2013,0,815,SU,84,120,84
710-1006,V7,23 MAR 2013,1,816,ST,80,126,86
710-1006,V7,23 MAR 2013,2,817,ST,80,124,84
710-1006,V8,06 APR 2013,0,815,SU,68,124,80
710-1006,V8,06 APR 2013,1,816,ST,64,126,84
710-1006,V8,06 APR 2013,2,817,ST,64,124,82
710-1006,V9,04 MAY 2013,0,815,SU,84,110,76
710-1006,V9,04 MAY 2013,1,816,ST,80,114,70
710-1006,V9,04 MAY 2013,2,817,ST,80,116,72
710-1021,ET,12 NOV 2013,0,815,SU,80,140,80
710-1021,ET,12 NOV 2013,1,816,ST,80,130,70
710-1021,ET,12 NOV 2013,2,817,ST,76,134,80
710-1021,V1,19 SEP 2013,0,815,SU,56,150,80
710-1021,V1,19 SEP 2013,1,816,ST,60,142,80
710-1021,V1,19 SEP 2013,2,817,ST,60,142,80
710-1021,V2,25 SEP 2013,0,815,SU,68,154,82
710-1021,V2,25 SEP 2013,1,816,ST,64,150,80
710-1021,V2,25 SEP 2013,2,817,ST,64,150,80
710-1021,V3,27 SEP 2013,0,815,SU,76,142,90
710-1021,V3,27 SEP 2013,1,816,ST,72,136,82
710-1021,V3,27 SEP 2013,2,817,ST,72,134,80
710-1021,V3E,10 OCT 2013,0,815,SU,72,150,80
710-1021,V3E,10 OCT 2013,1,816,ST,72,146,80
710-1021,V3E,10 OCT 2013,2,817,ST,72,146,80
710-1021,V4,11 OCT 2013,0,815,SU,72,130,88
710-1021,V4,11 OCT 2013,1,816,ST,72,126,84
710-1021,V4,11 OCT 2013,2,817,ST,72,126,84
710-1021,V5,27 OCT 2013,0,815,SU,64,130,90
710-1021,V5,27 OCT 2013,1,816,ST,64,134,84
710-1021,V5,27 OCT 2013,2,817,ST,64,132,86
710-1021,V6,29 OCT 2013,0,815,SU,68,132,78
710-1021,V6,29 OCT 2013,1,816,ST,64,128,80
710-1021,V6,29 OCT 2013,2,817,ST,64,130,76
710-1027,V1,03 FEB 2014,0,815,SU,84,140,82
710-1027,V1,03 FEB 2014,1,816,ST,80,130,80
710-1027,V1,03 FEB 2014,2,817,ST,84,140,82
710-1027,V10,20 JUN 2014,0,815,SU,84,112,66
710-1027,V10,20 JUN 2014,1,816,ST,80,114,64
710-1027,V10,20 JUN 2014,2,817,ST,80,112,62
710-1027,V11,17 JUL 2014,0,815,SU,76,120,70
710-1027,V11,17 JUL 2014,1,816,ST,76,118,70
710-1027,V11,17 JUL 2014,2,817,ST,72,116,72
710-1027,V12,19 AUG 2014,0,815,SU,92,140,80
710-1027,V12,19 AUG 2014,1,816,ST,84,140,84
710-1027,V12,19 AUG 2014,2,817,ST,88,136,82
710-1027,V13,29 AUG 2014,0,815,SU,80,130,80
710-1027,V13,29 AUG 2014,1,816,ST,80,126,74
710-1027,V13,29 AUG 2014,2,817,ST,76,128,72
710-1027,V2,27 FEB 2014,0,815,SU,84,140,80
710-1027,V2,27 FEB 2014,1,816,ST,80,142,84
710-1027,V2,27 FEB 2014,2,817,ST,80,140,82
710-1027,V3,28 FEB 2014,0,815,SU,88,148,80
710-1027,V3,28 FEB 2014,1,816,ST,88,134,82
710-1027,V3,28 FEB 2014,2,817,ST,84,138,84
710-1027,V4,14 MAR 2014,0,815,SU,84,130,70
710-1027,V4,14 MAR 2014,1,816,ST,80,124,70
710-1027,V4,14 MAR 2014,2,817,ST,80,126,74
710-1027,V5,28 MAR 2014,0,815,SU,80,120,70
710-1027,V5,28 MAR 2014,1,816,ST,80,118,74
710-1027,V5,28 MAR 2014,2,817,ST,76,120,72
710-1027,V7,11 APR 2014,0,815,SU,80,140,80
710-1027,V7,11 APR 2014,1,816,ST,80,130,74
710-1027,V7,11 APR 2014,2,817,ST,76,134,76
710-1027,V8,24 APR 2014,0,815,SU,80,120,70
710-1027,V8,24 APR 2014,1,816,ST,80,118,70
710-1027,V8,24 APR 2014,2,817,ST,80,120,72
710-1027,V9,23 MAY 2014,0,815,SU,86,120,70
710-1027,V9,23 MAY 2014,1,816,ST,86,130,70
710-1027,V9,23 MAY 2014,2,817,ST,84,130,75
710-1045,ET,17 AUG 2013,0,815,SU,80,160,80
710-1045,ET,17 AUG 2013,1,816,ST,80,158,84
710-1045,ET,17 AUG 2013,2,817,ST,76,156,82
710-1045,V1,20 MAY 2013,0,815,SU,72,164,90
710-1045,V1,20 MAY 2013,1,816,ST,72,150,98
710-1045,V1,20 MAY 2013,2,817,ST,68,148,96
710-1045,V2,01 JUN 2013,0,815,SU,64,170,90
710-1045,V2,01 JUN 2013,1,816,ST,60,176,98
710-1045,V2,01 JUN 2013,2,817,ST,60,174,96
710-1045,V3,03 JUN 2013,0,815,SU,64,160,90
710-1045,V3,03 JUN 2013,1,816,ST,60,170,90
710-1045,V3,03 JUN 2013,2,817,ST,60,166,92
710-1045,V3E,16 JUN 2013,0,815,SU,84,170,80
710-1045,V3E,16 JUN 2013,1,816,ST,80,166,90
710-1045,V3E,16 JUN 2013,2,817,ST,80,164,88
710-1045,V4,17 JUN 2013,0,815,SU,80,150,90
710-1045,V4,17 JUN 2013,1,816,ST,80,156,90
710-1045,V4,17 JUN 2013,2,817,ST,76,154,88
710-1045,V5,01 JUL 2013,0,815,SU,88,140,80
710-1045,V5,01 JUL 2013,1,816,ST,92,134,82
710-1045,V5,01 JUL 2013,2,817,ST,88,136,80
710-1045,V6,05 JUL 2013,0,815,SU,84,150,80
710-1045,V6,05 JUL 2013,1,816,ST,80,146,88
710-1045,V6,05 JUL 2013,2,817,ST,80,146,84
710-1045,V7,15 JUL 2013,0,815,SU,84,154,78
710-1045,V7,15 JUL 2013,1,816,ST,80,156,84
710-1045,V7,15 JUL 2013,2,817,ST,80,155,80
710-1045,V8,29 JUL 2013,0,815,SU,84,158,90
710-1045,V8,29 JUL 2013,1,816,ST,80,160,92
710-1045,V8,29 JUL 2013,2,817,ST,80,158,90
710-1053,ET,15 FEB 2013,0,815,SU,72,138,78
710-1053,ET,15 FEB 2013,1,816,ST,72,130,72
710-1053,ET,15 FEB 2013,2,817,ST,72,130,70
710-1053,V1,15 DEC 2012,0,815,SU,56,150,80
710-1053,V1,15 DEC 2012,1,816,ST,56,140,70
710-1053,V1,15 DEC 2012,2,817,ST,56,140,68
710-1053,V2,24 DEC 2012,0,815,SU,68,110,70
710-1053,V2,24 DEC 2012,1,816,ST,64,126,70
710-1053,V2,24 DEC 2012,2,817,ST,64,124,70
710-1053,V3,26 DEC 2012,0,815,SU,60,160,80
710-1053,V3,26 DEC 2012,1,816,ST,60,154,74
710-1053,V3,26 DEC 2012,2,817,ST,56,156,72
710-1053,V3E,08 JAN 2013,0,815,SU,80,110,68
710-1053,V3E,08 JAN 2013,1,816,ST,76,118,78
710-1053,V3E,08 JAN 2013,2,817,ST,76,116,74
710-1053,V4,09 JAN 2013,0,815,SU,64,148,80
710-1053,V4,09 JAN 2013,1,816,ST,60,144,72
710-1053,V4,09 JAN 2013,2,817,ST,60,146,76
710-1053,V5,24 JAN 2013,0,815,SU,68,140,84
710-1053,V5,24 JAN 2013,1,816,ST,64,138,88
710-1053,V5,24 JAN 2013,2,817,ST,64,140,86
710-1053,V6,26 JAN 2013,0,815,SU,64,118,70
710-1053,V6,26 JAN 2013,1,816,ST,64,115,75
710-1053,V6,26 JAN 2013,2,817,ST,60,115,72
710-1053,V7,06 FEB 2013,0,815,SU,68,146,70
710-1053,V7,06 FEB 2013,1,816,ST,68,148,80
710-1053,V7,06 FEB 2013,2,817,ST,64,146,76
710-1060,V1,24 DEC 2012,0,815,SU,60,140,90
710-1060,V1,24 DEC 2012,1,816,ST,60,142,86
710-1060,V1,24 DEC 2012,2,817,ST,60,140,80
710-1060,V10,23 APR 2013,0,815,SU,56,150,90
710-1060,V10,23 APR 2013,1,816,ST,60,156,96
710-1060,V10,23 APR 2013,2,817,ST,56,154,98
710-1060,V11,24 MAY 2013,0,815,SU,64,140,80
710-1060,V11,24 MAY 2013,1,816,ST,60,138,90
710-1060,V11,24 MAY 2013,2,817,ST,60,136,88
710-1060,V12,21 JUN 2013,0,815,SU,60,160,96
710-1060,V12,21 JUN 2013,1,816,ST,60,158,98
710-1060,V12,21 JUN 2013,2,817,ST,56,156,96
710-1060,V13,05 JUL 2013,0,815,SU,64,152,90
710-1060,V13,05 JUL 2013,1,816,ST,60,144,92
710-1060,V13,05 JUL 2013,2,817,ST,60,148,90
710-1060,V2,30 DEC 2012,0,815,SU,60,142,80
710-1060,V2,30 DEC 2012,1,816,ST,56,140,84
710-1060,V2,30 DEC 2012,2,817,ST,60,140,82
710-1060,V3,01 JAN 2013,0,815,SU,68,110,70
710-1060,V3,01 JAN 2013,1,816,ST,64,120,80
710-1060,V3,01 JAN 2013,2,817,ST,64,118,76
710-1060,V3E,14 JAN 2013,0,815,SU,60,150,80
710-1060,V3E,14 JAN 2013,1,816,ST,60,150,74
710-1060,V3E,14 JAN 2013,2,817,ST,56,146,78
710-1060,V4,15 JAN 2013,0,815,SU,52,150,90
710-1060,V4,15 JAN 2013,1,816,ST,64,150,94
710-1060,V4,15 JAN 2013,2,817,ST,60,148,92
710-1060,V5,01 FEB 2013,0,815,SU,64,160,90
710-1060,V5,01 FEB 2013,1,816,ST,60,154,90
710-1060,V5,01 FEB 2013,2,817,ST,60,152,90
710-1060,V6,03 FEB 2013,0,815,SU,60,140,80
710-1060,V6,03 FEB 2013,1,816,ST,56,134,86
710-1060,V6,03 FEB 2013,2,817,ST,56,136,84
710-1060,V7,12 FEB 2013,0,815,SU,64,128,80
710-1060,V7,12 FEB 2013,1,816,ST,60,125,85
710-1060,V7,12 FEB 2013,2,817,ST,60,126,82
710-1060,V8,26 FEB 2013,0,815,SU,60,160,90
710-1060,V8,26 FEB 2013,1,816,ST,58,158,84
710-1060,V8,26 FEB 2013,2,817,ST,58,156,82
710-1060,V9,26 MAR 2013,0,815,SU,56,134,80
710-1060,V9,26 MAR 2013,1,816,ST,60,132,90
710-1060,V9,26 MAR 2013,2,817,ST,60,134,88
710-1070,V1,28 AUG 2012,0,815,SU,80,150,80
710-1070,V1,28 AUG 2012,1,816,ST,80,150,84
710-1070,V1,28 AUG 2012,2,817,ST,76,148,82
710-1070,V10,28 DEC 2012,0,815,SU,68,138,74
710-1070,V10,28 DEC 2012,1,816,ST,68,138,80
710-1070,V10,28 DEC 2012,2,817,ST,72,136,82
710-1070,V2,06 SEP 2012,0,815,SU,80,160,80
710-1070,V2,06 SEP 2012,1,816,ST,80,162,90
710-1070,V2,06 SEP 2012,2,817,ST,76,160,88
710-1070,V3,08 SEP 2012,0,815,SU,76,150,70
710-1070,V3,08 SEP 2012,1,816,ST,76,146,80
710-1070,V3,08 SEP 2012,2,817,ST,72,144,82
710-1070,V3E,21 SEP 2012,0,815,SU,84,130,70
710-1070,V3E,21 SEP 2012,1,816,ST,88,136,80
710-1070,V3E,21 SEP 2012,2,817,ST,84,134,76
710-1070,V4,22 SEP 2012,0,815,SU,76,130,68
710-1070,V4,22 SEP 2012,1,816,ST,76,126,72
710-1070,V4,22 SEP 2012,2,817,ST,72,128,70
710-1070,V5,06 OCT 2012,0,815,SU,72,146,90
710-1070,V5,06 OCT 2012,1,816,ST,72,132,90
710-1070,V5,06 OCT 2012,2,817,ST,68,134,92
710-1070,V7,20 OCT 2012,0,815,SU,72,158,86
710-1070,V7,20 OCT 2012,1,816,ST,76,160,84
710-1070,V7,20 OCT 2012,2,817,ST,74,158,84
710-1070,V8,05 NOV 2012,0,815,SU,80,140,80
710-1070,V8,05 NOV 2012,1,816,ST,76,144,82
710-1070,V8,05 NOV 2012,2,817,ST,80,140,82
710-1070,V9,01 DEC 2012,0,815,SU,80,160,90
710-1070,V9,01 DEC 2012,1,816,ST,76,158,92
710-1070,V9,01 DEC 2012,2,817,ST,76,156,90
710-1077,V1,03 NOV 2013,0,815,SU,72,150,86
710-1077,V1,03 NOV 2013,1,816,ST,72,144,80
710-1077,V1,03 NOV 2013,2,817,ST,68,146,82
710-1077,V10,09 MAR 2014,0,815,SU,80,150,78
710-1077,V10,09 MAR 2014,1,816,ST,80,140,80
710-1077,V10,09 MAR 2014,2,817,ST,76,144,82
710-1077,V11,06 APR 2014,0,815,SU,76,138,80
710-1077,V11,06 APR 2014,1,816,ST,76,120,80
710-1077,V11,06 APR 2014,2,817,ST,80,126,84
710-1077,V12,03 MAY 2014,0,815,SU,72,130,78
710-1077,V12,03 MAY 2014,1,816,ST,72,120,70
710-1077,V12,03 MAY 2014,2,817,ST,76,124,74
710-1077,V13,18 MAY 2014,0,815,SU,76,120,70
710-1077,V13,18 MAY 2014,1,816,ST,76,118,68
710-1077,V13,18 MAY 2014,2,817,ST,76,116,64
710-1077,V2,15 NOV 2013,0,815,SU,96,140,90
710-1077,V2,15 NOV 2013,1,816,ST,92,142,88
710-1077,V2,15 NOV 2013,2,817,ST,92,138,90
710-1077,V3,17 NOV 2013,0,815,SU,80,134,90
710-1077,V3,17 NOV 2013,1,816,ST,76,130,80
710-1077,V3,17 NOV 2013,2,817,ST,76,128,82
710-1077,V3E,30 NOV 2013,0,815,SU,88,110,72
710-1077,V3E,30 NOV 2013,1,816,ST,84,116,70
710-1077,V3E,30 NOV 2013,2,817,ST,84,114,72
710-1077,V4,01 DEC 2013,0,815,SU,84,130,70
710-1077,V4,01 DEC 2013,1,816,ST,80,120,70
710-1077,V4,01 DEC 2013,2,817,ST,80,122,68
710-1077,V5,15 DEC 2013,0,815,SU,84,140,80
710-1077,V5,15 DEC 2013,1,816,ST,80,132,80
710-1077,V5,15 DEC 2013,2,817,ST,80,134,78
710-1077,V7,30 DEC 2013,0,815,SU,72,140,80
710-1077,V7,30 DEC 2013,1,816,ST,72,134,72
710-1077,V7,30 DEC 2013,2,817,ST,68,136,78
710-1077,V8,12 JAN 2014,0,815,SU,76,150,80
710-1077,V8,12 JAN 2014,1,816,ST,72,142,80
710-1077,V8,12 JAN 2014,2,817,ST,72,144,78
710-1077,V9,09 FEB 2014,0,815,SU,76,150,84
710-1077,V9,09 FEB 2014,1,816,ST,72,144,86
710-1077,V9,09 FEB 2014,2,817,ST,76,140,88
710-1078,V1,06 SEP 2013,0,815,SU,72,158,62
710-1078,V1,06 SEP 2013,1,816,ST,68,160,78
710-1078,V1,06 SEP 2013,2,817,ST,72,160,72
710-1078,V10,12 JAN 2014,0,815,SU,72,160,90
710-1078,V10,12 JAN 2014,1,816,ST,72,164,96
710-1078,V10,12 JAN 2014,2,817,ST,68,160,92
710-1078,V11,09 FEB 2014,0,815,SU,68,160,84
710-1078,V11,09 FEB 2014,1,816,ST,64,156,88
710-1078,V11,09 FEB 2014,2,817,ST,64,154,90
710-1078,V12,08 MAR 2014,0,815,SU,80,145,80
710-1078,V12,08 MAR 2014,1,816,ST,82,140,80
710-1078,V12,08 MAR 2014,2,817,ST,84,142,84
710-1078,V13,23 MAR 2014,0,815,SU,80,140,70
710-1078,V13,23 MAR 2014,1,816,ST,80,136,80
710-1078,V13,23 MAR 2014,2,817,ST,76,138,76
710-1078,V2,15 SEP 2013,0,815,SU,72,144,90
710-1078,V2,15 SEP 2013,1,816,ST,72,148,94
710-1078,V2,15 SEP 2013,2,817,ST,68,146,92
710-1078,V3,17 SEP 2013,0,815,SU,76,170,84
710-1078,V3,17 SEP 2013,1,816,ST,72,172,92
710-1078,V3,17 SEP 2013,2,817,ST,76,170,94
710-1078,V3E,05 OCT 2013,0,815,SU,72,160,74
710-1078,V3E,05 OCT 2013,1,816,ST,68,156,76
710-1078,V3E,05 OCT 2013,2,817,ST,72,152,70
710-1078,V4,06 OCT 2013,0,815,SU,84,168,76
710-1078,V4,06 OCT 2013,1,816,ST,80,165,72
710-1078,V4,06 OCT 2013,2,817,ST,82,165,70
710-1078,V5,20 OCT 2013,0,815,SU,72,160,82
710-1078,V5,20 OCT 2013,1,816,ST,72,160,86
710-1078,V5,20 OCT 2013,2,817,ST,76,158,88
710-1078,V6,22 OCT 2013,0,815,SU,80,138,74
710-1078,V6,22 OCT 2013,1,816,ST,84,144,78
710-1078,V6,22 OCT 2013,2,817,ST,84,144,74
710-1078,V7,03 NOV 2013,0,815,SU,72,158,80
710-1078,V7,03 NOV 2013,1,816,ST,76,154,80
710-1078,V7,03 NOV 2013,2,817,ST,72,152,78
710-1078,V8,17 NOV 2013,0,815,SU,72,160,80
710-1078,V8,17 NOV 2013,1,816,ST,72,150,86
710-1078,V8,17 NOV 2013,2,817,ST,68,154,82
710-1078,V9,21 DEC 2013,0,815,SU,64,160,84
710-1078,V9,21 DEC 2013,1,816,ST,60,160,82
710-1078,V9,21 DEC 2013,2,817,ST,60,156,84
710-1083,V1,09 JUL 2013,0,815,SU,76,160,90
710-1083,V1,09 JUL 2013,1,816,ST,76,154,90
710-1083,V1,09 JUL 2013,2,817,ST,72,152,92
710-1083,V2,20 JUL 2013,0,815,SU,72,142,76
710-1083,V2,20 JUL 2013,1,816,ST,68,150,80
710-1083,V2,20 JUL 2013,2,817,ST,68,146,78
710-1083,V3,22 JUL 2013,0,815,SU,88,148,70
710-1083,V3,22 JUL 2013,1,816,ST,84,140,80
710-1083,V3,22 JUL 2013,2,817,ST,84,144,78
710-1137,ET,13 NOV 2013,0,815,SU,68,170,94
710-1137,ET,13 NOV 2013,1,816,ST,64,162,98
710-1137,ET,13 NOV 2013,2,817,ST,64,160,96
710-1137,V1,03 OCT 2013,0,815,SU,64,170,90
710-1137,V1,03 OCT 2013,1,816,ST,64,160,96
710-1137,V1,03 OCT 2013,2,817,ST,60,162,94
710-1137,V2,09 OCT 2013,0,815,SU,68,174,94
710-1137,V2,09 OCT 2013,1,816,ST,64,176,98
710-1137,V2,09 OCT 2013,2,817,ST,64,174,92
710-1137,V3,11 OCT 2013,0,815,SU,64,180,96
710-1137,V3,11 OCT 2013,1,816,ST,60,180,100
710-1137,V3,11 OCT 2013,2,817,ST,64,178,98
710-1137,V3E,24 OCT 2013,0,815,SU,80,176,98
710-1137,V3E,24 OCT 2013,1,816,ST,76,168,98
710-1137,V3E,24 OCT 2013,2,817,ST,76,166,98
710-1137,V4,25 OCT 2013,0,815,SU,76,150,90
710-1137,V4,25 OCT 2013,1,816,ST,76,152,92
710-1137,V4,25 OCT 2013,2,817,ST,72,150,94
710-1137,V5,08 NOV 2013,0,815,SU,76,150,82
710-1137,V5,08 NOV 2013,1,816,ST,82,152,84
710-1137,V5,08 NOV 2013,2,817,ST,80,150,84
710-1137,V6,11 NOV 2013,0,815,SU,68,170,94
710-1137,V6,11 NOV 2013,1,816,ST,66,170,98
710-1137,V6,11 NOV 2013,2,817,ST,64,164,98
710-1142,ET,23 OCT 2012,0,815,SU,64,120,64
710-1142,ET,23 OCT 2012,1,816,ST,60,120,68
710-1142,ET,23 OCT 2012,2,817,ST,60,118,70
710-1142,V1,12 SEP 2012,0,815,SU,88,150,88
710-1142,V1,12 SEP 2012,1,816,ST,84,150,90
710-1142,V1,12 SEP 2012,2,817,ST,84,146,88
710-1142,V2,30 SEP 2012,0,815,SU,72,130,80
710-1142,V2,30 SEP 2012,1,816,ST,72,140,78
710-1142,V2,30 SEP 2012,2,817,ST,68,138,76
710-1142,V3,02 OCT 2012,0,815,SU,64,130,72
710-1142,V3,02 OCT 2012,1,816,ST,60,138,76
710-1142,V3,02 OCT 2012,2,817,ST,60,134,74
710-1142,V3E,15 OCT 2012,0,815,SU,84,120,72
710-1142,V3E,15 OCT 2012,1,816,ST,80,130,76
710-1142,V3E,15 OCT 2012,2,817,ST,80,126,74
710-1142,V4,16 OCT 2012,0,815,SU,68,124,70
710-1142,V4,16 OCT 2012,1,816,ST,64,118,72
710-1142,V4,16 OCT 2012,2,817,ST,64,120,70
710-1154,ET,09 MAY 2014,0,815,SU,80,122,86
710-1154,ET,09 MAY 2014,1,816,ST,80,110,80
710-1154,ET,09 MAY 2014,2,817,ST,76,112,84
710-1154,V1,08 MAR 2014,0,815,SU,92,110,70
710-1154,V1,08 MAR 2014,1,816,ST,88,110,76
710-1154,V1,08 MAR 2014,2,817,ST,88,114,74
710-1154,V2,28 MAR 2014,0,815,SU,84,120,80
710-1154,V2,28 MAR 2014,1,816,ST,80,118,84
710-1154,V2,28 MAR 2014,2,817,ST,80,120,82
710-1154,V3,29 MAR 2014,0,815,SU,88,120,74
710-1154,V3,29 MAR 2014,1,816,ST,84,122,82
710-1154,V3,29 MAR 2014,2,817,ST,84,120,80
710-1154,V4,12 APR 2014,0,815,SU,92,120,80
710-1154,V4,12 APR 2014,1,816,ST,88,114,78
710-1154,V4,12 APR 2014,2,817,ST,88,115,80
710-1154,V5,25 APR 2014,0,815,SU,88,120,82
710-1154,V5,25 APR 2014,1,816,ST,88,116,84
710-1154,V5,25 APR 2014,2,817,ST,84,118,82
710-1166,ET,30 MAR 2013,0,815,SU,60,136,70
710-1166,ET,30 MAR 2013,1,816,ST,60,140,80
710-1166,ET,30 MAR 2013,2,817,ST,64,138,76
710-1166,V1,10 NOV 2012,0,815,SU,84,140,90
710-1166,V1,10 NOV 2012,1,816,ST,80,150,94
710-1166,V1,10 NOV 2012,2,817,ST,80,148,96
710-1166,V2,28 NOV 2012,0,815,SU,68,150,96
710-1166,V2,28 NOV 2012,1,816,ST,64,140,96
710-1166,V2,28 NOV 2012,2,817,ST,68,144,94
710-1166,V3,30 NOV 2012,0,815,SU,68,164,98
710-1166,V3,30 NOV 2012,1,816,ST,64,166,98
710-1166,V3,30 NOV 2012,2,817,ST,64,164,96
710-1166,V3E,13 DEC 2012,0,815,SU,88,144,80
710-1166,V3E,13 DEC 2012,1,816,ST,84,140,80
710-1166,V3E,13 DEC 2012,2,817,ST,84,142,76
710-1166,V4,14 DEC 2012,0,815,SU,76,150,70
710-1166,V4,14 DEC 2012,1,816,ST,76,140,80
710-1166,V4,14 DEC 2012,2,817,ST,72,144,76
710-1166,V5,28 DEC 2012,0,815,SU,64,150,80
710-1166,V5,28 DEC 2012,1,816,ST,60,140,80
710-1166,V5,28 DEC 2012,2,817,ST,60,142,82
710-1166,V6,30 DEC 2012,0,815,SU,76,120,70
710-1166,V6,30 DEC 2012,1,816,ST,72,118,78
710-1166,V6,30 DEC 2012,2,817,ST,72,120,74
710-1166,V7,11 JAN 2013,0,815,SU,64,140,78
710-1166,V7,11 JAN 2013,1,816,ST,60,140,80
710-1166,V7,11 JAN 2013,2,817,ST,60,136,78
710-1166,V8,25 JAN 2013,0,815,SU,60,170,98
710-1166,V8,25 JAN 2013,1,816,ST,60,160,98
710-1166,V8,25 JAN 2013,2,817,ST,56,164,96
710-1166,V9,22 FEB 2013,0,815,SU,60,140,90
710-1166,V9,22 FEB 2013,1,816,ST,60,130,80
710-1166,V9,22 FEB 2013,2,817,ST,60,126,88
710-1183,V1,24 OCT 2013,0,815,SU,68,170,92
710-1183,V1,24 OCT 2013,1,816,ST,68,166,96
710-1183,V1,24 OCT 2013,2,817,ST,64,166,92
710-1183,V10,10 MAR 2014,0,815,SU,68,130,90
710-1183,V10,10 MAR 2014,1,816,ST,68,130,86
710-1183,V10,10 MAR 2014,2,817,ST,64,130,88
710-1183,V11,05 APR 2014,0,815,SU,60,130,80
710-1183,V11,05 APR 2014,1,816,ST,60,134,80
710-1183,V11,05 APR 2014,2,817,ST,56,132,82
710-1183,V12,03 MAY 2014,0,815,SU,68,150,80
710-1183,V12,03 MAY 2014,1,816,ST,64,156,86
710-1183,V12,03 MAY 2014,2,817,ST,64,152,84
710-1183,V13,17 MAY 2014,0,815,SU,56,140,90
710-1183,V13,17 MAY 2014,1,816,ST,52,148,94
710-1183,V13,17 MAY 2014,2,817,ST,52,146,92
710-1183,V2,14 NOV 2013,0,815,SU,60,140,94
710-1183,V2,14 NOV 2013,1,816,ST,60,140,90
710-1183,V2,14 NOV 2013,2,817,ST,64,136,92
710-1183,V3,16 NOV 2013,0,815,SU,56,146,98
710-1183,V3,16 NOV 2013,1,816,ST,56,144,92
710-1183,V3,16 NOV 2013,2,817,ST,60,146,94
710-1183,V3E,29 NOV 2013,0,815,SU,52,150,90
710-1183,V3E,29 NOV 2013,1,816,ST,52,148,90
710-1183,V3E,29 NOV 2013,2,817,ST,56,146,92
710-1183,V4,30 NOV 2013,0,815,SU,68,136,90
710-1183,V4,30 NOV 2013,1,816,ST,64,138,90
710-1183,V4,30 NOV 2013,2,817,ST,64,136,92
710-1183,V5,14 DEC 2013,0,815,SU,52,148,90
710-1183,V5,14 DEC 2013,1,816,ST,56,160,98
710-1183,V5,14 DEC 2013,2,817,ST,56,158,96
710-1183,V6,16 DEC 2013,0,815,SU,60,120,80
710-1183,V6,16 DEC 2013,1,816,ST,60,132,88
710-1183,V6,16 DEC 2013,2,817,ST,64,130,84
710-1183,V7,28 DEC 2013,0,815,SU,60,136,90
710-1183,V7,28 DEC 2013,1,816,ST,60,140,90
710-1183,V7,28 DEC 2013,2,817,ST,56,138,90
710-1183,V8,11 JAN 2014,0,815,SU,52,140,84
710-1183,V8,11 JAN 2014,1,816,ST,52,140,80
710-1183,V8,11 JAN 2014,2,817,ST,56,136,82
710-1183,V9,08 FEB 2014,0,815,SU,60,134,86
710-1183,V9,08 FEB 2014,1,816,ST,60,132,90
710-1183,V9,08 FEB 2014,2,817,ST,60,134,88
710-1187,V1,26 OCT 2012,0,815,SU,76,130,70
710-1187,V1,26 OCT 2012,1,816,ST,72,122,78
710-1187,V1,26 OCT 2012,2,817,ST,76,126,80
710-1187,V10,02 MAR 2013,0,815,SU,64,132,70
710-1187,V10,02 MAR 2013,1,816,ST,60,130,80
710-1187,V10,02 MAR 2013,2,817,ST,60,134,78
710-1187,V11,31 MAR 2013,0,815,SU,64,130,60
710-1187,V11,31 MAR 2013,1,816,ST,64,124,70
710-1187,V11,31 MAR 2013,2,817,ST,60,126,68
710-1187,V12,28 APR 2013,0,815,SU,68,120,70
710-1187,V12,28 APR 2013,1,816,ST,64,128,68
710-1187,V12,28 APR 2013,2,817,ST,64,124,68
710-1187,V13,12 MAY 2013,0,815,SU,76,110,60
710-1187,V13,12 MAY 2013,1,816,ST,72,112,70
710-1187,V13,12 MAY 2013,2,817,ST,72,110,68
710-1187,V2,08 NOV 2012,0,815,SU,92,132,70
710-1187,V2,08 NOV 2012,1,816,ST,88,120,70
710-1187,V2,08 NOV 2012,2,817,ST,88,124,72
710-1187,V3,10 NOV 2012,0,815,SU,92,136,68
710-1187,V3,10 NOV 2012,1,816,ST,88,130,78
710-1187,V3,10 NOV 2012,2,817,ST,88,132,74
710-1187,V3E,23 NOV 2012,0,815,SU,100,140,64
710-1187,V3E,23 NOV 2012,1,816,ST,96,134,70
710-1187,V3E,23 NOV 2012,2,817,ST,96,132,74
710-1187,V4,24 NOV 2012,0,815,SU,96,150,70
710-1187,V4,24 NOV 2012,1,816,ST,96,142,78
710-1187,V4,24 NOV 2012,2,817,ST,92,144,74
710-1187,V5,09 DEC 2012,0,815,SU,100,130,60
710-1187,V5,09 DEC 2012,1,816,ST,96,134,70
710-1187,V5,09 DEC 2012,2,817,ST,96,136,74
710-1187,V7,23 DEC 2012,0,815,SU,100,130,64
710-1187,V7,23 DEC 2012,1,816,ST,100,124,70
710-1187,V7,23 DEC 2012,2,817,ST,96,126,72
710-1187,V8,06 JAN 2013,0,815,SU,72,120,62
710-1187,V8,06 JAN 2013,1,816,ST,68,130,70
710-1187,V8,06 JAN 2013,2,817,ST,72,128,68
710-1187,V9,03 FEB 2013,0,815,SU,80,158,80
710-1187,V9,03 FEB 2013,1,816,ST,80,150,70
710-1187,V9,03 FEB 2013,2,817,ST,76,148,72
710-1235,V1,13 SEP 2012,0,815,SU,68,130,80
710-1235,V1,13 SEP 2012,1,816,ST,64,124,86
710-1235,V1,13 SEP 2012,2,817,ST,64,126,86
710-1235,V10,15 JAN 2013,0,815,SU,76,120,80
710-1235,V10,15 JAN 2013,1,816,ST,80,122,90
710-1235,V10,15 JAN 2013,2,817,ST,76,120,86
710-1235,V11,12 FEB 2013,0,815,SU,60,110,70
710-1235,V11,12 FEB 2013,1,816,ST,64,122,84
710-1235,V11,12 FEB 2013,2,817,ST,60,120,80
710-1235,V12,13 MAR 2013,0,815,SU,68,132,86
710-1235,V12,13 MAR 2013,1,816,ST,64,126,90
710-1235,V12,13 MAR 2013,2,817,ST,64,124,88
710-1235,V13,27 MAR 2013,0,815,SU,84,120,84
710-1235,V13,27 MAR 2013,1,816,ST,80,114,90
710-1235,V13,27 MAR 2013,2,817,ST,80,116,88
710-1235,V2,23 SEP 2012,0,815,SU,64,132,78
710-1235,V2,23 SEP 2012,1,816,ST,60,130,80
710-1235,V2,23 SEP 2012,2,817,ST,64,126,82
710-1235,V3,26 SEP 2012,0,815,SU,88,140,90
710-1235,V3,26 SEP 2012,1,816,ST,84,136,92
710-1235,V3,26 SEP 2012,2,817,ST,84,138,90
710-1235,V3E,09 OCT 2012,0,815,SU,96,120,80
710-1235,V3E,09 OCT 2012,1,816,ST,92,120,84
710-1235,V3E,09 OCT 2012,2,817,ST,92,122,82
710-1235,V4,10 OCT 2012,0,815,SU,88,130,88
710-1235,V4,10 OCT 2012,1,816,ST,84,130,88
710-1235,V4,10 OCT 2012,2,817,ST,84,128,88
710-1235,V5,24 OCT 2012,0,815,SU,80,118,72
710-1235,V5,24 OCT 2012,1,816,ST,80,116,80
710-1235,V5,24 OCT 2012,2,817,ST,76,118,76
710-1235,V6,27 OCT 2012,0,815,SU,76,126,86
710-1235,V6,27 OCT 2012,1,816,ST,72,130,90
710-1235,V6,27 OCT 2012,2,817,ST,72,128,88
710-1235,V7,07 NOV 2012,0,815,SU,80,126,80
710-1235,V7,07 NOV 2012,1,816,ST,80,128,90
710-1235,V7,07 NOV 2012,2,817,ST,76,126,88
710-1235,V8,21 NOV 2012,0,815,SU,92,130,80
710-1235,V8,21 NOV 2012,1,816,ST,88,128,90
710-1235,V8,21 NOV 2012,2,817,ST,88,130,86
710-1235,V9,19 DEC 2012,0,815,SU,88,130,78
710-1235,V9,19 DEC 2012,1,816,ST,84,128,80
710-1235,V9,19 DEC 2012,2,817,ST,84,130,84
710-1249,V1,19 DEC 2013,0,815,SU,60,140,60
710-1249,V1,19 DEC 2013,1,816,ST,56,142,74
710-1249,V1,19 DEC 2013,2,817,ST,56,140,68
710-1249,V10,19 APR 2014,0,815,SU,64,120,60
710-1249,V10,19 APR 2014,1,816,ST,64,122,64
710-1249,V10,19 APR 2014,2,817,ST,60,120,62
710-1249,V11,17 MAY 2014,0,815,SU,72,110,70
710-1249,V11,17 MAY 2014,1,816,ST,72,110,68
710-1249,V11,17 MAY 2014,2,817,ST,72,112,70
710-1249,V12,14 JUN 2014,0,815,SU,68,130,60
710-1249,V12,14 JUN 2014,1,816,ST,64,144,80
710-1249,V12,14 JUN 2014,2,817,ST,64,142,80
710-1249,V13,28 JUN 2014,0,815,SU,60,110,80
710-1249,V13,28 JUN 2014,1,816,ST,60,120,80
710-1249,V13,28 JUN 2014,2,817,ST,60,118,78
710-1249,V2,26 DEC 2013,0,815,SU,68,148,72
710-1249,V2,26 DEC 2013,1,816,ST,68,140,70
710-1249,V2,26 DEC 2013,2,817,ST,64,142,68
710-1249,V3,28 DEC 2013,0,815,SU,56,150,60
710-1249,V3,28 DEC 2013,1,816,ST,56,140,70
710-1249,V3,28 DEC 2013,2,817,ST,60,144,72
710-1249,V3E,10 JAN 2014,0,815,SU,72,130,66
710-1249,V3E,10 JAN 2014,1,816,ST,68,138,80
710-1249,V3E,10 JAN 2014,2,817,ST,68,134,74
710-1249,V4,11 JAN 2014,0,815,SU,88,130,70
710-1249,V4,11 JAN 2014,1,816,ST,76,140,76
710-1249,V4,11 JAN 2014,2,817,ST,76,138,74
710-1249,V5,25 JAN 2014,0,815,SU,72,126,70
710-1249,V5,25 JAN 2014,1,816,ST,72,128,70
710-1249,V5,25 JAN 2014,2,817,ST,68,126,72
710-1249,V6,27 JAN 2014,0,815,SU,68,142,66
710-1249,V6,27 JAN 2014,1,816,ST,64,138,80
710-1249,V6,27 JAN 2014,2,817,ST,64,136,78
710-1249,V7,08 FEB 2014,0,815,SU,60,140,68
710-1249,V7,08 FEB 2014,1,816,ST,62,138,64
710-1249,V7,08 FEB 2014,2,817,ST,62,138,68
710-1249,V8,22 FEB 2014,0,815,SU,64,140,64
710-1249,V8,22 FEB 2014,1,816,ST,64,134,76
710-1249,V8,22 FEB 2014,2,817,ST,60,136,70
710-1249,V9,22 MAR 2014,0,815,SU,64,130,60
710-1249,V9,22 MAR 2014,1,816,ST,64,136,66
710-1249,V9,22 MAR 2014,2,817,ST,60,134,62
710-1264,ET,12 OCT 2013,0,815,SU,72,130,80
710-1264,ET,12 OCT 2013,1,816,ST,68,128,78
710-1264,ET,12 OCT 2013,2,817,ST,72,130,76
710-1264,V1,02 JUN 2013,0,815,SU,68,142,80
710-1264,V1,02 JUN 2013,1,816,ST,64,142,90
710-1264,V1,02 JUN 2013,2,817,ST,64,140,86
710-1264,V10,01 OCT 2013,0,815,SU,72,136,80
710-1264,V10,01 OCT 2013,1,816,ST,68,130,80
710-1264,V10,01 OCT 2013,2,817,ST,68,132,84
710-1264,V2,11 JUN 2013,0,815,SU,60,148,72
710-1264,V2,11 JUN 2013,1,816,ST,62,146,70
710-1264,V2,11 JUN 2013,2,817,ST,60,148,70
710-1264,V3,13 JUN 2013,0,815,SU,80,150,80
710-1264,V3,13 JUN 2013,1,816,ST,80,144,90
710-1264,V3,13 JUN 2013,2,817,ST,76,142,88
710-1264,V3E,26 JUN 2013,0,815,SU,84,136,90
710-1264,V3E,26 JUN 2013,1,816,ST,80,130,80
710-1264,V3E,26 JUN 2013,2,817,ST,80,134,82
710-1264,V4,27 JUN 2013,0,815,SU,60,120,70
710-1264,V4,27 JUN 2013,1,816,ST,60,110,74
710-1264,V4,27 JUN 2013,2,817,ST,56,114,72
710-1264,V5,11 JUL 2013,0,815,SU,76,130,76
710-1264,V5,11 JUL 2013,1,816,ST,72,124,74
710-1264,V5,11 JUL 2013,2,817,ST,72,128,76
710-1264,V6,13 JUL 2013,0,815,SU,80,140,72
710-1264,V6,13 JUL 2013,1,816,ST,80,130,76
710-1264,V6,13 JUL 2013,2,817,ST,76,132,78
710-1264,V7,25 JUL 2013,0,815,SU,68,120,80
710-1264,V7,25 JUL 2013,1,816,ST,72,112,70
710-1264,V7,25 JUL 2013,2,817,ST,68,114,76
710-1264,V8,08 AUG 2013,0,815,SU,68,130,68
710-1264,V8,08 AUG 2013,1,816,ST,64,126,70
710-1264,V8,08 AUG 2013,2,817,ST,64,128,72
710-1264,V9,03 SEP 2013,0,815,SU,64,122,70
710-1264,V9,03 SEP 2013,1,816,ST,60,112,70
710-1264,V9,03 SEP 2013,2,817,ST,64,115,75
710-1270,ET,01 MAR 2014,0,815,SU,74,170,85
710-1270,ET,01 MAR 2014,1,816,ST,80,160,94
710-1270,ET,01 MAR 2014,2,817,ST,76,162,90
710-1270,V1,01 FEB 2014,0,815,SU,64,160,90
710-1270,V1,01 FEB 2014,1,816,ST,64,160,88
710-1270,V1,01 FEB 2014,2,817,ST,62,158,88
710-1270,V2,10 FEB 2014,0,815,SU,88,166,94
710-1270,V2,10 FEB 2014,1,816,ST,84,160,90
710-1270,V2,10 FEB 2014,2,817,ST,84,160,88
710-1270,V3,12 FEB 2014,0,815,SU,72,160,84
710-1270,V3,12 FEB 2014,1,816,ST,72,160,90
710-1270,V3,12 FEB 2014,2,817,ST,68,158,88
710-1271,V1,04 SEP 2012,0,815,SU,72,150,68
710-1271,V1,04 SEP 2012,1,816,ST,72,150,70
710-1271,V1,04 SEP 2012,2,817,ST,68,146,72
710-1271,V2,24 SEP 2012,0,815,SU,72,150,70
710-1271,V2,24 SEP 2012,1,816,ST,68,150,80
710-1271,V2,24 SEP 2012,2,817,ST,68,146,76
710-1271,V3,27 SEP 2012,0,815,SU,80,122,80
710-1271,V3,27 SEP 2012,1,816,ST,76,124,86
710-1271,V3,27 SEP 2012,2,817,ST,76,122,84
710-1271,V3E,11 OCT 2012,0,815,SU,76,144,78
710-1271,V3E,11 OCT 2012,1,816,ST,74,142,76
710-1271,V3E,11 OCT 2012,2,817,ST,76,142,78
710-1271,V4,12 OCT 2012,0,815,SU,76,160,78
710-1271,V4,12 OCT 2012,1,816,ST,76,158,80
710-1271,V4,12 OCT 2012,2,817,ST,72,156,84
710-1271,V5,26 OCT 2012,0,815,SU,84,150,80
710-1271,V5,26 OCT 2012,1,816,ST,80,160,88
710-1271,V5,26 OCT 2012,2,817,ST,80,156,86
710-1271,V6,28 OCT 2012,0,815,SU,80,130,70
710-1271,V6,28 OCT 2012,1,816,ST,80,136,68
710-1271,V6,28 OCT 2012,2,817,ST,76,134,70
710-1271,V7,08 NOV 2012,0,815,SU,76,170,82
710-1271,V7,08 NOV 2012,1,816,ST,76,172,84
710-1271,V7,08 NOV 2012,2,817,ST,72,170,80
710-1278,ET,03 MAR 2013,0,815,SU,64,130,70
710-1278,ET,03 MAR 2013,1,816,ST,64,132,80
710-1278,ET,03 MAR 2013,2,817,ST,60,134,76
710-1278,V1,13 DEC 2012,0,815,SU,72,152,90
710-1278,V1,13 DEC 2012,1,816,ST,72,150,94
710-1278,V1,13 DEC 2012,2,817,ST,68,146,92
710-1278,V2,22 DEC 2012,0,815,SU,72,122,80
710-1278,V2,22 DEC 2012,1,816,ST,72,136,86
710-1278,V2,22 DEC 2012,2,817,ST,68,128,84
710-1278,V3,24 DEC 2012,0,815,SU,64,142,74
710-1278,V3,24 DEC 2012,1,816,ST,60,152,90
710-1278,V3,24 DEC 2012,2,817,ST,60,150,82
710-1278,V3E,06 JAN 2013,0,815,SU,76,138,90
710-1278,V3E,06 JAN 2013,1,816,ST,76,140,90
710-1278,V3E,06 JAN 2013,2,817,ST,72,136,92
710-1278,V4,07 JAN 2013,0,815,SU,76,134,72
710-1278,V4,07 JAN 2013,1,816,ST,72,132,70
710-1278,V4,07 JAN 2013,2,817,ST,72,134,74
710-1278,V5,24 JAN 2013,0,815,SU,80,120,68
710-1278,V5,24 JAN 2013,1,816,ST,76,122,80
710-1278,V5,24 JAN 2013,2,817,ST,80,120,70
710-1278,V6,26 JAN 2013,0,815,SU,76,150,80
710-1278,V6,26 JAN 2013,1,816,ST,72,144,86
710-1278,V6,26 JAN 2013,2,817,ST,72,148,84
710-1278,V7,07 FEB 2013,0,815,SU,64,138,88
710-1278,V7,07 FEB 2013,1,816,ST,72,132,90
710-1278,V7,07 FEB 2013,2,817,ST,68,134,86
710-1278,V8,21 FEB 2013,0,815,SU,72,134,84
710-1278,V8,21 FEB 2013,1,816,ST,72,136,90
710-1278,V8,21 FEB 2013,2,817,ST,68,138,88
710-1300,ET,19 FEB 2013,0,815,SU,76,170,80
710-1300,ET,19 FEB 2013,1,816,ST,72,158,90
710-1300,ET,19 FEB 2013,2,817,ST,72,160,88
710-1300,V1,04 DEC 2012,0,815,SU,76,150,74
710-1300,V1,04 DEC 2012,1,816,ST,76,140,70
710-1300,V1,04 DEC 2012,2,817,ST,72,144,72
710-1300,V2,13 DEC 2012,0,815,SU,68,154,80
710-1300,V2,13 DEC 2012,1,816,ST,64,150,88
710-1300,V2,13 DEC 2012,2,817,ST,64,150,86
710-1300,V3,15 DEC 2012,0,815,SU,68,154,74
710-1300,V3,15 DEC 2012,1,816,ST,64,154,80
710-1300,V3,15 DEC 2012,2,817,ST,64,152,78
710-1300,V3E,29 DEC 2012,0,815,SU,64,150,82
710-1300,V3E,29 DEC 2012,1,816,ST,64,148,82
710-1300,V3E,29 DEC 2012,2,817,ST,64,150,84
710-1300,V4,30 DEC 2012,0,815,SU,68,150,70
710-1300,V4,30 DEC 2012,1,816,ST,64,156,86
710-1300,V4,30 DEC 2012,2,817,ST,64,154,82
710-1300,V5,13 JAN 2013,0,815,SU,88,168,82
710-1300,V5,13 JAN 2013,1,816,ST,84,160,86
710-1300,V5,13 JAN 2013,2,817,ST,84,162,84
710-1300,V6,15 JAN 2013,0,815,SU,68,160,80
710-1300,V6,15 JAN 2013,1,816,ST,64,156,88
710-1300,V6,15 JAN 2013,2,817,ST,68,154,90
710-1300,V7,28 JAN 2013,0,815,SU,72,140,76
710-1300,V7,28 JAN 2013,1,816,ST,72,136,72
710-1300,V7,28 JAN 2013,2,817,ST,72,136,74
710-1300,V8,11 FEB 2013,0,815,SU,80,160,90
710-1300,V8,11 FEB 2013,1,816,ST,76,156,98
710-1300,V8,11 FEB 2013,2,817,ST,80,156,96
710-1314,V1,21 APR 2013,0,815,SU,72,160,60
710-1314,V1,21 APR 2013,1,816,ST,72,152,66
710-1314,V1,21 APR 2013,2,817,ST,68,154,62
710-1314,V2,22 APR 2013,0,815,SU,72,130,70
710-1314,V2,22 APR 2013,1,816,ST,72,140,66
710-1314,V2,22 APR 2013,2,817,ST,68,136,68
710-1314,V3,24 APR 2013,0,815,SU,56,160,60
710-1314,V3,24 APR 2013,1,816,ST,56,152,70
710-1314,V3,24 APR 2013,2,817,ST,60,150,68
710-1314,V3E,08 MAY 2013,0,815,SU,64,138,50
710-1314,V3E,08 MAY 2013,1,816,ST,60,138,52
710-1314,V3E,08 MAY 2013,2,817,ST,60,140,56
710-1314,V4,09 MAY 2013,0,815,SU,68,138,52
710-1314,V4,09 MAY 2013,1,816,ST,64,142,60
710-1314,V4,09 MAY 2013,2,817,ST,64,140,56
710-1314,V5,23 MAY 2013,0,815,SU,72,152,66
710-1314,V5,23 MAY 2013,1,816,ST,76,146,68
710-1314,V5,23 MAY 2013,2,817,ST,76,148,68
710-1315,ET,16 JUL 2013,0,815,SU,92,170,100
710-1315,ET,16 JUL 2013,1,816,ST,88,164,100
710-1315,ET,16 JUL 2013,2,817,ST,88,166,98
710-1315,V1,12 FEB 2013,0,815,SU,84,160,98
710-1315,V1,12 FEB 2013,1,816,ST,80,152,96
710-1315,V1,12 FEB 2013,2,817,ST,80,150,98
710-1315,V10,18 JUN 2013,0,815,SU,84,160,98
710-1315,V10,18 JUN 2013,1,816,ST,80,164,98
710-1315,V10,18 JUN 2013,2,817,ST,80,160,96
710-1315,V2,25 FEB 2013,0,815,SU,92,150,98
710-1315,V2,25 FEB 2013,1,816,ST,88,150,96
710-1315,V2,25 FEB 2013,2,817,ST,88,146,98
710-1315,V3,27 FEB 2013,0,815,SU,96,150,98
710-1315,V3,27 FEB 2013,1,816,ST,88,150,98
710-1315,V3,27 FEB 2013,2,817,ST,88,150,96
710-1315,V3E,12 MAR 2013,0,815,SU,96,160,98
710-1315,V3E,12 MAR 2013,1,816,ST,92,150,96
710-1315,V3E,12 MAR 2013,2,817,ST,92,148,98
710-1315,V4,13 MAR 2013,0,815,SU,88,152,96
710-1315,V4,13 MAR 2013,1,816,ST,84,150,98
710-1315,V4,13 MAR 2013,2,817,ST,84,150,96
710-1315,V5,26 MAR 2013,0,815,SU,88,148,90
710-1315,V5,26 MAR 2013,1,816,ST,84,142,94
710-1315,V5,26 MAR 2013,2,817,ST,84,144,92
710-1315,V6,28 MAR 2013,0,815,SU,78,150,98
710-1315,V6,28 MAR 2013,1,816,ST,76,146,98
710-1315,V6,28 MAR 2013,2,817,ST,76,148,98
710-1315,V7,10 APR 2013,0,815,SU,100,152,98
710-1315,V7,10 APR 2013,1,816,ST,96,140,92
710-1315,V7,10 APR 2013,2,817,ST,96,146,94
710-1315,V8,23 APR 2013,0,815,SU,84,156,98
710-1315,V8,23 APR 2013,1,816,ST,80,158,96
710-1315,V8,23 APR 2013,2,817,ST,80,154,98
710-1315,V9,21 MAY 2013,0,815,SU,96,160,98
710-1315,V9,21 MAY 2013,1,816,ST,96,164,98
710-1315,V9,21 MAY 2013,2,817,ST,92,162,98
710-1354,V1,29 OCT 2012,0,815,SU,68,140,90
710-1354,V1,29 OCT 2012,1,816,ST,64,136,90
710-1354,V1,29 OCT 2012,2,817,ST,64,138,88
710-1354,V10,02 MAR 2013,0,815,SU,76,134,90
710-1354,V10,02 MAR 2013,1,816,ST,76,124,88
710-1354,V10,02 MAR 2013,2,817,ST,72,126,90
710-1354,V11,30 MAR 2013,0,815,SU,64,130,92
710-1354,V11,30 MAR 2013,1,816,ST,64,120,92
710-1354,V11,30 MAR 2013,2,817,ST,64,122,90
710-1354,V12,21 APR 2013,0,815,SU,76,140,80
710-1354,V12,21 APR 2013,1,816,ST,76,130,78
710-1354,V12,21 APR 2013,2,817,ST,76,132,80
710-1354,V13,01 MAY 2013,0,815,SU,72,120,80
710-1354,V13,01 MAY 2013,1,816,ST,72,124,82
710-1354,V13,01 MAY 2013,2,817,ST,68,122,80
710-1354,V2,09 NOV 2012,0,815,SU,68,140,90
710-1354,V2,09 NOV 2012,1,816,ST,64,132,94
710-1354,V2,09 NOV 2012,2,817,ST,60,136,92
710-1354,V3,11 NOV 2012,0,815,SU,72,140,88
710-1354,V3,11 NOV 2012,1,816,ST,72,138,86
710-1354,V3,11 NOV 2012,2,817,ST,72,138,84
710-1354,V3E,24 NOV 2012,0,815,SU,80,116,80
710-1354,V3E,24 NOV 2012,1,816,ST,80,118,84
710-1354,V3E,24 NOV 2012,2,817,ST,76,116,82
710-1354,V4,25 NOV 2012,0,815,SU,76,130,90
710-1354,V4,25 NOV 2012,1,816,ST,76,120,90
710-1354,V4,25 NOV 2012,2,817,ST,72,124,88
710-1354,V5,08 DEC 2012,0,815,SU,68,134,86
710-1354,V5,08 DEC 2012,1,816,ST,64,124,88
710-1354,V5,08 DEC 2012,2,817,ST,68,126,86
710-1354,V6,12 DEC 2012,0,815,SU,68,134,86
710-1354,V6,12 DEC 2012,1,816,ST,68,130,90
710-1354,V6,12 DEC 2012,2,817,ST,64,132,88
710-1354,V7,22 DEC 2012,0,815,SU,76,136,90
710-1354,V7,22 DEC 2012,1,816,ST,76,130,80
710-1354,V7,22 DEC 2012,2,817,ST,72,132,86
710-1354,V8,06 JAN 2013,0,815,SU,80,136,90
710-1354,V8,06 JAN 2013,1,816,ST,80,142,88
710-1354,V8,06 JAN 2013,2,817,ST,84,140,92
710-1354,V9,02 FEB 2013,0,815,SU,64,100,70
710-1354,V9,02 FEB 2013,1,816,ST,60,110,80
710-1354,V9,02 FEB 2013,2,817,ST,64,108,78
710-1358,V1,02 SEP 2012,0,815,SU,64,140,84
710-1358,V1,02 SEP 2012,1,816,ST,60,146,70
710-1358,V1,02 SEP 2012,2,817,ST,60,144,72
710-1358,V10,09 JAN 2013,0,815,SU,64,130,80
710-1358,V10,09 JAN 2013,1,816,ST,60,140,86
710-1358,V10,09 JAN 2013,2,817,ST,60,138,84
710-1358,V11,06 FEB 2013,0,815,SU,60,140,70
710-1358,V11,06 FEB 2013,1,816,ST,64,146,80
710-1358,V11,06 FEB 2013,2,817,ST,64,144,78
710-1358,V2,15 SEP 2012,0,815,SU,80,122,70
710-1358,V2,15 SEP 2012,1,816,ST,76,118,70
710-1358,V2,15 SEP 2012,2,817,ST,76,120,68
710-1358,V3,17 SEP 2012,0,815,SU,64,150,80
710-1358,V3,17 SEP 2012,1,816,ST,60,152,80
710-1358,V3,17 SEP 2012,2,817,ST,60,150,76
710-1358,V3E,30 SEP 2012,0,815,SU,76,160,76
710-1358,V3E,30 SEP 2012,1,816,ST,72,154,78
710-1358,V3E,30 SEP 2012,2,817,ST,72,156,76
710-1358,V4,01 OCT 2012,0,815,SU,80,144,70
710-1358,V4,01 OCT 2012,1,816,ST,76,148,74
710-1358,V4,01 OCT 2012,2,817,ST,76,146,72
710-1358,V5,20 OCT 2012,0,815,SU,80,160,72
710-1358,V5,20 OCT 2012,1,816,ST,76,160,76
710-1358,V5,20 OCT 2012,2,817,ST,76,156,78
710-1358,V6,22 OCT 2012,0,815,SU,68,152,70
710-1358,V6,22 OCT 2012,1,816,ST,68,154,86
710-1358,V6,22 OCT 2012,2,817,ST,64,152,84
710-1358,V7,30 OCT 2012,0,815,SU,68,154,80
710-1358,V7,30 OCT 2012,1,816,ST,64,154,86
710-1358,V7,30 OCT 2012,2,817,ST,68,152,84
710-1358,V8,14 NOV 2012,0,815,SU,68,160,80
710-1358,V8,14 NOV 2012,1,816,ST,68,170,90
710-1358,V8,14 NOV 2012,2,817,ST,64,166,88
710-1358,V9,12 DEC 2012,0,815,SU,72,156,80
710-1358,V9,12 DEC 2012,1,816,ST,72,152,90
710-1358,V9,12 DEC 2012,2,817,ST,68,150,88
710-1368,V1,21 OCT 2013,0,815,SU,76,130,80
710-1368,V1,21 OCT 2013,1,816,ST,76,130,74
710-1368,V1,21 OCT 2013,2,817,ST,72,128,72
710-1368,V10,12 FEB 2014,0,815,SU,80,124,80
710-1368,V10,12 FEB 2014,1,816,ST,76,126,70
710-1368,V10,12 FEB 2014,2,817,ST,76,122,72
710-1368,V11,12 MAR 2014,0,815,SU,80,150,70
710-1368,V11,12 MAR 2014,1,816,ST,76,146,72
710-1368,V11,12 MAR 2014,2,817,ST,76,148,70
710-1368,V12,09 APR 2014,0,815,SU,84,150,70
710-1368,V12,09 APR 2014,1,816,ST,84,146,78
710-1368,V12,09 APR 2014,2,817,ST,80,144,76
710-1368,V13,24 APR 2014,0,815,SU,84,126,80
710-1368,V13,24 APR 2014,1,816,ST,80,130,82
710-1368,V13,24 APR 2014,2,817,ST,80,132,80
710-1368,V2,22 OCT 2013,0,815,SU,76,142,62
710-1368,V2,22 OCT 2013,1,816,ST,72,140,68
710-1368,V2,22 OCT 2013,2,817,ST,74,132,64
710-1368,V3,23 OCT 2013,0,815,SU,84,160,84
710-1368,V3,23 OCT 2013,1,816,ST,80,154,80
710-1368,V3,23 OCT 2013,2,817,ST,80,156,84
710-1368,V3E,05 NOV 2013,0,815,SU,68,130,72
710-1368,V3E,05 NOV 2013,1,816,ST,64,138,70
710-1368,V3E,05 NOV 2013,2,817,ST,64,136,74
710-1368,V4,06 NOV 2013,0,815,SU,80,130,70
710-1368,V4,06 NOV 2013,1,816,ST,76,126,78
710-1368,V4,06 NOV 2013,2,817,ST,76,124,74
710-1368,V5,20 NOV 2013,0,815,SU,76,120,62
710-1368,V5,20 NOV 2013,1,816,ST,80,120,60
710-1368,V5,20 NOV 2013,2,817,ST,80,118,60
710-1368,V6,22 NOV 2013,0,815,SU,84,120,66
710-1368,V6,22 NOV 2013,1,816,ST,80,130,70
710-1368,V6,22 NOV 2013,2,817,ST,80,126,68
710-1368,V7,04 DEC 2013,0,815,SU,88,130,70
710-1368,V7,04 DEC 2013,1,816,ST,84,132,70
710-1368,V7,04 DEC 2013,2,817,ST,84,130,74
710-1368,V8,19 DEC 2013,0,815,SU,80,150,74
710-1368,V8,19 DEC 2013,1,816,ST,76,146,70
710-1368,V8,19 DEC 2013,2,817,ST,76,144,72
710-1368,V9,15 JAN 2014,0,815,SU,80,130,60
710-1368,V9,15 JAN 2014,1,816,ST,80,120,60
710-1368,V9,15 JAN 2014,2,817,ST,80,124,62
710-1385,ET,18 FEB 2013,0,815,SU,60,130,80
710-1385,ET,18 FEB 2013,1,816,ST,56,130,88
710-1385,ET,18 FEB 2013,2,817,ST,56,130,86
710-1385,V1,21 OCT 2012,0,815,SU,92,162,94
710-1385,V1,21 OCT 2012,1,816,ST,88,170,98
710-1385,V1,21 OCT 2012,2,817,ST,88,164,96
710-1385,V2,27 OCT 2012,0,815,SU,72,152,94
710-1385,V2,27 OCT 2012,1,816,ST,72,154,96
710-1385,V2,27 OCT 2012,2,817,ST,68,152,98
710-1385,V3,29 OCT 2012,0,815,SU,76,160,100
710-1385,V3,29 OCT 2012,1,816,ST,76,160,98
710-1385,V3,29 OCT 2012,2,817,ST,72,160,100
710-1385,V3E,11 NOV 2012,0,815,SU,60,150,100
710-1385,V3E,11 NOV 2012,1,816,ST,56,150,98
710-1385,V3E,11 NOV 2012,2,817,ST,60,148,96
710-1385,V4,12 NOV 2012,0,815,SU,116,130,90
710-1385,V4,12 NOV 2012,1,816,ST,112,134,98
710-1385,V4,12 NOV 2012,2,817,ST,112,136,94
710-1385,V5,26 NOV 2012,0,815,SU,88,140,90
710-1385,V5,26 NOV 2012,1,816,ST,84,140,98
710-1385,V5,26 NOV 2012,2,817,ST,84,142,96
710-1385,V6,30 NOV 2012,0,815,SU,84,150,90
710-1385,V6,30 NOV 2012,1,816,ST,80,156,96
710-1385,V6,30 NOV 2012,2,817,ST,80,154,92
710-1385,V7,10 DEC 2012,0,815,SU,76,162,98
710-1385,V7,10 DEC 2012,1,816,ST,72,160,100
710-1385,V7,10 DEC 2012,2,817,ST,72,160,98
710-1385,V8,25 DEC 2012,0,815,SU,84,140,82
710-1385,V8,25 DEC 2012,1,816,ST,78,136,88
710-1385,V8,25 DEC 2012,2,817,ST,78,144,88
710-1385,V9,21 JAN 2013,0,815,SU,72,150,90
710-1385,V9,21 JAN 2013,1,816,ST,76,156,94
710-1385,V9,21 JAN 2013,2,817,ST,76,152,92
710-1408,V1,26 DEC 2012,0,815,SU,78,158,74
710-1408,V1,26 DEC 2012,1,816,ST,76,160,80
710-1408,V1,26 DEC 2012,2,817,ST,76,148,84
710-1408,V10,03 MAY 2013,0,815,SU,80,150,80
710-1408,V10,03 MAY 2013,1,816,ST,80,140,84
710-1408,V10,03 MAY 2013,2,817,ST,76,142,78
710-1408,V11,31 MAY 2013,0,815,SU,76,154,90
710-1408,V11,31 MAY 2013,1,816,ST,80,142,90
710-1408,V11,31 MAY 2013,2,817,ST,76,146,92
710-1408,V12,28 JUN 2013,0,815,SU,84,142,80
710-1408,V12,28 JUN 2013,1,816,ST,80,144,90
710-1408,V12,28 JUN 2013,2,817,ST,80,140,88
710-1408,V13,12 JUL 2013,0,815,SU,92,122,80
710-1408,V13,12 JUL 2013,1,816,ST,88,130,80
710-1408,V13,12 JUL 2013,2,817,ST,88,128,82
710-1408,V2,03 JAN 2013,0,815,SU,68,158,80
710-1408,V2,03 JAN 2013,1,816,ST,64,148,88
710-1408,V2,03 JAN 2013,2,817,ST,64,150,84
710-1408,V3,05 JAN 2013,0,815,SU,80,170,98
710-1408,V3,05 JAN 2013,1,816,ST,76,166,98
710-1408,V3,05 JAN 2013,2,817,ST,76,168,96
710-1408,V3E,23 JAN 2013,0,815,SU,80,120,72
710-1408,V3E,23 JAN 2013,1,816,ST,80,118,80
710-1408,V3E,23 JAN 2013,2,817,ST,76,116,80
710-1408,V4,24 JAN 2013,0,815,SU,74,118,60
710-1408,V4,24 JAN 2013,1,816,ST,68,118,68
710-1408,V4,24 JAN 2013,2,817,ST,72,120,64
710-1408,V5,07 FEB 2013,0,815,SU,92,120,66
710-1408,V5,07 FEB 2013,1,816,ST,88,118,70
710-1408,V5,07 FEB 2013,2,817,ST,88,116,68
710-1408,V6,09 FEB 2013,0,815,SU,88,130,74
710-1408,V6,09 FEB 2013,1,816,ST,84,132,80
710-1408,V6,09 FEB 2013,2,817,ST,84,130,78
710-1408,V7,20 FEB 2013,0,815,SU,80,140,82
710-1408,V7,20 FEB 2013,1,816,ST,76,130,80
710-1408,V7,20 FEB 2013,2,817,ST,76,126,84
710-1408,V8,07 MAR 2013,0,815,SU,80,142,90
710-1408,V8,07 MAR 2013,1,816,ST,80,136,90
710-1408,V8,07 MAR 2013,2,817,ST,84,138,92
710-1408,V9,04 APR 2013,0,815,SU,80,146,86
710-1408,V9,04 APR 2013,1,816,ST,80,150,90
710-1408,V9,04 APR 2013,2,817,ST,76,154,88
711-1012,ET,02 MAY 2013,0,815,SU,064,150,070
711-1012,ET,02 MAY 2013,1,816,ST,072,120,068
711-1012,ET,02 MAY 2013,2,817,ST,076,118,066
711-1012,V1,20 MAR 2013,0,815,SU,89,160,076
711-1012,V1,20 MAR 2013,1,816,ST,84,122,072
711-1012,V1,20 MAR 2013,2,817,ST,87,140,076
711-1012,V2,01 APR 2013,0,815,SU,064,160,078
711-1012,V2,01 APR 2013,1,816,ST,080,110,066
711-1012,V2,01 APR 2013,2,817,ST,080,132,066
711-1012,V201,18 SEP 2013,0,815,SU,068,158,082
711-1012,V201,18 SEP 2013,1,816,ST,064,150,074
711-1012,V201,18 SEP 2013,2,817,ST,064,140,068
711-1012,V3,03 APR 2013,0,815,SU,080,154,080
711-1012,V3,03 APR 2013,1,816,ST,092,126,078
711-1012,V3,03 APR 2013,2,817,ST,088,144,082
711-1012,V3E,16 APR 2013,0,815,SU,068,144,074
711-1012,V3E,16 APR 2013,1,816,ST,080,136,068
711-1012,V3E,16 APR 2013,2,817,ST,084,126,074
711-1012,V4,17 APR 2013,0,815,SU,084,152,080
711-1012,V4,17 APR 2013,1,816,ST,092,128,074
711-1012,V4,17 APR 2013,2,817,ST,092,136,078
711-1036,V1,20 JUL 2012,0,815,SU,68,140,68
711-1036,V1,20 JUL 2012,1,816,ST,84,127,56
711-1036,V1,20 JUL 2012,2,817,ST,80,120,54
711-1036,V10,17 NOV 2012,0,815,SU,064,140,066
711-1036,V10,17 NOV 2012,1,816,ST,076,140,068
711-1036,V10,17 NOV 2012,2,817,ST,088,128,070
711-1036,V11,15 DEC 2012,0,815,SU,068,134,076
711-1036,V11,15 DEC 2012,1,816,ST,080,118,070
711-1036,V11,15 DEC 2012,2,817,ST,084,110,070
711-1036,V12,13 JAN 2013,0,815,SU,064,158,076
711-1036,V12,13 JAN 2013,1,816,ST,080,144,078
711-1036,V12,13 JAN 2013,2,817,ST,080,130,074
711-1036,V13,10 FEB 2013,0,815,SU,068,146,076
711-1036,V13,10 FEB 2013,1,816,ST,076,118,070
711-1036,V13,10 FEB 2013,2,817,ST,080,112,062
711-1036,V2,27 JUL 2012,0,815,SU,066,132,070
711-1036,V2,27 JUL 2012,1,816,ST,080,128,064
711-1036,V2,27 JUL 2012,2,817,ST,080,120,066
711-1036,V3,29 JUL 2012,0,815,SU,60,150,072
711-1036,V3,29 JUL 2012,1,816,ST,72,120,074
711-1036,V3,29 JUL 2012,2,817,ST,72,126,070
711-1036,V3E,11 AUG 2012,0,815,SU,80,120,062
711-1036,V3E,11 AUG 2012,1,816,ST,92,116,066
711-1036,V3E,11 AUG 2012,2,817,ST,96,118,066
711-1036,V4,12 AUG 2012,0,815,SU,068,134,064
711-1036,V4,12 AUG 2012,1,816,ST,084,114,064
711-1036,V4,12 AUG 2012,2,817,ST,084,114,064
711-1036,V5,29 AUG 2012,0,815,SU,64,156,066
711-1036,V5,29 AUG 2012,1,816,ST,72,130,062
711-1036,V5,29 AUG 2012,2,817,ST,76,128,066
711-1036,V6,31 AUG 2012,0,815,SU,72,130,066
711-1036,V6,31 AUG 2012,1,816,ST,76,112,060
711-1036,V6,31 AUG 2012,2,817,ST,80,110,060
711-1036,V7,09 SEP 2012,0,815,SU,072,152,076
711-1036,V7,09 SEP 2012,1,816,ST,084,130,074
711-1036,V7,09 SEP 2012,2,817,ST,080,128,072
711-1036,V8,23 SEP 2012,0,815,SU,068,156,074
711-1036,V8,23 SEP 2012,1,816,ST,084,124,070
711-1036,V8,23 SEP 2012,2,817,ST,084,130,070
711-1036,V9,21 OCT 2012,0,815,SU,076,140,070
711-1036,V9,21 OCT 2012,1,816,ST,096,130,068
711-1036,V9,21 OCT 2012,2,817,ST,104,126,070
711-1143,ET,01 JUN 2013,0,815,SU,060,144,070
711-1143,ET,01 JUN 2013,1,816,ST,064,132,068
711-1143,ET,01 JUN 2013,2,817,ST,064,138,068
711-1143,V1,30 MAR 2013,0,815,SU,56,150,078
711-1143,V1,30 MAR 2013,1,816,ST,64,142,066
711-1143,V1,30 MAR 2013,2,817,ST,64,158,068
711-1143,V2,01 APR 2013,0,815,SU,072,170,080
711-1143,V2,01 APR 2013,1,816,ST,068,140,070
711-1143,V2,01 APR 2013,2,817,ST,068,160,072
711-1143,V201,22 SEP 2013,0,815,SU,056,168,076
711-1143,V201,22 SEP 2013,1,816,ST,072,140,072
711-1143,V201,22 SEP 2013,2,817,ST,076,142,070
711-1143,V3,03 APR 2013,0,815,SU,072,164,076
711-1143,V3,03 APR 2013,1,816,ST,068,140,072
711-1143,V3,03 APR 2013,2,817,ST,068,150,072
711-1143,V3E,16 APR 2013,0,815,SU,068,164,068
711-1143,V3E,16 APR 2013,1,816,ST,064,162,070
711-1143,V3E,16 APR 2013,2,817,ST,064,160,072
711-1143,V4,17 APR 2013,0,815,SU,060,160,070
711-1143,V4,17 APR 2013,1,816,ST,064,158,074
711-1143,V4,17 APR 2013,2,817,ST,064,160,074
711-1143,V5,29 APR 2013,0,815,SU,060,168,080
711-1143,V5,29 APR 2013,1,816,ST,080,150,072
711-1143,V5,29 APR 2013,2,817,ST,080,160,072
711-1143,V6,01 MAY 2013,0,815,SU,064,140,070
711-1143,V6,01 MAY 2013,1,816,ST,060,124,068
711-1143,V6,01 MAY 2013,2,817,ST,068,116,062
711-1143,V7,15 MAY 2013,0,815,SU,064,162,078
711-1143,V7,15 MAY 2013,1,816,ST,060,140,076
711-1143,V7,15 MAY 2013,2,817,ST,064,160,076
711-1143,V8,28 MAY 2013,0,815,SU,064,160,072
711-1143,V8,28 MAY 2013,1,816,ST,068,130,076
711-1143,V8,28 MAY 2013,2,817,ST,068,126,074
711-1433,ET,06 FEB 2013,0,815,SU,94,126,086
711-1433,ET,06 FEB 2013,1,816,ST,96,110,090
711-1433,V1,23 JAN 2013,0,815,SU,80,146,094
711-1433,V1,23 JAN 2013,1,816,ST,84,148,092
711-1433,V1,23 JAN 2013,2,817,ST,92,146,094
711-1433,V2,25 JAN 2013,0,815,SU,80,160,094
711-1433,V2,25 JAN 2013,1,816,ST,88,140,092
711-1433,V2,25 JAN 2013,2,817,ST,92,140,094
711-1433,V3,27 JAN 2013,0,815,SU,086,142,090
711-1433,V3,27 JAN 2013,1,816,ST,097,118,072
711-1433,V3,27 JAN 2013,2,817,ST,082,136,086
713-1043,V1,17 AUG 2013,0,815,SU,76,160,60
713-1043,V1,17 AUG 2013,1,816,ST,80,150,50
713-1043,V1,17 AUG 2013,2,817,ST,80,150,60
713-1043,V10,03 JAN 2014,0,815,SU,68,130,60
713-1043,V10,03 JAN 2014,1,816,ST,76,140,60
713-1043,V10,03 JAN 2014,2,817,ST,76,150,60
713-1043,V11,26 JAN 2014,0,815,SU,72,130,71
713-1043,V11,26 JAN 2014,1,816,ST,70,130,70
713-1043,V11,26 JAN 2014,2,817,ST,71,130,80
713-1043,V12,28 FEB 2014,0,815,SU,80,100,70
713-1043,V12,28 FEB 2014,1,816,ST,88,120,60
713-1043,V12,28 FEB 2014,2,817,ST,96,150,70
713-1043,V13,24 MAR 2014,0,815,SU,68,130,60
713-1043,V13,24 MAR 2014,1,816,ST,92,140,60
713-1043,V13,24 MAR 2014,2,817,ST,82,150,58
713-1043,V2,13 SEP 2013,0,815,SU,60,150,70
713-1043,V2,13 SEP 2013,1,816,ST,76,140,60
713-1043,V2,13 SEP 2013,2,817,ST,82,130,50
713-1043,V3,15 SEP 2013,0,815,SU,80,130,60
713-1043,V3,15 SEP 2013,1,816,ST,80,150,60
713-1043,V3,15 SEP 2013,2,817,ST,96,140,70
713-1043,V3E,29 SEP 2013,0,815,SU,100,140,50
713-1043,V3E,29 SEP 2013,1,816,ST,68,150,50
713-1043,V3E,29 SEP 2013,2,817,ST,80,160,60
713-1043,V4,30 SEP 2013,0,815,SU,88,150,60
713-1043,V4,30 SEP 2013,1,816,ST,80,140,60
713-1043,V4,30 SEP 2013,2,817,ST,102,160,60
713-1043,V5,11 OCT 2013,0,815,SU,82,150,60
713-1043,V5,11 OCT 2013,1,816,ST,80,160,50
713-1043,V5,11 OCT 2013,2,817,ST,100,120,60
713-1043,V6,13 OCT 2013,0,815,SU,88,150,60
713-1043,V6,13 OCT 2013,1,816,ST,96,150,70
713-1043,V6,13 OCT 2013,2,817,ST,96,160,70
713-1043,V7,01 NOV 2013,0,815,SU,76,140,50
713-1043,V7,01 NOV 2013,1,816,ST,80,130,60
713-1043,V7,01 NOV 2013,2,817,ST,88,160,60
713-1043,V8,11 NOV 2013,0,815,SU,76,130,70
713-1043,V8,11 NOV 2013,1,816,ST,68,130,60
713-1043,V8,11 NOV 2013,2,817,ST,100,130,60
713-1043,V9,06 DEC 2013,0,815,SU,82,150,60
713-1043,V9,06 DEC 2013,1,816,ST,80,140,70
713-1043,V9,06 DEC 2013,2,817,ST,68,150,60
713-1073,V1,15 MAR 2014,0,815,SU,65,140,70
713-1073,V1,15 MAR 2014,1,816,ST,60,160,90
713-1073,V1,15 MAR 2014,2,817,ST,72,160,92
713-1073,V10,21 JUL 2014,0,815,SU,72,140,85
713-1073,V10,21 JUL 2014,1,816,ST,71,140,80
713-1073,V10,21 JUL 2014,2,817,ST,78,140,90
713-1073,V11,17 AUG 2014,0,815,SU,66,140,71
713-1073,V11,17 AUG 2014,1,816,ST,68,140,70
713-1073,V11,17 AUG 2014,2,817,ST,71,140,70
713-1073,V12,21 SEP 2014,0,815,SU,80,150,90
713-1073,V12,21 SEP 2014,1,816,ST,81,150,90
713-1073,V12,21 SEP 2014,2,817,ST,80,155,90
713-1073,V13,05 OCT 2014,0,815,SU,65,140,90
713-1073,V13,05 OCT 2014,1,816,ST,62,150,90
713-1073,V13,05 OCT 2014,2,817,ST,62,150,90
713-1073,V2,28 MAR 2014,0,815,SU,78,130,80
713-1073,V2,28 MAR 2014,1,816,ST,78,140,80
713-1073,V2,28 MAR 2014,2,817,ST,79,145,80
713-1073,V3,30 MAR 2014,0,815,SU,85,140,90
713-1073,V3,30 MAR 2014,1,816,ST,84,150,90
713-1073,V3,30 MAR 2014,2,817,ST,88,150,100
713-1073,V4,14 APR 2014,0,815,SU,68,150,90
713-1073,V4,14 APR 2014,1,816,ST,74,140,90
713-1073,V4,14 APR 2014,2,817,ST,80,150,90
713-1073,V5,26 APR 2014,0,815,SU,64,160,100
713-1073,V5,26 APR 2014,1,816,ST,63,160,95
713-1073,V5,26 APR 2014,2,817,ST,62,160,95
713-1073,V6,28 APR 2014,0,815,SU,60,130,60
713-1073,V6,28 APR 2014,1,816,ST,80,140,70
713-1073,V6,28 APR 2014,2,817,ST,78,130,70
713-1073,V7,12 MAY 2014,0,815,SU,84,150,92
713-1073,V7,12 MAY 2014,1,816,ST,88,150,90
713-1073,V7,12 MAY 2014,2,817,ST,89,150,90
713-1073,V8,25 MAY 2014,0,815,SU,82,140,90
713-1073,V8,25 MAY 2014,1,816,ST,92,140,90
713-1073,V8,25 MAY 2014,2,817,ST,92,150,90
713-1073,V9,22 JUN 2014,0,815,SU,78,140,90
713-1073,V9,22 JUN 2014,1,816,ST,76,150,90
713-1073,V9,22 JUN 2014,2,817,ST,80,150,90
713-1106,V1,03 OCT 2012,0,815,SU,56,144,60
713-1106,V1,03 OCT 2012,1,816,ST,68,150,60
713-1106,V1,03 OCT 2012,2,817,ST,68,140,70
713-1106,V10,27 FEB 2013,0,815,SU,72,130,50
713-1106,V10,27 FEB 2013,1,816,ST,82,120,60
713-1106,V10,27 FEB 2013,2,817,ST,80,130,60
713-1106,V11,20 MAR 2013,0,815,SU,80,120,60
713-1106,V11,20 MAR 2013,1,816,ST,82,110,60
713-1106,V11,20 MAR 2013,2,817,ST,72,100,60
713-1106,V12,22 APR 2013,0,815,SU,76,150,60
713-1106,V12,22 APR 2013,1,816,ST,60,110,50
713-1106,V12,22 APR 2013,2,817,ST,76,90,50
713-1106,V13,06 MAY 2013,0,815,SU,60,110,50
713-1106,V13,06 MAY 2013,1,816,ST,80,110,50
713-1106,V13,06 MAY 2013,2,817,ST,72,100,50
713-1106,V2,29 OCT 2012,0,815,SU,82,130,060
713-1106,V2,29 OCT 2012,1,816,ST,76,130,060
713-1106,V2,29 OCT 2012,2,817,ST,82,130,040
713-1106,V3,31 OCT 2012,0,815,SU,82,130,60
713-1106,V3,31 OCT 2012,1,816,ST,80,130,60
713-1106,V3,31 OCT 2012,2,817,ST,82,130,60
713-1106,V3E,14 NOV 2012,0,815,SU,68,130,60
713-1106,V3E,14 NOV 2012,1,816,ST,80,130,70
713-1106,V3E,14 NOV 2012,2,817,ST,93,120,60
713-1106,V4,15 NOV 2012,0,815,SU,75,130,70
713-1106,V4,15 NOV 2012,1,816,ST,78,140,70
713-1106,V4,15 NOV 2012,2,817,ST,78,140,70
713-1106,V5,26 NOV 2012,0,815,SU,68,150,70
713-1106,V5,26 NOV 2012,1,816,ST,56,130,70
713-1106,V5,26 NOV 2012,2,817,ST,76,140,70
713-1106,V6,28 NOV 2012,0,815,SU,76,140,60
713-1106,V6,28 NOV 2012,1,816,ST,88,140,70
713-1106,V6,28 NOV 2012,2,817,ST,68,140,70
713-1106,V7,09 DEC 2012,0,815,SU,68,130,70
713-1106,V7,09 DEC 2012,1,816,ST,88,110,70
713-1106,V7,09 DEC 2012,2,817,ST,88,110,70
713-1106,V8,27 DEC 2012,0,815,SU,62,130,60
713-1106,V8,27 DEC 2012,1,816,ST,76,140,60
713-1106,V8,27 DEC 2012,2,817,ST,76,130,60
713-1106,V9,10 FEB 2013,0,815,SU,80,130,70
713-1106,V9,10 FEB 2013,1,816,ST,80,110,70
713-1106,V9,10 FEB 2013,2,817,ST,62,110,60
713-1141,ET,06 AUG 2013,0,815,SU,,,
713-1141,ET,06 AUG 2013,1,816,ST,68,140,080
713-1141,ET,06 AUG 2013,2,817,ST,80,130,090
713-1141,V1,23 MAY 2013,0,815,SU,72,110,70
713-1141,V1,23 MAY 2013,1,816,ST,80,118,70
713-1141,V1,23 MAY 2013,2,817,ST,64,120,70
713-1141,V2,29 MAY 2013,0,815,SU,80,110,70
713-1141,V2,29 MAY 2013,1,816,ST,82,130,70
713-1141,V2,29 MAY 2013,2,817,ST,80,120,70
713-1141,V3,31 MAY 2013,0,815,SU,82,122,70
713-1141,V3,31 MAY 2013,1,816,ST,68,120,60
713-1141,V3,31 MAY 2013,2,817,ST,80,120,80
713-1141,V3E,13 JUN 2013,0,815,SU,64,112,68
713-1141,V3E,13 JUN 2013,1,816,ST,80,104,68
713-1141,V3E,13 JUN 2013,2,817,ST,80,112,70
713-1141,V4,14 JUN 2013,0,815,SU,64,114,70
713-1141,V4,14 JUN 2013,1,816,ST,68,106,70
713-1141,V4,14 JUN 2013,2,817,ST,68,112,70
713-1141,V5,26 JUN 2013,0,815,SU,88,114,64
713-1141,V5,26 JUN 2013,1,816,ST,82,100,60
713-1141,V5,26 JUN 2013,2,817,ST,82,110,60
713-1141,V6,28 JUN 2013,0,815,SU,86,120,060
713-1141,V6,28 JUN 2013,1,816,ST,88,110,060
713-1141,V6,28 JUN 2013,2,817,ST,76,110,050
713-1179,V1,11 JUL 2013,0,815,SU,80,150,90
713-1179,V1,11 JUL 2013,1,816,ST,80,150,90
713-1179,V1,11 JUL 2013,2,817,ST,76,130,80
713-1179,V10,26 NOV 2013,0,815,SU,56,160,90
713-1179,V10,26 NOV 2013,1,816,ST,60,160,80
713-1179,V10,26 NOV 2013,2,817,ST,68,160,80
713-1179,V11,01 JAN 2014,0,815,SU,80,120,70
713-1179,V11,01 JAN 2014,1,816,ST,76,100,70
713-1179,V11,01 JAN 2014,2,817,ST,68,130,80
713-1179,V12,24 JAN 2014,0,815,SU,56,130,60
713-1179,V12,24 JAN 2014,1,816,ST,52,120,80
713-1179,V12,24 JAN 2014,2,817,ST,60,130,80
713-1179,V13,05 FEB 2014,0,815,SU,68,110,60
713-1179,V13,05 FEB 2014,1,816,ST,68,130,80
713-1179,V13,05 FEB 2014,2,817,ST,88,110,60
713-1179,V2,07 AUG 2013,0,815,SU,62,150,70
713-1179,V2,07 AUG 2013,1,816,ST,68,110,70
713-1179,V2,07 AUG 2013,2,817,ST,72,90,70
713-1179,V3,09 AUG 2013,0,815,SU,56,120,70
713-1179,V3,09 AUG 2013,1,816,ST,56,110,70
713-1179,V3,09 AUG 2013,2,817,ST,68,110,70
713-1179,V3E,23 AUG 2013,0,815,SU,60,130,70
713-1179,V3E,23 AUG 2013,1,816,ST,62,130,80
713-1179,V3E,23 AUG 2013,2,817,ST,68,90,60
713-1179,V4,24 AUG 2013,0,815,SU,60,120,70
713-1179,V4,24 AUG 2013,1,816,ST,60,140,80
713-1179,V4,24 AUG 2013,2,817,ST,62,130,90
713-1179,V5,05 SEP 2013,0,815,SU,52,130,70
713-1179,V5,05 SEP 2013,1,816,ST,62,110,60
713-1179,V5,05 SEP 2013,2,817,ST,68,100,70
713-1179,V6,07 SEP 2013,0,815,SU,60,140,60
713-1179,V6,07 SEP 2013,1,816,ST,72,150,90
713-1179,V6,07 SEP 2013,2,817,ST,72,136,70
713-1179,V7,19 SEP 2013,0,815,SU,72,130,70
713-1179,V7,19 SEP 2013,1,816,ST,68,150,90
713-1179,V7,19 SEP 2013,2,817,ST,68,130,80
713-1179,V8,04 OCT 2013,0,815,SU,68,130,70
713-1179,V8,04 OCT 2013,1,816,ST,76,120,70
713-1179,V8,04 OCT 2013,2,817,ST,72,140,70
713-1179,V9,06 NOV 2013,0,815,SU,68,140,70
713-1179,V9,06 NOV 2013,1,816,ST,68,140,80
713-1179,V9,06 NOV 2013,2,817,ST,68,130,80
713-1209,V1,16 MAY 2013,0,815,SU,72,130,70
713-1209,V1,16 MAY 2013,1,816,ST,80,130,60
713-1209,V1,16 MAY 2013,2,817,ST,82,120,70
713-1209,V10,15 SEP 2013,0,815,SU,68,150,80
713-1209,V10,15 SEP 2013,1,816,ST,82,150,80
713-1209,V10,15 SEP 2013,2,817,ST,80,140,80
713-1209,V11,14 OCT 2013,0,815,SU,80,120,70
713-1209,V11,14 OCT 2013,1,816,ST,88,120,70
713-1209,V11,14 OCT 2013,2,817,ST,68,124,70
713-1209,V12,14 NOV 2013,0,815,SU,82,130,70
713-1209,V12,14 NOV 2013,1,816,ST,88,140,70
713-1209,V12,14 NOV 2013,2,817,ST,96,130,70
713-1209,V13,22 NOV 2013,0,815,SU,88,110,60
713-1209,V13,22 NOV 2013,1,816,ST,88,120,70
713-1209,V13,22 NOV 2013,2,817,ST,88,130,60
713-1209,V2,25 MAY 2013,0,815,SU,80,130,70
713-1209,V2,25 MAY 2013,1,816,ST,88,120,80
713-1209,V2,25 MAY 2013,2,817,ST,80,130,76
713-1209,V3,27 MAY 2013,0,815,SU,76,120,70
713-1209,V3,27 MAY 2013,1,816,ST,68,110,70
713-1209,V3,27 MAY 2013,2,817,ST,82,130,80
713-1209,V3E,13 JUN 2013,0,815,SU,80,150,70
713-1209,V3E,13 JUN 2013,1,816,ST,80,120,70
713-1209,V3E,13 JUN 2013,2,817,ST,82,130,70
713-1209,V4,14 JUN 2013,0,815,SU,80,120,60
713-1209,V4,14 JUN 2013,1,816,ST,88,120,60
713-1209,V4,14 JUN 2013,2,817,ST,88,120,60
713-1209,V5,22 JUN 2013,0,815,SU,88,150,70
713-1209,V5,22 JUN 2013,1,816,ST,93,130,70
713-1209,V5,22 JUN 2013,2,817,ST,82,130,70
713-1209,V6,24 JUN 2013,0,815,SU,84,130,74
713-1209,V6,24 JUN 2013,1,816,ST,80,140,78
713-1209,V6,24 JUN 2013,2,817,ST,88,120,80
713-1209,V7,08 JUL 2013,0,815,SU,80,120,60
713-1209,V7,08 JUL 2013,1,816,ST,93,100,60
713-1209,V7,08 JUL 2013,2,817,ST,80,90,60
713-1209,V8,22 JUL 2013,0,815,SU,76,110,80
713-1209,V8,22 JUL 2013,1,816,ST,76,150,60
713-1209,V8,22 JUL 2013,2,817,ST,68,120,60
713-1209,V9,19 AUG 2013,0,815,SU,76,100,60
713-1209,V9,19 AUG 2013,1,816,ST,68,110,60
713-1209,V9,19 AUG 2013,2,817,ST,88,110,60
713-1256,V1,10 SEP 2012,0,815,SU,80,110,60
713-1256,V1,10 SEP 2012,1,816,ST,80,94,60
713-1256,V1,10 SEP 2012,2,817,ST,96,80,60
713-1256,V10,08 JAN 2013,0,815,SU,82,90,50
713-1256,V10,08 JAN 2013,1,816,ST,80,80,50
713-1256,V10,08 JAN 2013,2,817,ST,76,76,50
713-1256,V11,03 FEB 2013,0,815,SU,80,90,60
713-1256,V11,03 FEB 2013,1,816,ST,80,90,60
713-1256,V11,03 FEB 2013,2,817,ST,92,80,60
713-1256,V12,09 MAR 2013,0,815,SU,76,100,60
713-1256,V12,09 MAR 2013,1,816,ST,76,90,60
713-1256,V12,09 MAR 2013,2,817,ST,76,100,60
713-1256,V13,25 MAR 2013,0,815,SU,94,100,60
713-1256,V13,25 MAR 2013,1,816,ST,92,90,50
713-1256,V13,25 MAR 2013,2,817,ST,92,100,60
713-1256,V2,17 SEP 2012,0,815,SU,88,110,60
713-1256,V2,17 SEP 2012,1,816,ST,80,70,50
713-1256,V2,17 SEP 2012,2,817,ST,68,78,56
713-1256,V3,19 SEP 2012,0,815,SU,82,90,60
713-1256,V3,19 SEP 2012,1,816,ST,82,90,56
713-1256,V3,19 SEP 2012,2,817,ST,80,80,54
713-1256,V3E,02 OCT 2012,0,815,SU,82,100,60
713-1256,V3E,02 OCT 2012,1,816,ST,82,90,56
713-1256,V3E,02 OCT 2012,2,817,ST,82,100,60
713-1256,V4,03 OCT 2012,0,815,SU,82,110,60
713-1256,V4,03 OCT 2012,1,816,ST,80,100,70
713-1256,V4,03 OCT 2012,2,817,ST,80,100,60
713-1256,V5,15 OCT 2012,0,815,SU,62,100,60
713-1256,V5,15 OCT 2012,1,816,ST,62,90,60
713-1256,V5,15 OCT 2012,2,817,ST,88,84,60
713-1256,V6,17 OCT 2012,0,815,SU,68,100,66
713-1256,V6,17 OCT 2012,1,816,ST,72,100,60
713-1256,V6,17 OCT 2012,2,817,ST,88,80,60
713-1256,V7,31 OCT 2012,0,815,SU,68,100,60
713-1256,V7,31 OCT 2012,1,816,ST,82,80,60
713-1256,V7,31 OCT 2012,2,817,ST,93,84,60
713-1256,V8,14 NOV 2012,0,815,SU,72,90,60
713-1256,V8,14 NOV 2012,1,816,ST,72,90,50
713-1256,V8,14 NOV 2012,2,817,ST,68,90,60
713-1256,V9,12 DEC 2012,0,815,SU,93,110,60
713-1256,V9,12 DEC 2012,1,816,ST,92,96,66
713-1256,V9,12 DEC 2012,2,817,ST,96,90,60
713-1269,V1,14 JAN 2014,0,815,SU,80,110,90
713-1269,V1,14 JAN 2014,1,816,ST,88,110,90
713-1269,V1,14 JAN 2014,2,817,ST,88,120,90
713-1269,V10,19 MAY 2014,0,815,SU,70,120,70
713-1269,V10,19 MAY 2014,1,816,ST,71,120,70
713-1269,V10,19 MAY 2014,2,817,ST,70,120,80
713-1269,V11,15 JUN 2014,0,815,SU,68,130,70
713-1269,V11,15 JUN 2014,1,816,ST,65,130,70
713-1269,V11,15 JUN 2014,2,817,ST,68,128,70
713-1269,V12,13 JUL 2014,0,815,SU,71,120,80
713-1269,V12,13 JUL 2014,1,816,ST,72,120,80
713-1269,V12,13 JUL 2014,2,817,ST,71,120,70
713-1269,V13,28 JUL 2014,0,815,SU,80,115,70
713-1269,V13,28 JUL 2014,1,816,ST,81,120,70
713-1269,V13,28 JUL 2014,2,817,ST,81,120,70
713-1269,V2,26 JAN 2014,0,815,SU,78,120,85
713-1269,V2,26 JAN 2014,1,816,ST,76,120,80
713-1269,V2,26 JAN 2014,2,817,ST,76,121,80
713-1269,V3,27 JAN 2014,0,815,SU,72,110,60
713-1269,V3,27 JAN 2014,1,816,ST,78,110,60
713-1269,V3,27 JAN 2014,2,817,ST,77,100,60
713-1269,V4,10 FEB 2014,0,815,SU,70,120,90
713-1269,V4,10 FEB 2014,1,816,ST,78,120,80
713-1269,V4,10 FEB 2014,2,817,ST,80,120,75
713-1269,V5,23 FEB 2014,0,815,SU,71,120,90
713-1269,V5,23 FEB 2014,1,816,ST,70,120,90
713-1269,V5,23 FEB 2014,2,817,ST,71,120,90
713-1269,V6,25 FEB 2014,0,815,SU,68,120,70
713-1269,V6,25 FEB 2014,1,816,ST,72,120,71
713-1269,V6,25 FEB 2014,2,817,ST,72,110,71
713-1269,V7,10 MAR 2014,0,815,SU,80,110,70
713-1269,V7,10 MAR 2014,1,816,ST,80,120,80
713-1269,V7,10 MAR 2014,2,817,ST,80,120,75
713-1269,V8,23 MAR 2014,0,815,SU,70,110,70
713-1269,V8,23 MAR 2014,1,816,ST,70,120,80
713-1269,V8,23 MAR 2014,2,817,ST,65,120,80
713-1269,V9,20 APR 2014,0,815,SU,80,130,80
713-1269,V9,20 APR 2014,1,816,ST,80,120,70
713-1269,V9,20 APR 2014,2,817,ST,80,120,76
713-1448,ET,17 MAY 2014,0,815,SU,80,130,70
713-1448,ET,17 MAY 2014,1,816,ST,78,125,70
713-1448,ET,17 MAY 2014,2,817,ST,81,130,70
713-1448,V1,05 JAN 2014,0,815,SU,78,150,70
713-1448,V1,05 JAN 2014,1,816,ST,80,140,80
713-1448,V1,05 JAN 2014,2,817,ST,80,140,80
713-1448,V2,17 JAN 2014,0,815,SU,80,135,70
713-1448,V2,17 JAN 2014,1,816,ST,80,130,70
713-1448,V2,17 JAN 2014,2,817,ST,80,130,70
713-1448,V201,27 JUL 2014,0,815,SU,82,130,80
713-1448,V201,27 JUL 2014,1,816,ST,88,130,85
713-1448,V201,27 JUL 2014,2,817,ST,88,130,85
713-1448,V3,19 JAN 2014,0,815,SU,68,120,70
713-1448,V3,19 JAN 2014,1,816,ST,70,120,70
713-1448,V3,19 JAN 2014,2,817,ST,70,120,70
713-1448,V3E,31 JAN 2014,0,815,SU,95,130,70
713-1448,V3E,31 JAN 2014,1,816,ST,88,130,70
713-1448,V3E,31 JAN 2014,2,817,ST,89,120,70
713-1448,V4,01 FEB 2014,0,815,SU,78,130,70
713-1448,V4,01 FEB 2014,1,816,ST,79,130,80
713-1448,V4,01 FEB 2014,2,817,ST,88,130,80
713-1448,V5,14 FEB 2014,0,815,SU,88,130,70
713-1448,V5,14 FEB 2014,1,816,ST,95,130,75
713-1448,V5,14 FEB 2014,2,817,ST,100,130,80
713-1448,V6,16 FEB 2014,0,815,SU,86,135,80
713-1448,V6,16 FEB 2014,1,816,ST,88,140,80
713-1448,V6,16 FEB 2014,2,817,ST,88,145,80
713-1448,V7,02 MAR 2014,0,815,SU,83,135,80
713-1448,V7,02 MAR 2014,1,816,ST,82,140,80
713-1448,V7,02 MAR 2014,2,817,ST,84,140,80
713-1448,V8,17 MAR 2014,0,815,SU,88,125,90
713-1448,V8,17 MAR 2014,1,816,ST,88,130,90
713-1448,V8,17 MAR 2014,2,817,ST,84,120,80
713-1448,V9,14 APR 2014,0,815,SU,90,140,90
713-1448,V9,14 APR 2014,1,816,ST,88,130,90
713-1448,V9,14 APR 2014,2,817,ST,89,130,90
714-1035,V1,03 APR 2014,0,815,SU,76,142,78
714-1035,V1,03 APR 2014,1,816,ST,80,144,80
714-1035,V1,03 APR 2014,2,817,ST,82,144,82
714-1035,V10,06 AUG 2014,0,815,SU,66,142,86
714-1035,V10,06 AUG 2014,1,816,ST,78,140,78
714-1035,V10,06 AUG 2014,2,817,ST,70,134,80
714-1035,V11,03 SEP 2014,0,815,SU,64,166,74
714-1035,V11,03 SEP 2014,1,816,ST,78,144,72
714-1035,V11,03 SEP 2014,2,817,ST,74,140,68
714-1035,V12,02 OCT 2014,0,815,SU,68,168,72
714-1035,V12,02 OCT 2014,1,816,ST,78,148,68
714-1035,V12,02 OCT 2014,2,817,ST,78,140,66
714-1035,V13,16 OCT 2014,0,815,SU,64,160,74
714-1035,V13,16 OCT 2014,1,816,ST,74,154,70
714-1035,V13,16 OCT 2014,2,817,ST,78,148,66
714-1035,V2,15 APR 2014,0,815,SU,76,140,72
714-1035,V2,15 APR 2014,1,816,ST,76,138,68
714-1035,V2,15 APR 2014,2,817,ST,78,158,76
714-1035,V3,17 APR 2014,0,815,SU,72,140,72
714-1035,V3,17 APR 2014,1,816,ST,76,152,74
714-1035,V3,17 APR 2014,2,817,ST,74,150,72
714-1035,V3E,30 APR 2014,0,815,SU,80,170,72
714-1035,V3E,30 APR 2014,1,816,ST,82,160,76
714-1035,V3E,30 APR 2014,2,817,ST,80,158,72
714-1035,V4,01 MAY 2014,0,815,SU,80,160,80
714-1035,V4,01 MAY 2014,1,816,ST,76,158,76
714-1035,V4,01 MAY 2014,2,817,ST,80,140,80
714-1035,V5,26 MAY 2014,0,815,SU,78,160,78
714-1035,V5,26 MAY 2014,1,816,ST,80,160,80
714-1035,V5,26 MAY 2014,2,817,ST,80,160,80
714-1035,V6,28 MAY 2014,0,815,SU,70,176,80
714-1035,V6,28 MAY 2014,1,816,ST,78,160,76
714-1035,V6,28 MAY 2014,2,817,ST,74,156,74
714-1035,V7,04 JUN 2014,0,815,SU,66,142,74
714-1035,V7,04 JUN 2014,1,816,ST,80,130,72
714-1035,V7,04 JUN 2014,2,817,ST,80,140,70
714-1035,V8,17 JUN 2014,0,815,SU,76,174,70
714-1035,V8,17 JUN 2014,1,816,ST,78,146,70
714-1035,V8,17 JUN 2014,2,817,ST,80,166,74
714-1035,V9,10 JUL 2014,0,815,SU,70,136,76
714-1035,V9,10 JUL 2014,1,816,ST,76,144,76
714-1035,V9,10 JUL 2014,2,817,ST,78,132,76
714-1068,ET,16 OCT 2013,0,815,SU,66,144,70
714-1068,ET,16 OCT 2013,1,816,ST,80,148,76
714-1068,ET,16 OCT 2013,2,817,ST,76,146,76
714-1068,V1,31 JUL 2013,0,815,SU,70,122,74
714-1068,V1,31 JUL 2013,1,816,ST,80,120,76
714-1068,V1,31 JUL 2013,2,817,ST,76,130,78
714-1068,V2,06 AUG 2013,0,815,SU,76,140,76
714-1068,V2,06 AUG 2013,1,816,ST,80,136,74
714-1068,V2,06 AUG 2013,2,817,ST,78,130,72
714-1068,V3,08 AUG 2013,0,815,SU,80,138,80
714-1068,V3,08 AUG 2013,1,816,ST,80,130,80
714-1068,V3,08 AUG 2013,2,817,ST,78,132,78
714-1068,V3E,21 AUG 2013,0,815,SU,66,110,70
714-1068,V3E,21 AUG 2013,1,816,ST,80,128,80
714-1068,V3E,21 AUG 2013,2,817,ST,76,126,70
714-1068,V4,22 AUG 2013,0,815,SU,80,110,70
714-1068,V4,22 AUG 2013,1,816,ST,80,108,72
714-1068,V4,22 AUG 2013,2,817,ST,78,100,70
714-1068,V5,05 SEP 2013,0,815,SU,80,148,78
714-1068,V5,05 SEP 2013,1,816,ST,78,142,80
714-1068,V5,05 SEP 2013,2,817,ST,78,142,78
714-1068,V6,07 SEP 2013,0,815,SU,80,140,70
714-1068,V6,07 SEP 2013,1,816,ST,78,138,70
714-1068,V6,07 SEP 2013,2,817,ST,80,130,70
714-1068,V7,19 SEP 2013,0,815,SU,78,120,70
714-1068,V7,19 SEP 2013,1,816,ST,86,140,82
714-1068,V7,19 SEP 2013,2,817,ST,72,142,78
714-1068,V8,03 OCT 2013,0,815,SU,76,130,78
714-1068,V8,03 OCT 2013,1,816,ST,78,128,80
714-1068,V8,03 OCT 2013,2,817,ST,80,130,80
714-1195,V1,16 APR 2013,0,815,SU,88,116,74
714-1195,V1,16 APR 2013,1,816,ST,100,94,74
714-1195,V1,16 APR 2013,2,817,ST,100,108,74
714-1195,V10,09 AUG 2013,0,815,SU,70,116,84
714-1195,V10,09 AUG 2013,1,816,ST,82,124,90
714-1195,V10,09 AUG 2013,2,817,ST,84,126,94
714-1195,V11,12 SEP 2013,0,815,SU,72,106,70
714-1195,V11,12 SEP 2013,1,816,ST,74,108,76
714-1195,V11,12 SEP 2013,2,817,ST,72,102,72
714-1195,V12,10 OCT 2013,0,815,SU,66,116,78
714-1195,V12,10 OCT 2013,1,816,ST,82,92,70
714-1195,V12,10 OCT 2013,2,817,ST,74,104,68
714-1195,V13,23 OCT 2013,0,815,SU,68,120,76
714-1195,V13,23 OCT 2013,1,816,ST,76,106,78
714-1195,V13,23 OCT 2013,2,817,ST,76,106,76
714-1195,V2,24 APR 2013,0,815,SU,88,106,70
714-1195,V2,24 APR 2013,1,816,ST,96,102,74
714-1195,V2,24 APR 2013,2,817,ST,92,112,80
714-1195,V3,26 APR 2013,0,815,SU,78,114,74
714-1195,V3,26 APR 2013,1,816,ST,88,112,80
714-1195,V3,26 APR 2013,2,817,ST,88,104,78
714-1195,V4,09 MAY 2013,0,815,SU,74,110,78
714-1195,V4,09 MAY 2013,1,816,ST,86,108,84
714-1195,V4,09 MAY 2013,2,817,ST,80,104,88
714-1195,V5,23 MAY 2013,0,815,SU,70,102,70
714-1195,V5,23 MAY 2013,1,816,ST,78,96,70
714-1195,V5,23 MAY 2013,2,817,ST,78,102,72
714-1195,V7,05 JUN 2013,0,815,SU,90,106,78
714-1195,V7,05 JUN 2013,1,816,ST,96,100,80
714-1195,V7,05 JUN 2013,2,817,ST,96,98,78
714-1195,V8,20 JUN 2013,0,815,SU,84,102,68
714-1195,V8,20 JUN 2013,1,816,ST,104,98,66
714-1195,V8,20 JUN 2013,2,817,ST,92,100,68
714-1195,V9,17 JUL 2013,0,815,SU,76,104,86
714-1195,V9,17 JUL 2013,1,816,ST,84,92,74
714-1195,V9,17 JUL 2013,2,817,ST,86,96,80
714-1288,V1,24 NOV 2013,0,815,SU,60,132,88
714-1288,V1,24 NOV 2013,1,816,ST,74,140,88
714-1288,V1,24 NOV 2013,2,817,ST,70,136,88
714-1288,V10,01 APR 2014,0,815,SU,58,116,76
714-1288,V10,01 APR 2014,1,816,ST,70,120,76
714-1288,V10,01 APR 2014,2,817,ST,86,124,72
714-1288,V11,29 APR 2014,0,815,SU,86,128,74
714-1288,V11,29 APR 2014,1,816,ST,92,122,74
714-1288,V11,29 APR 2014,2,817,ST,100,130,80
714-1288,V12,27 MAY 2014,0,815,SU,48,122,78
714-1288,V12,27 MAY 2014,1,816,ST,62,122,76
714-1288,V12,27 MAY 2014,2,817,ST,56,124,74
714-1288,V13,17 JUN 2014,0,815,SU,56,104,68
714-1288,V13,17 JUN 2014,1,816,ST,70,102,70
714-1288,V13,17 JUN 2014,2,817,ST,64,114,80
714-1288,V2,02 DEC 2013,0,815,SU,78,122,74
714-1288,V2,02 DEC 2013,1,816,ST,100,120,78
714-1288,V2,02 DEC 2013,2,817,ST,98,122,80
714-1288,V3,04 DEC 2013,0,815,SU,82,158,88
714-1288,V3,04 DEC 2013,1,816,ST,98,138,88
714-1288,V3,04 DEC 2013,2,817,ST,96,144,94
714-1288,V4,17 DEC 2013,0,815,SU,72,118,72
714-1288,V4,17 DEC 2013,1,816,ST,88,120,80
714-1288,V4,17 DEC 2013,2,817,ST,90,120,70
714-1288,V5,01 JAN 2014,0,815,SU,84,132,70
714-1288,V5,01 JAN 2014,1,816,ST,112,128,74
714-1288,V5,01 JAN 2014,2,817,ST,94,130,92
714-1288,V6,03 JAN 2014,0,815,SU,84,126,80
714-1288,V6,03 JAN 2014,1,816,ST,94,130,86
714-1288,V6,03 JAN 2014,2,817,ST,98,128,84
714-1288,V7,19 JAN 2014,0,815,SU,64,130,78
714-1288,V7,19 JAN 2014,1,816,ST,68,134,80
714-1288,V7,19 JAN 2014,2,817,ST,64,134,82
714-1288,V8,02 FEB 2014,0,815,SU,70,134,68
714-1288,V8,02 FEB 2014,1,816,ST,104,134,74
714-1288,V8,02 FEB 2014,2,817,ST,98,124,70
714-1288,V9,02 MAR 2014,0,815,SU,62,110,76
714-1288,V9,02 MAR 2014,1,816,ST,80,118,74
714-1288,V9,02 MAR 2014,2,817,ST,86,116,78
714-1375,V1,23 FEB 2013,0,815,SU,74,124,80
714-1375,V1,23 FEB 2013,1,816,ST,78,118,78
714-1375,V1,23 FEB 2013,2,817,ST,76,122,72
714-1375,V10,22 JUN 2013,0,815,SU,76,114,84
714-1375,V10,22 JUN 2013,1,816,ST,72,112,70
714-1375,V10,22 JUN 2013,2,817,ST,76,120,66
714-1375,V11,20 JUL 2013,0,815,SU,72,136,80
714-1375,V11,20 JUL 2013,1,816,ST,88,128,74
714-1375,V11,20 JUL 2013,2,817,ST,84,126,78
714-1375,V12,23 AUG 2013,0,815,SU,72,108,62
714-1375,V12,23 AUG 2013,1,816,ST,74,112,58
714-1375,V12,23 AUG 2013,2,817,ST,78,118,68
714-1375,V13,07 SEP 2013,0,815,SU,74,144,72
714-1375,V13,07 SEP 2013,1,816,ST,86,126,66
714-1375,V13,07 SEP 2013,2,817,ST,86,112,60
714-1375,V2,24 FEB 2013,0,815,SU,76,126,74
714-1375,V2,24 FEB 2013,1,816,ST,78,122,72
714-1375,V2,24 FEB 2013,2,817,ST,79,116,70
714-1375,V3,26 FEB 2013,0,815,SU,76,132,076
714-1375,V3,26 FEB 2013,1,816,ST,82,126,068
714-1375,V3,26 FEB 2013,2,817,ST,78,124,072
714-1375,V3E,18 MAR 2013,0,815,SU,82,132,80
714-1375,V3E,18 MAR 2013,1,816,ST,80,130,68
714-1375,V3E,18 MAR 2013,2,817,ST,80,130,80
714-1375,V4,19 MAR 2013,0,815,SU,74,126,74
714-1375,V4,19 MAR 2013,1,816,ST,76,116,70
714-1375,V4,19 MAR 2013,2,817,ST,88,110,68
714-1375,V5,06 APR 2013,0,815,SU,76,126,68
714-1375,V5,06 APR 2013,1,816,ST,74,118,60
714-1375,V5,06 APR 2013,2,817,ST,72,110,68
714-1375,V6,08 APR 2013,0,815,SU,78,126,72
714-1375,V6,08 APR 2013,1,816,ST,80,120,74
714-1375,V6,08 APR 2013,2,817,ST,78,118,70
714-1375,V7,15 APR 2013,0,815,SU,74,134,72
714-1375,V7,15 APR 2013,1,816,ST,80,114,68
714-1375,V7,15 APR 2013,2,817,ST,74,110,68
714-1375,V8,26 APR 2013,0,815,SU,74,134,64
714-1375,V8,26 APR 2013,1,816,ST,80,120,64
714-1375,V8,26 APR 2013,2,817,ST,78,128,64
714-1375,V9,25 MAY 2013,0,815,SU,80,126,74
714-1375,V9,25 MAY 2013,1,816,ST,84,124,68
714-1375,V9,25 MAY 2013,2,817,ST,88,124,70
714-1425,ET,22 AUG 2013,0,815,SU,62,138,68
714-1425,ET,22 AUG 2013,1,816,ST,70,144,80
714-1425,ET,22 AUG 2013,2,817,ST,70,136,78
714-1425,V1,11 AUG 2013,0,815,SU,64,140,80
714-1425,V1,11 AUG 2013,1,816,ST,70,144,84
714-1425,V1,11 AUG 2013,2,817,ST,72,142,78
714-1425,V2,13 AUG 2013,0,815,SU,66,138,76
714-1425,V2,13 AUG 2013,1,816,ST,72,140,78
714-1425,V2,13 AUG 2013,2,817,ST,76,140,80
714-1425,V3,15 AUG 2013,0,815,SU,66,126,76
714-1425,V3,15 AUG 2013,1,816,ST,70,144,82
714-1425,V3,15 AUG 2013,2,817,ST,68,138,80
715-1085,V1,03 FEB 2013,0,815,SU,68,144,77
715-1085,V1,03 FEB 2013,1,816,ST,78,133,71
715-1085,V1,03 FEB 2013,2,817,ST,77,129,64
715-1085,V10,09 JUN 2013,0,815,SU,66,146,060
715-1085,V10,09 JUN 2013,1,816,ST,72,128,058
715-1085,V10,09 JUN 2013,2,817,ST,76,127,058
715-1085,V11,07 JUL 2013,0,815,SU,70,139,68
715-1085,V11,07 JUL 2013,1,816,ST,77,128,62
715-1085,V11,07 JUL 2013,2,817,ST,80,148,80
715-1085,V12,04 AUG 2013,0,815,SU,56,146,71
715-1085,V12,04 AUG 2013,1,816,ST,74,128,65
715-1085,V12,04 AUG 2013,2,817,ST,72,140,68
715-1085,V13,18 AUG 2013,0,815,SU,66,146,64
715-1085,V13,18 AUG 2013,1,816,ST,72,122,73
715-1085,V13,18 AUG 2013,2,817,ST,75,121,59
715-1085,V2,14 FEB 2013,0,815,SU,89,145,56
715-1085,V2,14 FEB 2013,1,816,ST,100,128,62
715-1085,V2,14 FEB 2013,2,817,ST,98,135,61
715-1085,V3,16 FEB 2013,0,815,SU,80,138,63
715-1085,V3,16 FEB 2013,1,816,ST,84,129,62
715-1085,V3,16 FEB 2013,2,817,ST,86,120,60
715-1085,V3E,03 MAR 2013,0,815,SU,86,130,59
715-1085,V3E,03 MAR 2013,1,816,ST,98,123,67
715-1085,V3E,03 MAR 2013,2,817,ST,100,126,70
715-1085,V4,04 MAR 2013,0,815,SU,72,137,67
715-1085,V4,04 MAR 2013,1,816,ST,80,112,61
715-1085,V4,04 MAR 2013,2,817,ST,77,117,55
715-1085,V5,17 MAR 2013,0,815,SU,70,146,80
715-1085,V5,17 MAR 2013,1,816,ST,75,135,62
715-1085,V5,17 MAR 2013,2,817,ST,73,140,75
715-1085,V6,19 MAR 2013,0,815,SU,72,146,71
715-1085,V6,19 MAR 2013,1,816,ST,75,129,59
715-1085,V6,19 MAR 2013,2,817,ST,77,142,74
715-1085,V7,31 MAR 2013,0,815,SU,80,139,72
715-1085,V7,31 MAR 2013,1,816,ST,87,104,58
715-1085,V7,31 MAR 2013,2,817,ST,90,110,65
715-1085,V8,14 APR 2013,0,815,SU,73,144,56
715-1085,V8,14 APR 2013,1,816,ST,82,125,67
715-1085,V8,14 APR 2013,2,817,ST,76,127,58
715-1085,V9,12 MAY 2013,0,815,SU,89,155,89
715-1085,V9,12 MAY 2013,1,816,ST,76,139,70
715-1085,V9,12 MAY 2013,2,817,ST,79,128,79
715-1107,ET,13 MAY 2013,0,815,SU,49,129,63
715-1107,ET,13 MAY 2013,1,816,ST,51,134,69
715-1107,ET,13 MAY 2013,2,817,ST,55,140,59
715-1107,V1,12 FEB 2013,0,815,SU,56,140,73
715-1107,V1,12 FEB 2013,1,816,ST,66,147,81
715-1107,V1,12 FEB 2013,2,817,ST,65,144,78
715-1107,V2,24 FEB 2013,0,815,SU,56,153,91
715-1107,V2,24 FEB 2013,1,816,ST,57,157,92
715-1107,V2,24 FEB 2013,2,817,ST,60,164,90
715-1107,V201,14 AUG 2013,0,815,SU,59,122,67
715-1107,V201,14 AUG 2013,1,816,ST,64,121,59
715-1107,V201,14 AUG 2013,2,817,ST,68,113,69
715-1107,V3,26 FEB 2013,0,815,SU,64,138,60
715-1107,V3,26 FEB 2013,1,816,ST,72,158,70
715-1107,V3,26 FEB 2013,2,817,ST,74,154,66
715-1107,V3E,11 MAR 2013,0,815,SU,73,131,68
715-1107,V3E,11 MAR 2013,1,816,ST,81,150,79
715-1107,V3E,11 MAR 2013,2,817,ST,91,141,79
715-1107,V4,12 MAR 2013,0,815,SU,65,137,75
715-1107,V4,12 MAR 2013,1,816,ST,72,152,69
715-1107,V4,12 MAR 2013,2,817,ST,86,156,91
715-1107,V5,26 MAR 2013,0,815,SU,58,130,67
715-1107,V5,26 MAR 2013,1,816,ST,71,156,66
715-1107,V5,26 MAR 2013,2,817,ST,80,139,76
715-1107,V6,28 MAR 2013,0,815,SU,77,146,68
715-1107,V6,28 MAR 2013,1,816,ST,98,152,81
715-1107,V6,28 MAR 2013,2,817,ST,86,128,62
715-1107,V7,08 APR 2013,0,815,SU,70,131,60
715-1107,V7,08 APR 2013,1,816,ST,85,153,75
715-1107,V7,08 APR 2013,2,817,ST,82,128,69
715-1107,V8,23 APR 2013,0,815,SU,76,131,72
715-1107,V8,23 APR 2013,1,816,ST,80,144,64
715-1107,V8,23 APR 2013,2,817,ST,87,126,67
715-1155,V1,29 NOV 2013,0,815,SU,77,158,76
715-1155,V1,29 NOV 2013,1,816,ST,83,159,77
715-1155,V1,29 NOV 2013,2,817,ST,84,157,91
715-1155,V2,11 DEC 2013,0,815,SU,70,155,64
715-1155,V2,11 DEC 2013,1,816,ST,75,155,73
715-1155,V2,11 DEC 2013,2,817,ST,85,160,75
715-1155,V3,13 DEC 2013,0,815,SU,65,145,60
715-1155,V3,13 DEC 2013,1,816,ST,67,160,72
715-1155,V3,13 DEC 2013,2,817,ST,74,154,73
715-1155,V3E,26 DEC 2013,0,815,SU,73,152,65
715-1155,V3E,26 DEC 2013,1,816,ST,85,155,74
715-1155,V3E,26 DEC 2013,2,817,ST,91,152,79
715-1155,V4,27 DEC 2013,0,815,SU,83,155,69
715-1155,V4,27 DEC 2013,1,816,ST,90,162,76
715-1155,V4,27 DEC 2013,2,817,ST,95,160,78
715-1155,V5,10 JAN 2014,0,815,SU,74,157,74
715-1155,V5,10 JAN 2014,1,816,ST,77,160,81
715-1155,V5,10 JAN 2014,2,817,ST,80,160,68
715-1155,V6,12 JAN 2014,0,815,SU,66,148,62
715-1155,V6,12 JAN 2014,1,816,ST,76,158,80
715-1155,V6,12 JAN 2014,2,817,ST,80,161,81
715-1207,V1,12 NOV 2012,0,815,SU,68,146,71
715-1207,V1,12 NOV 2012,1,816,ST,70,158,76
715-1207,V1,12 NOV 2012,2,817,ST,79,159,74
715-1207,V10,10 MAR 2013,0,815,SU,78,150,80
715-1207,V10,10 MAR 2013,1,816,ST,77,148,77
715-1207,V10,10 MAR 2013,2,817,ST,80,141,71
715-1207,V11,07 APR 2013,0,815,SU,76,115,54
715-1207,V11,07 APR 2013,1,816,ST,85,134,51
715-1207,V11,07 APR 2013,2,817,ST,80,139,51
715-1207,V12,05 MAY 2013,0,815,SU,80,140,66
715-1207,V12,05 MAY 2013,1,816,ST,83,143,64
715-1207,V12,05 MAY 2013,2,817,ST,86,145,86
715-1207,V13,01 JUN 2013,0,815,SU,78,130,56
715-1207,V13,01 JUN 2013,1,816,ST,81,138,50
715-1207,V13,01 JUN 2013,2,817,ST,83,137,52
715-1207,V2,16 NOV 2012,0,815,SU,62,117,58
715-1207,V2,16 NOV 2012,1,816,ST,68,120,80
715-1207,V2,16 NOV 2012,2,817,ST,70,112,72
715-1207,V3,18 NOV 2012,0,815,SU,81,160,80
715-1207,V3,18 NOV 2012,1,816,ST,80,160,71
715-1207,V3,18 NOV 2012,2,817,ST,88,160,78
715-1207,V3E,01 DEC 2012,0,815,SU,72,150,73
715-1207,V3E,01 DEC 2012,1,816,ST,80,147,76
715-1207,V3E,01 DEC 2012,2,817,ST,74,145,79
715-1207,V4,02 DEC 2012,0,815,SU,66,160,71
715-1207,V4,02 DEC 2012,1,816,ST,73,160,66
715-1207,V4,02 DEC 2012,2,817,ST,83,153,80
715-1207,V5,17 DEC 2012,0,815,SU,67,150,64
715-1207,V5,17 DEC 2012,1,816,ST,80,150,78
715-1207,V5,17 DEC 2012,2,817,ST,77,153,71
715-1207,V6,19 DEC 2012,0,815,SU,72,146,65
715-1207,V6,19 DEC 2012,1,816,ST,87,142,96
715-1207,V6,19 DEC 2012,2,817,ST,82,141,63
715-1207,V7,31 DEC 2012,0,815,SU,79,146,64
715-1207,V7,31 DEC 2012,1,816,ST,85,150,72
715-1207,V7,31 DEC 2012,2,817,ST,82,146,64
715-1207,V8,13 JAN 2013,0,815,SU,75,156,77
715-1207,V8,13 JAN 2013,1,816,ST,79,148,86
715-1207,V8,13 JAN 2013,2,817,ST,85,152,85
715-1207,V9,10 FEB 2013,0,815,SU,80,147,70
715-1207,V9,10 FEB 2013,1,816,ST,90,147,80
715-1207,V9,10 FEB 2013,2,817,ST,88,149,73
715-1319,ET,18 MAR 2013,0,815,SU,48,114,67
715-1319,ET,18 MAR 2013,1,816,ST,67,113,79
715-1319,ET,18 MAR 2013,2,817,ST,64,119,85
715-1319,V1,03 FEB 2013,0,815,SU,70,107,64
715-1319,V1,03 FEB 2013,1,816,ST,72,106,79
715-1319,V1,03 FEB 2013,2,817,ST,73,105,78
715-1319,V2,15 FEB 2013,0,815,SU,77,115,76
715-1319,V2,15 FEB 2013,1,816,ST,84,131,83
715-1319,V2,15 FEB 2013,2,817,ST,95,115,88
715-1319,V3,17 FEB 2013,0,815,SU,67,107,73
715-1319,V3,17 FEB 2013,1,816,ST,79,104,68
715-1319,V3,17 FEB 2013,2,817,ST,83,110,76
715-1319,V3E,02 MAR 2013,0,815,SU,61,108,78
715-1319,V3E,02 MAR 2013,1,816,ST,111,115,85
715-1319,V3E,02 MAR 2013,2,817,ST,102,123,89
715-1319,V4,03 MAR 2013,0,815,SU,67,106,71
715-1319,V4,03 MAR 2013,1,816,ST,89,106,83
715-1319,V4,03 MAR 2013,2,817,ST,91,107,81
715-1321,ET,22 APR 2014,0,815,SU,52,146,56
715-1321,ET,22 APR 2014,1,816,ST,60,131,54
715-1321,ET,22 APR 2014,2,817,ST,58,136,59
715-1321,V1,06 FEB 2014,0,815,SU,57,159,63
715-1321,V1,06 FEB 2014,1,816,ST,58,147,55
715-1321,V1,06 FEB 2014,2,817,ST,68,146,57
715-1321,V2,09 FEB 2014,0,815,SU,66,144,79
715-1321,V2,09 FEB 2014,1,816,ST,74,147,80
715-1321,V2,09 FEB 2014,2,817,ST,76,145,79
715-1321,V3,11 FEB 2014,0,815,SU,65,153,78
715-1321,V3,11 FEB 2014,1,816,ST,69,155,88
715-1321,V3,11 FEB 2014,2,817,ST,71,160,68
715-1321,V3E,25 FEB 2014,0,815,SU,69,155,80
715-1321,V3E,25 FEB 2014,1,816,ST,74,157,84
715-1321,V3E,25 FEB 2014,2,817,ST,76,154,80
715-1321,V4,26 FEB 2014,0,815,SU,72,156,61
715-1321,V4,26 FEB 2014,1,816,ST,76,153,68
715-1321,V4,26 FEB 2014,2,817,ST,79,151,69
715-1321,V5,12 MAR 2014,0,815,SU,68,160,75
715-1321,V5,12 MAR 2014,1,816,ST,74,180,82
715-1321,V5,12 MAR 2014,2,817,ST,76,179,80
715-1321,V6,14 MAR 2014,0,815,SU,79,154,57
715-1321,V6,14 MAR 2014,1,816,ST,80,137,71
715-1321,V6,14 MAR 2014,2,817,ST,79,136,71
715-1321,V7,26 MAR 2014,0,815,SU,67,162,64
715-1321,V7,26 MAR 2014,1,816,ST,73,152,85
715-1321,V7,26 MAR 2014,2,817,ST,79,150,75
715-1321,V8,09 APR 2014,0,815,SU,75,149,62
715-1321,V8,09 APR 2014,1,816,ST,73,148,73
715-1321,V8,09 APR 2014,2,817,ST,72,146,68
715-1397,V1,20 MAR 2013,0,815,SU,65,146,78
715-1397,V1,20 MAR 2013,1,816,ST,70,152,87
715-1397,V1,20 MAR 2013,2,817,ST,72,142,76
715-1397,V10,24 JUL 2013,0,815,SU,63,145,63
715-1397,V10,24 JUL 2013,1,816,ST,67,151,84
715-1397,V10,24 JUL 2013,2,817,ST,67,156,66
715-1397,V11,21 AUG 2013,0,815,SU,63,137,71
715-1397,V11,21 AUG 2013,1,816,ST,69,149,68
715-1397,V11,21 AUG 2013,2,817,ST,70,130,60
715-1397,V12,18 SEP 2013,0,815,SU,76,145,71
715-1397,V12,18 SEP 2013,1,816,ST,83,136,62
715-1397,V12,18 SEP 2013,2,817,ST,84,134,68
715-1397,V13,03 OCT 2013,0,815,SU,67,138,71
715-1397,V13,03 OCT 2013,1,816,ST,70,128,79
715-1397,V13,03 OCT 2013,2,817,ST,72,141,61
715-1397,V2,01 APR 2013,0,815,SU,66,145,70
715-1397,V2,01 APR 2013,1,816,ST,72,136,69
715-1397,V2,01 APR 2013,2,817,ST,75,135,68
715-1397,V3,03 APR 2013,0,815,SU,80,154,72
715-1397,V3,03 APR 2013,1,816,ST,82,151,85
715-1397,V3,03 APR 2013,2,817,ST,82,149,83
715-1397,V3E,17 APR 2013,0,815,SU,63,145,78
715-1397,V3E,17 APR 2013,1,816,ST,65,143,76
715-1397,V3E,17 APR 2013,2,817,ST,70,140,74
715-1397,V4,18 APR 2013,0,815,SU,69,139,64
715-1397,V4,18 APR 2013,1,816,ST,76,140,76
715-1397,V4,18 APR 2013,2,817,ST,74,137,71
715-1397,V5,01 MAY 2013,0,815,SU,70,146,064
715-1397,V5,01 MAY 2013,1,816,ST,68,144,078
715-1397,V5,01 MAY 2013,2,817,ST,69,142,076
715-1397,V6,03 MAY 2013,0,815,SU,61,145,71
715-1397,V6,03 MAY 2013,1,816,ST,64,149,76
715-1397,V6,03 MAY 2013,2,817,ST,66,135,69
715-1397,V7,16 MAY 2013,0,815,SU,69,139,72
715-1397,V7,16 MAY 2013,1,816,ST,75,147,65
715-1397,V7,16 MAY 2013,2,817,ST,75,145,79
715-1397,V8,29 MAY 2013,0,815,SU,72,158,87
715-1397,V8,29 MAY 2013,1,816,ST,75,146,69
715-1397,V8,29 MAY 2013,2,817,ST,76,152,70
715-1397,V9,27 JUN 2013,0,815,SU,69,131,56
715-1397,V9,27 JUN 2013,1,816,ST,72,136,71
715-1397,V9,27 JUN 2013,2,817,ST,74,133,60
715-1405,ET,13 JUL 2013,0,815,SU,57,146,79
715-1405,ET,13 JUL 2013,1,816,ST,65,140,76
715-1405,ET,13 JUL 2013,2,817,ST,62,145,80
715-1405,V1,27 JUN 2013,0,815,SU,58,153,73
715-1405,V1,27 JUN 2013,1,816,ST,72,137,79
715-1405,V1,27 JUN 2013,2,817,ST,67,144,80
715-1405,V2,04 JUL 2013,0,815,SU,65,146,80
715-1405,V2,04 JUL 2013,1,816,ST,68,144,72
715-1405,V2,04 JUL 2013,2,817,ST,69,143,73
715-1405,V201,11 JAN 2014,0,815,SU,66,146,73
715-1405,V201,11 JAN 2014,1,816,ST,72,137,78
715-1405,V201,11 JAN 2014,2,817,ST,82,140,67
715-1405,V3,06 JUL 2013,0,815,SU,81,147,73
715-1405,V3,06 JUL 2013,1,816,ST,88,152,73
715-1405,V3,06 JUL 2013,2,817,ST,84,152,70
716-1024,V1,06 JUL 2012,0,815,SU,72,130,74
716-1024,V1,06 JUL 2012,1,816,ST,72,130,74
716-1024,V1,06 JUL 2012,2,817,ST,84,122,72
716-1024,V10,01 NOV 2012,0,815,SU,70,174,90
716-1024,V10,01 NOV 2012,1,816,ST,76,156,86
716-1024,V10,01 NOV 2012,2,817,ST,76,160,90
716-1024,V11,30 NOV 2012,0,815,SU,72,150,90
716-1024,V11,30 NOV 2012,1,816,ST,72,150,98
716-1024,V11,30 NOV 2012,2,817,ST,72,150,98
716-1024,V12,30 DEC 2012,0,815,SU,72,144,62
716-1024,V12,30 DEC 2012,1,816,ST,72,148,64
716-1024,V12,30 DEC 2012,2,817,ST,72,146,64
716-1024,V13,20 JAN 2013,0,815,SU,74,130,78
716-1024,V13,20 JAN 2013,1,816,ST,78,120,80
716-1024,V13,20 JAN 2013,2,817,ST,78,124,80
716-1024,V2,07 JUL 2012,0,815,SU,68,160,78
716-1024,V2,07 JUL 2012,1,816,ST,88,162,84
716-1024,V2,07 JUL 2012,2,817,ST,80,150,78
716-1024,V3,09 JUL 2012,0,815,SU,64,170,80
716-1024,V3,09 JUL 2012,1,816,ST,68,168,80
716-1024,V3,09 JUL 2012,2,817,ST,68,170,84
716-1024,V3E,22 JUL 2012,0,815,SU,70,152,90
716-1024,V3E,22 JUL 2012,1,816,ST,78,144,88
716-1024,V3E,22 JUL 2012,2,817,ST,76,140,90
716-1024,V4,23 JUL 2012,0,815,SU,64,162,86
716-1024,V4,23 JUL 2012,1,816,ST,72,164,78
716-1024,V4,23 JUL 2012,2,817,ST,60,172,90
716-1024,V5,03 AUG 2012,0,815,SU,76,130,80
716-1024,V5,03 AUG 2012,1,816,ST,76,140,70
716-1024,V5,03 AUG 2012,2,817,ST,76,140,72
716-1024,V6,05 AUG 2012,0,815,SU,70,138,80
716-1024,V6,05 AUG 2012,1,816,ST,70,130,82
716-1024,V6,05 AUG 2012,2,817,ST,66,140,80
716-1024,V7,24 AUG 2012,0,815,SU,96,134,78
716-1024,V7,24 AUG 2012,1,816,ST,108,142,96
716-1024,V7,24 AUG 2012,2,817,ST,92,136,64
716-1024,V8,03 SEP 2012,0,815,SU,84,164,78
716-1024,V8,03 SEP 2012,1,816,ST,80,166,92
716-1024,V8,03 SEP 2012,2,817,ST,80,152,78
716-1024,V9,30 SEP 2012,0,815,SU,72,150,82
716-1024,V9,30 SEP 2012,1,816,ST,72,150,80
716-1024,V9,30 SEP 2012,2,817,ST,72,150,82
716-1026,UNS,17 APR 2014,0,815,SU,78,166,78
716-1026,UNS,17 APR 2014,1,816,ST,81,152,104
716-1026,UNS,17 APR 2014,2,817,ST,81,178,108
716-1026,V1,23 MAR 2014,0,815,SU,60,182,90
716-1026,V1,23 MAR 2014,1,816,ST,76,180,92
716-1026,V1,23 MAR 2014,2,817,ST,84,190,102
716-1026,V10,31 JUL 2014,0,815,SU,72,140,80
716-1026,V10,31 JUL 2014,1,816,ST,72,142,82
716-1026,V10,31 JUL 2014,2,817,ST,72,140,80
716-1026,V11,28 AUG 2014,0,815,SU,72,190,90
716-1026,V11,28 AUG 2014,1,816,ST,72,190,90
716-1026,V11,28 AUG 2014,2,817,ST,72,190,88
716-1026,V12,27 SEP 2014,0,815,SU,80,180,98
716-1026,V12,27 SEP 2014,1,816,ST,80,190,110
716-1026,V12,27 SEP 2014,2,817,ST,80,190,110
716-1026,V13,16 OCT 2014,0,815,SU,76,160,90
716-1026,V13,16 OCT 2014,1,816,ST,76,162,92
716-1026,V13,16 OCT 2014,2,817,ST,76,162,90
716-1026,V2,27 MAR 2014,0,815,SU,64,154,90
716-1026,V2,27 MAR 2014,1,816,ST,80,180,82
716-1026,V2,27 MAR 2014,2,817,ST,84,180,94
716-1026,V3,02 APR 2014,0,815,SU,64,180,96
716-1026,V3,02 APR 2014,1,816,ST,80,180,104
716-1026,V3,02 APR 2014,2,817,ST,80,184,110
716-1026,V4,18 APR 2014,0,815,SU,72,150,80
716-1026,V4,18 APR 2014,1,816,ST,72,150,84
716-1026,V4,18 APR 2014,2,817,ST,72,148,84
716-1026,V5,30 APR 2014,0,815,SU,68,160,88
716-1026,V5,30 APR 2014,1,816,ST,70,160,84
716-1026,V5,30 APR 2014,2,817,ST,70,160,82
716-1026,V6,02 MAY 2014,0,815,SU,68,140,80
716-1026,V6,02 MAY 2014,1,816,ST,70,142,82
716-1026,V6,02 MAY 2014,2,817,ST,72,140,82
716-1026,V7,14 MAY 2014,0,815,SU,68,200,100
716-1026,V7,14 MAY 2014,1,816,ST,68,200,110
716-1026,V7,14 MAY 2014,2,817,ST,68,210,100
716-1026,V8,29 MAY 2014,0,815,SU,70,180,84
716-1026,V8,29 MAY 2014,1,816,ST,70,184,90
716-1026,V8,29 MAY 2014,2,817,ST,70,180,80
716-1026,V9,26 JUN 2014,0,815,SU,80,140,90
716-1026,V9,26 JUN 2014,1,816,ST,96,120,80
716-1026,V9,26 JUN 2014,2,817,ST,88,150,100
716-1030,ET,10 JAN 2014,0,815,SU,60,142,68
716-1030,ET,10 JAN 2014,1,816,ST,60,136,70
716-1030,ET,10 JAN 2014,2,817,ST,60,150,80
716-1030,V1,25 DEC 2013,0,815,SU,60,150,80
716-1030,V1,25 DEC 2013,1,816,ST,68,160,82
716-1030,V1,25 DEC 2013,2,817,ST,68,150,82
716-1030,V2,26 DEC 2013,0,815,SU,80,122,92
716-1030,V2,26 DEC 2013,1,816,ST,88,110,80
716-1030,V2,26 DEC 2013,2,817,ST,84,112,82
716-1030,V3,28 DEC 2013,0,815,SU,60,150,84
716-1030,V3,28 DEC 2013,1,816,ST,68,166,80
716-1030,V3,28 DEC 2013,2,817,ST,80,158,84
716-1044,V1,20 APR 2013,0,815,SU,74,176,84
716-1044,V1,20 APR 2013,1,816,ST,81,150,80
716-1044,V1,20 APR 2013,2,817,ST,80,148,78
716-1044,V10,16 AUG 2013,0,815,SU,70,130,84
716-1044,V10,16 AUG 2013,1,816,ST,70,138,84
716-1044,V10,16 AUG 2013,2,817,ST,70,134,82
716-1044,V11,13 SEP 2013,0,815,SU,72,160,82
716-1044,V11,13 SEP 2013,1,816,ST,72,160,84
716-1044,V11,13 SEP 2013,2,817,ST,72,160,80
716-1044,V12,16 OCT 2013,0,815,SU,66,174,74
716-1044,V12,16 OCT 2013,1,816,ST,70,176,70
716-1044,V12,16 OCT 2013,2,817,ST,74,160,68
716-1044,V13,03 NOV 2013,0,815,SU,70,164,76
716-1044,V13,03 NOV 2013,1,816,ST,70,164,76
716-1044,V13,03 NOV 2013,2,817,ST,70,164,74
716-1044,V2,25 APR 2013,0,815,SU,76,166,80
716-1044,V2,25 APR 2013,1,816,ST,76,156,72
716-1044,V2,25 APR 2013,2,817,ST,76,152,68
716-1044,V3,27 APR 2013,0,815,SU,75,160,72
716-1044,V3,27 APR 2013,1,816,ST,84,150,74
716-1044,V3,27 APR 2013,2,817,ST,88,142,74
716-1044,V3E,09 MAY 2013,0,815,SU,72,162,70
716-1044,V3E,09 MAY 2013,1,816,ST,84,130,62
716-1044,V3E,09 MAY 2013,2,817,ST,80,136,62
716-1044,V4,10 MAY 2013,0,815,SU,80,172,86
716-1044,V4,10 MAY 2013,1,816,ST,92,130,70
716-1044,V4,10 MAY 2013,2,817,ST,88,128,70
716-1044,V5,24 MAY 2013,0,815,SU,64,150,82
716-1044,V5,24 MAY 2013,1,816,ST,72,120,70
716-1044,V5,24 MAY 2013,2,817,ST,76,130,72
716-1044,V6,26 MAY 2013,0,815,SU,96,162,70
716-1044,V6,26 MAY 2013,1,816,ST,100,158,60
716-1044,V6,26 MAY 2013,2,817,ST,100,150,62
716-1044,V7,13 JUN 2013,0,815,SU,68,172,86
716-1044,V7,13 JUN 2013,1,816,ST,68,160,70
716-1044,V7,13 JUN 2013,2,817,ST,72,146,74
716-1044,V8,28 JUN 2013,0,815,SU,76,160,84
716-1044,V8,28 JUN 2013,1,816,ST,76,168,78
716-1044,V8,28 JUN 2013,2,817,ST,77,170,80
716-1044,V9,25 JUL 2013,0,815,SU,68,164,74
716-1044,V9,25 JUL 2013,1,816,ST,72,146,60
716-1044,V9,25 JUL 2013,2,817,ST,68,140,68
716-1063,ET,28 AUG 2013,0,815,SU,70,128,70
716-1063,ET,28 AUG 2013,1,816,ST,70,130,72
716-1063,ET,28 AUG 2013,2,817,ST,70,130,70
716-1063,V1,06 MAY 2013,0,815,SU,72,170,80
716-1063,V1,06 MAY 2013,1,816,ST,76,160,86
716-1063,V1,06 MAY 2013,2,817,ST,76,170,90
716-1063,V2,07 MAY 2013,0,815,SU,56,154,70
716-1063,V2,07 MAY 2013,1,816,ST,56,160,70
716-1063,V2,07 MAY 2013,2,817,ST,68,162,74
716-1063,V201,17 NOV 2013,0,815,SU,84,174,66
716-1063,V201,17 NOV 2013,1,816,ST,86,150,70
716-1063,V201,17 NOV 2013,2,817,ST,86,146,68
716-1063,V3,09 MAY 2013,0,815,SU,64,170,100
716-1063,V3,09 MAY 2013,1,816,ST,72,170,80
716-1063,V3,09 MAY 2013,2,817,ST,64,176,92
716-1063,V3E,22 MAY 2013,0,815,SU,80,180,90
716-1063,V3E,22 MAY 2013,1,816,ST,88,170,80
716-1063,V3E,22 MAY 2013,2,817,ST,76,176,96
716-1063,V4,23 MAY 2013,0,815,SU,68,158,84
716-1063,V4,23 MAY 2013,1,816,ST,72,152,94
716-1063,V4,23 MAY 2013,2,817,ST,80,186,98
716-1063,V5,03 JUN 2013,0,815,SU,72,140,80
716-1063,V5,03 JUN 2013,1,816,ST,76,150,80
716-1063,V5,03 JUN 2013,2,817,ST,76,154,84
716-1063,V6,05 JUN 2013,0,815,SU,68,154,86
716-1063,V6,05 JUN 2013,1,816,ST,72,168,102
716-1063,V6,05 JUN 2013,2,817,ST,72,150,94
716-1063,V7,23 JUN 2013,0,815,SU,60,140,80
716-1063,V7,23 JUN 2013,1,816,ST,80,142,80
716-1063,V7,23 JUN 2013,2,817,ST,76,146,82
716-1063,V8,04 JUL 2013,0,815,SU,52,162,80
716-1063,V8,04 JUL 2013,1,816,ST,60,158,86
716-1063,V8,04 JUL 2013,2,817,ST,64,180,100
716-1063,V9,31 JUL 2013,0,815,SU,84,138,80
716-1063,V9,31 JUL 2013,1,816,ST,88,142,82
716-1063,V9,31 JUL 2013,2,817,ST,88,148,88
716-1071,ET,01 AUG 2013,0,815,SU,62,164,88
716-1071,ET,01 AUG 2013,1,816,ST,85,142,96
716-1071,ET,01 AUG 2013,2,817,ST,66,144,98
716-1071,V1,03 JUN 2013,0,815,SU,69,144,94
716-1071,V1,03 JUN 2013,1,816,ST,64,138,94
716-1071,V1,03 JUN 2013,2,817,ST,76,126,96
716-1071,V2,06 JUN 2013,0,815,SU,72,144,80
716-1071,V2,06 JUN 2013,1,816,ST,80,136,82
716-1071,V2,06 JUN 2013,2,817,ST,84,136,80
716-1071,V201,16 DEC 2013,0,815,SU,70,140,90
716-1071,V201,16 DEC 2013,1,816,ST,70,140,90
716-1071,V201,16 DEC 2013,2,817,ST,70,148,90
716-1071,V3,08 JUN 2013,0,815,SU,66,142,90
716-1071,V3,08 JUN 2013,1,816,ST,80,138,94
716-1071,V3,08 JUN 2013,2,817,ST,80,142,96
716-1071,V3E,21 JUN 2013,0,815,SU,80,122,92
716-1071,V3E,21 JUN 2013,1,816,ST,88,110,80
716-1071,V3E,21 JUN 2013,2,817,ST,84,112,82
716-1071,V4,22 JUN 2013,0,815,SU,88,122,88
716-1071,V4,22 JUN 2013,1,816,ST,88,96,62
716-1071,V4,22 JUN 2013,2,817,ST,90,108,74
716-1071,V5,05 JUL 2013,0,815,SU,84,120,80
716-1071,V5,05 JUL 2013,1,816,ST,86,98,68
716-1071,V5,05 JUL 2013,2,817,ST,86,116,80
716-1071,V6,07 JUL 2013,0,815,SU,75,142,90
716-1071,V6,07 JUL 2013,1,816,ST,86,114,80
716-1071,V6,07 JUL 2013,2,817,ST,84,140,86
716-1071,V7,26 JUL 2013,0,815,SU,88,140,98
716-1071,V7,26 JUL 2013,1,816,ST,88,124,90
716-1071,V7,26 JUL 2013,2,817,ST,80,120,84
716-1094,ET,26 JAN 2013,0,815,SU,52,160,70
716-1094,ET,26 JAN 2013,1,816,ST,64,140,72
716-1094,ET,26 JAN 2013,2,817,ST,60,150,70
716-1094,V1,16 DEC 2012,0,815,SU,60,156,72
716-1094,V1,16 DEC 2012,1,816,ST,64,146,68
716-1094,V1,16 DEC 2012,2,817,ST,64,162,68
716-1094,V2,17 DEC 2012,0,815,SU,72,170,90
716-1094,V2,17 DEC 2012,1,816,ST,88,130,80
716-1094,V2,17 DEC 2012,2,817,ST,84,158,90
716-1094,V201,22 JUN 2013,0,815,SU,70,154,60
716-1094,V201,22 JUN 2013,1,816,ST,68,160,60
716-1094,V201,22 JUN 2013,2,817,ST,70,152,66
716-1094,V3,19 DEC 2012,0,815,SU,72,148,84
716-1094,V3,19 DEC 2012,1,816,ST,88,134,72
716-1094,V3,19 DEC 2012,2,817,ST,72,146,88
716-1094,V3E,05 JAN 2013,0,815,SU,80,132,80
716-1094,V3E,05 JAN 2013,1,816,ST,88,130,80
716-1094,V3E,05 JAN 2013,2,817,ST,84,128,78
716-1094,V4,06 JAN 2013,0,815,SU,65,122,60
716-1094,V4,06 JAN 2013,1,816,ST,76,120,70
716-1094,V4,06 JAN 2013,2,817,ST,76,124,72
716-1094,V5,19 JAN 2013,0,815,SU,76,110,70
716-1094,V5,19 JAN 2013,1,816,ST,88,108,70
716-1094,V5,19 JAN 2013,2,817,ST,84,112,70
716-1094,V6,21 JAN 2013,0,815,SU,60,134,80
716-1094,V6,21 JAN 2013,1,816,ST,76,106,60
716-1094,V6,21 JAN 2013,2,817,ST,68,130,74
716-1103,V1,18 MAR 2014,0,815,SU,70,154,80
716-1103,V1,18 MAR 2014,1,816,ST,70,158,84
716-1103,V1,18 MAR 2014,2,817,ST,70,152,80
716-1103,V10,23 JUL 2014,0,815,SU,62,138,68
716-1103,V10,23 JUL 2014,1,816,ST,66,124,68
716-1103,V10,23 JUL 2014,2,817,ST,62,144,70
716-1103,V11,19 AUG 2014,0,815,SU,60,114,58
716-1103,V11,19 AUG 2014,1,816,ST,62,118,60
716-1103,V11,19 AUG 2014,2,817,ST,62,128,62
716-1103,V12,30 AUG 2014,0,815,SU,68,130,76
716-1103,V12,30 AUG 2014,1,816,ST,72,128,76
716-1103,V12,30 AUG 2014,2,817,ST,72,124,74
716-1103,V13,20 SEP 2014,0,815,SU,66,132,60
716-1103,V13,20 SEP 2014,1,816,ST,64,120,62
716-1103,V13,20 SEP 2014,2,817,ST,62,110,60
716-1103,V2,18 MAR 2014,0,815,SU,70,130,68
716-1103,V2,18 MAR 2014,1,816,ST,70,130,62
716-1103,V2,18 MAR 2014,2,817,ST,70,128,70
716-1103,V3,20 MAR 2014,0,815,SU,68,138,72
716-1103,V3,20 MAR 2014,1,816,ST,68,138,74
716-1103,V3,20 MAR 2014,2,817,ST,68,134,74
716-1103,V3E,04 APR 2014,0,815,SU,70,120,68
716-1103,V3E,04 APR 2014,1,816,ST,70,130,72
716-1103,V3E,04 APR 2014,2,817,ST,70,130,70
716-1103,V4,05 APR 2014,0,815,SU,68,130,64
716-1103,V4,05 APR 2014,1,816,ST,68,134,68
716-1103,V4,05 APR 2014,2,817,ST,68,132,62
716-1103,V5,22 APR 2014,0,815,SU,74,130,80
716-1103,V5,22 APR 2014,1,816,ST,74,134,84
716-1103,V5,22 APR 2014,2,817,ST,74,132,84
716-1103,V6,24 APR 2014,0,815,SU,60,124,70
716-1103,V6,24 APR 2014,1,816,ST,60,142,80
716-1103,V6,24 APR 2014,2,817,ST,60,150,72
716-1103,V7,08 MAY 2014,0,815,SU,64,138,70
716-1103,V7,08 MAY 2014,1,816,ST,68,140,74
716-1103,V7,08 MAY 2014,2,817,ST,70,138,80
716-1103,V8,22 MAY 2014,0,815,SU,72,130,70
716-1103,V8,22 MAY 2014,1,816,ST,72,132,72
716-1103,V8,22 MAY 2014,2,817,ST,72,132,70
716-1103,V9,21 JUN 2014,0,815,SU,62,140,70
716-1103,V9,21 JUN 2014,1,816,ST,66,150,80
716-1103,V9,21 JUN 2014,2,817,ST,66,140,90
716-1108,V1,04 FEB 2013,0,815,SU,72,170,68
716-1108,V1,04 FEB 2013,1,816,ST,84,164,70
716-1108,V1,04 FEB 2013,2,817,ST,80,162,66
716-1108,V10,07 JUN 2013,0,815,SU,64,180,80
716-1108,V10,07 JUN 2013,1,816,ST,72,170,82
716-1108,V10,07 JUN 2013,2,817,ST,72,160,82
716-1108,V11,08 JUL 2013,0,815,SU,74,184,80
716-1108,V11,08 JUL 2013,1,816,ST,76,196,90
716-1108,V11,08 JUL 2013,2,817,ST,76,200,90
716-1108,V12,02 AUG 2013,0,815,SU,78,146,70
716-1108,V12,02 AUG 2013,1,816,ST,82,122,72
716-1108,V12,02 AUG 2013,2,817,ST,80,130,72
716-1108,V13,10 AUG 2013,0,815,SU,68,150,70
716-1108,V13,10 AUG 2013,1,816,ST,76,132,70
716-1108,V13,10 AUG 2013,2,817,ST,78,140,70
716-1108,V2,10 FEB 2013,0,815,SU,70,170,64
716-1108,V2,10 FEB 2013,1,816,ST,72,160,64
716-1108,V2,10 FEB 2013,2,817,ST,76,162,70
716-1108,V3,12 FEB 2013,0,815,SU,76,148,78
716-1108,V3,12 FEB 2013,1,816,ST,76,152,88
716-1108,V3,12 FEB 2013,2,817,ST,84,142,76
716-1108,V3E,25 FEB 2013,0,815,SU,60,180,80
716-1108,V3E,25 FEB 2013,1,816,ST,70,158,80
716-1108,V3E,25 FEB 2013,2,817,ST,70,176,86
716-1108,V4,26 FEB 2013,0,815,SU,64,138,88
716-1108,V4,26 FEB 2013,1,816,ST,80,166,84
716-1108,V4,26 FEB 2013,2,817,ST,72,168,96
716-1108,V5,08 MAR 2013,0,815,SU,68,150,70
716-1108,V5,08 MAR 2013,1,816,ST,80,140,82
716-1108,V5,08 MAR 2013,2,817,ST,80,150,80
716-1108,V6,10 MAR 2013,0,815,SU,64,170,72
716-1108,V6,10 MAR 2013,1,816,ST,72,160,88
716-1108,V6,10 MAR 2013,2,817,ST,76,170,90
716-1108,V7,26 MAR 2013,0,815,SU,76,148,68
716-1108,V7,26 MAR 2013,1,816,ST,86,154,76
716-1108,V7,26 MAR 2013,2,817,ST,86,154,72
716-1108,V8,12 APR 2013,0,815,SU,72,150,74
716-1108,V8,12 APR 2013,1,816,ST,72,140,74
716-1108,V8,12 APR 2013,2,817,ST,72,142,70
716-1108,V9,10 MAY 2013,0,815,SU,72,160,76
716-1108,V9,10 MAY 2013,1,816,ST,76,158,84
716-1108,V9,10 MAY 2013,2,817,ST,80,158,90
716-1151,ET,07 JUN 2013,0,815,SU,60,148,72
716-1151,ET,07 JUN 2013,1,816,ST,72,120,72
716-1151,ET,07 JUN 2013,2,817,ST,68,130,86
716-1151,V1,23 JAN 2013,0,815,SU,62,110,70
716-1151,V1,23 JAN 2013,1,816,ST,62,110,70
716-1151,V1,23 JAN 2013,2,817,ST,62,108,74
716-1151,V2,30 JAN 2013,0,815,SU,66,126,64
716-1151,V2,30 JAN 2013,1,816,ST,80,130,66
716-1151,V2,30 JAN 2013,2,817,ST,80,124,64
716-1151,V201,13 AUG 2013,0,815,SU,68,104,70
716-1151,V201,13 AUG 2013,1,816,ST,70,120,70
716-1151,V201,13 AUG 2013,2,817,ST,70,130,70
716-1151,V3,01 FEB 2013,0,815,SU,67,136,74
716-1151,V3,01 FEB 2013,1,816,ST,80,122,68
716-1151,V3,01 FEB 2013,2,817,ST,76,104,48
716-1151,V3E,14 FEB 2013,0,815,SU,70,120,72
716-1151,V3E,14 FEB 2013,1,816,ST,72,122,74
716-1151,V3E,14 FEB 2013,2,817,ST,72,124,74
716-1151,V4,15 FEB 2013,0,815,SU,76,140,80
716-1151,V4,15 FEB 2013,1,816,ST,80,114,80
716-1151,V4,15 FEB 2013,2,817,ST,88,114,80
716-1151,V5,27 FEB 2013,0,815,SU,70,120,72
716-1151,V5,27 FEB 2013,1,816,ST,70,122,74
716-1151,V5,27 FEB 2013,2,817,ST,70,120,72
716-1151,V6,01 MAR 2013,0,815,SU,70,112,72
716-1151,V6,01 MAR 2013,1,816,ST,70,110,70
716-1151,V6,01 MAR 2013,2,817,ST,70,112,72
716-1151,V7,15 MAR 2013,0,815,SU,68,120,80
716-1151,V7,15 MAR 2013,1,816,ST,68,128,84
716-1151,V7,15 MAR 2013,2,817,ST,68,124,82
716-1151,V8,02 APR 2013,0,815,SU,72,132,82
716-1151,V8,02 APR 2013,1,816,ST,72,134,82
716-1151,V8,02 APR 2013,2,817,ST,72,134,82
716-1151,V9,03 MAY 2013,0,815,SU,68,120,82
716-1151,V9,03 MAY 2013,1,816,ST,68,124,84
716-1151,V9,03 MAY 2013,2,817,ST,68,122,82
716-1157,V1,23 SEP 2013,0,815,SU,57,110,62
716-1157,V1,23 SEP 2013,1,816,ST,60,108,60
716-1157,V1,23 SEP 2013,2,817,ST,58,110,62
716-1157,V10,20 JAN 2014,0,815,SU,48,142,80
716-1157,V10,20 JAN 2014,1,816,ST,52,120,82
716-1157,V10,20 JAN 2014,2,817,ST,52,128,80
716-1157,V11,24 FEB 2014,0,815,SU,68,120,70
716-1157,V11,24 FEB 2014,1,816,ST,68,124,72
716-1157,V11,24 FEB 2014,2,817,ST,68,120,68
716-1157,V12,26 MAR 2014,0,815,SU,52,128,62
716-1157,V12,26 MAR 2014,1,816,ST,52,114,74
716-1157,V12,26 MAR 2014,2,817,ST,52,110,68
716-1157,V13,05 APR 2014,0,815,SU,70,112,68
716-1157,V13,05 APR 2014,1,816,ST,70,114,70
716-1157,V13,05 APR 2014,2,817,ST,70,114,70
716-1157,V2,30 SEP 2013,0,815,SU,48,108,60
716-1157,V2,30 SEP 2013,1,816,ST,52,102,62
716-1157,V2,30 SEP 2013,2,817,ST,56,110,64
716-1157,V3,02 OCT 2013,0,815,SU,50,134,70
716-1157,V3,02 OCT 2013,1,816,ST,56,130,70
716-1157,V3,02 OCT 2013,2,817,ST,52,132,70
716-1157,V3E,15 OCT 2013,0,815,SU,60,130,70
716-1157,V3E,15 OCT 2013,1,816,ST,56,128,70
716-1157,V3E,15 OCT 2013,2,817,ST,60,126,72
716-1157,V4,16 OCT 2013,0,815,SU,54,140,72
716-1157,V4,16 OCT 2013,1,816,ST,60,140,70
716-1157,V4,16 OCT 2013,2,817,ST,52,142,72
716-1157,V5,04 NOV 2013,0,815,SU,48,112,72
716-1157,V5,04 NOV 2013,1,816,ST,64,110,70
716-1157,V5,04 NOV 2013,2,817,ST,60,108,68
716-1157,V6,06 NOV 2013,0,815,SU,50,122,44
716-1157,V6,06 NOV 2013,1,816,ST,58,118,70
716-1157,V6,06 NOV 2013,2,817,ST,50,124,62
716-1157,V7,12 NOV 2013,0,815,SU,52,132,70
716-1157,V7,12 NOV 2013,1,816,ST,56,130,72
716-1157,V7,12 NOV 2013,2,817,ST,56,130,76
716-1157,V8,26 NOV 2013,0,815,SU,51,142,70
716-1157,V8,26 NOV 2013,1,816,ST,68,132,74
716-1157,V8,26 NOV 2013,2,817,ST,64,136,70
716-1157,V9,24 DEC 2013,0,815,SU,70,110,62
716-1157,V9,24 DEC 2013,1,816,ST,70,112,64
716-1157,V9,24 DEC 2013,2,817,ST,70,110,64
716-1160,V1,23 MAR 2013,0,815,SU,52,142,72
716-1160,V1,23 MAR 2013,1,816,ST,61,148,72
716-1160,V1,23 MAR 2013,2,817,ST,57,148,68
716-1160,V10,27 JUL 2013,0,815,SU,66,116,68
716-1160,V10,27 JUL 2013,1,816,ST,78,106,64
716-1160,V10,27 JUL 2013,2,817,ST,78,110,62
716-1160,V11,28 AUG 2013,0,815,SU,68,128,72
716-1160,V11,28 AUG 2013,1,816,ST,84,120,68
716-1160,V11,28 AUG 2013,2,817,ST,80,122,74
716-1160,V12,27 SEP 2013,0,815,SU,68,130,78
716-1160,V12,27 SEP 2013,1,816,ST,68,120,70
716-1160,V12,27 SEP 2013,2,817,ST,64,130,70
716-1160,V13,11 OCT 2013,0,815,SU,78,132,70
716-1160,V13,11 OCT 2013,1,816,ST,80,124,72
716-1160,V13,11 OCT 2013,2,817,ST,80,130,72
716-1160,V2,03 APR 2013,0,815,SU,72,140,80
716-1160,V2,03 APR 2013,1,816,ST,72,130,72
716-1160,V2,03 APR 2013,2,817,ST,72,130,70
716-1160,V3,05 APR 2013,0,815,SU,60,140,72
716-1160,V3,05 APR 2013,1,816,ST,64,132,80
716-1160,V3,05 APR 2013,2,817,ST,67,136,80
716-1160,V3E,18 APR 2013,0,815,SU,64,130,74
716-1160,V3E,18 APR 2013,1,816,ST,68,140,82
716-1160,V3E,18 APR 2013,2,817,ST,64,140,82
716-1160,V4,19 APR 2013,0,815,SU,70,114,68
716-1160,V4,19 APR 2013,1,816,ST,70,118,70
716-1160,V4,19 APR 2013,2,817,ST,70,118,72
716-1160,V5,04 MAY 2013,0,815,SU,70,128,72
716-1160,V5,04 MAY 2013,1,816,ST,70,130,74
716-1160,V5,04 MAY 2013,2,817,ST,70,130,72
716-1160,V6,08 MAY 2013,0,815,SU,68,116,58
716-1160,V6,08 MAY 2013,1,816,ST,76,118,64
716-1160,V6,08 MAY 2013,2,817,ST,76,120,62
716-1160,V7,23 MAY 2013,0,815,SU,64,120,70
716-1160,V7,23 MAY 2013,1,816,ST,84,110,70
716-1160,V7,23 MAY 2013,2,817,ST,76,120,70
716-1160,V8,12 JUN 2013,0,815,SU,68,110,70
716-1160,V8,12 JUN 2013,1,816,ST,76,110,68
716-1160,V8,12 JUN 2013,2,817,ST,72,118,80
716-1160,V9,05 JUL 2013,0,815,SU,80,130,64
716-1160,V9,05 JUL 2013,1,816,ST,80,132,70
716-1160,V9,05 JUL 2013,2,817,ST,80,130,70
716-1167,V1,30 SEP 2012,0,815,SU,60,116,72
716-1167,V1,30 SEP 2012,1,816,ST,72,118,70
716-1167,V1,30 SEP 2012,2,817,ST,72,110,70
716-1167,V10,28 JAN 2013,0,815,SU,80,110,62
716-1167,V10,28 JAN 2013,1,816,ST,84,100,72
716-1167,V10,28 JAN 2013,2,817,ST,84,102,72
716-1167,V11,24 FEB 2013,0,815,SU,74,130,80
716-1167,V11,24 FEB 2013,1,816,ST,78,110,80
716-1167,V11,24 FEB 2013,2,817,ST,88,120,84
716-1167,V12,24 MAR 2013,0,815,SU,70,130,76
716-1167,V12,24 MAR 2013,1,816,ST,84,130,80
716-1167,V12,24 MAR 2013,2,817,ST,84,120,78
716-1167,V13,13 APR 2013,0,815,SU,78,140,60
716-1167,V13,13 APR 2013,1,816,ST,82,120,62
716-1167,V13,13 APR 2013,2,817,ST,82,130,68
716-1167,V2,06 OCT 2012,0,815,SU,68,120,74
716-1167,V2,06 OCT 2012,1,816,ST,68,120,72
716-1167,V2,06 OCT 2012,2,817,ST,80,124,80
716-1167,V3,08 OCT 2012,0,815,SU,71,118,78
716-1167,V3,08 OCT 2012,1,816,ST,84,112,78
716-1167,V3,08 OCT 2012,2,817,ST,81,112,76
716-1167,V3E,28 OCT 2012,0,815,SU,76,128,72
716-1167,V3E,28 OCT 2012,1,816,ST,88,126,80
716-1167,V3E,28 OCT 2012,2,817,ST,80,142,82
716-1167,V4,29 OCT 2012,0,815,SU,64,120,74
716-1167,V4,29 OCT 2012,1,816,ST,74,112,80
716-1167,V4,29 OCT 2012,2,817,ST,74,120,82
716-1167,V5,05 NOV 2012,0,815,SU,68,128,76
716-1167,V5,05 NOV 2012,1,816,ST,80,122,80
716-1167,V5,05 NOV 2012,2,817,ST,80,122,80
716-1167,V6,07 NOV 2012,0,815,SU,80,122,68
716-1167,V6,07 NOV 2012,1,816,ST,88,118,70
716-1167,V6,07 NOV 2012,2,817,ST,80,120,70
716-1167,V7,19 NOV 2012,0,815,SU,72,122,70
716-1167,V7,19 NOV 2012,1,816,ST,74,120,70
716-1167,V7,19 NOV 2012,2,817,ST,74,120,70
716-1167,V8,03 DEC 2012,0,815,SU,68,110,74
716-1167,V8,03 DEC 2012,1,816,ST,70,110,78
716-1167,V8,03 DEC 2012,2,817,ST,70,110,74
716-1167,V9,31 DEC 2012,0,815,SU,80,124,68
716-1167,V9,31 DEC 2012,1,816,ST,84,100,64
716-1167,V9,31 DEC 2012,2,817,ST,88,118,80
716-1177,V1,29 AUG 2014,0,815,SU,70,138,80
716-1177,V1,29 AUG 2014,1,816,ST,70,130,88
716-1177,V1,29 AUG 2014,2,817,ST,70,130,84
716-1177,V10,01 JAN 2015,0,815,SU,68,120,70
716-1177,V10,01 JAN 2015,1,816,ST,76,118,68
716-1177,V10,01 JAN 2015,2,817,ST,80,130,76
716-1177,V11,22 JAN 2015,0,815,SU,68,110,64
716-1177,V11,22 JAN 2015,1,816,ST,66,118,66
716-1177,V11,22 JAN 2015,2,817,ST,64,128,78
716-1177,V12,17 FEB 2015,0,815,SU,64,122,70
716-1177,V12,17 FEB 2015,1,816,ST,80,130,80
716-1177,V12,17 FEB 2015,2,817,ST,80,130,80
716-1177,V13,05 MAR 2015,0,815,SU,60,132,70
716-1177,V13,05 MAR 2015,1,816,ST,62,132,70
716-1177,V13,05 MAR 2015,2,817,ST,66,132,80
716-1177,V2,01 SEP 2014,0,815,SU,78,110,58
716-1177,V2,01 SEP 2014,1,816,ST,84,132,80
716-1177,V2,01 SEP 2014,2,817,ST,84,150,80
716-1177,V3,02 SEP 2014,0,815,SU,74,110,62
716-1177,V3,02 SEP 2014,1,816,ST,70,122,68
716-1177,V3,02 SEP 2014,2,817,ST,84,122,74
716-1177,V4,16 SEP 2014,0,815,SU,64,130,70
716-1177,V4,16 SEP 2014,1,816,ST,76,128,74
716-1177,V4,16 SEP 2014,2,817,ST,78,140,80
716-1177,V5,01 OCT 2014,0,815,SU,66,120,60
716-1177,V5,01 OCT 2014,1,816,ST,78,128,70
716-1177,V5,01 OCT 2014,2,817,ST,80,132,70
716-1177,V7,20 OCT 2014,0,815,SU,76,114,58
716-1177,V7,20 OCT 2014,1,816,ST,82,130,70
716-1177,V7,20 OCT 2014,2,817,ST,82,150,70
716-1177,V8,30 OCT 2014,0,815,SU,82,128,72
716-1177,V8,30 OCT 2014,1,816,ST,82,130,72
716-1177,V8,30 OCT 2014,2,817,ST,82,130,70
716-1177,V9,01 DEC 2014,0,815,SU,66,118,68
716-1177,V9,01 DEC 2014,1,816,ST,70,120,70
716-1177,V9,01 DEC 2014,2,817,ST,72,130,80
716-1189,ET,03 MAR 2013,0,815,SU,70,120,60
716-1189,ET,03 MAR 2013,1,816,ST,70,132,74
716-1189,ET,03 MAR 2013,2,817,ST,70,128,70
716-1189,V1,07 OCT 2012,0,815,SU,58,130,82
716-1189,V1,07 OCT 2012,1,816,ST,64,110,70
716-1189,V1,07 OCT 2012,2,817,ST,68,120,74
716-1189,V10,03 FEB 2013,0,815,SU,54,126,70
716-1189,V10,03 FEB 2013,1,816,ST,60,124,68
716-1189,V10,03 FEB 2013,2,817,ST,64,116,62
716-1189,V2,07 OCT 2012,0,815,SU,70,114,60
716-1189,V2,07 OCT 2012,1,816,ST,76,112,64
716-1189,V2,07 OCT 2012,2,817,ST,76,118,70
716-1189,V201,08 APR 2013,0,815,SU,62,110,70
716-1189,V201,08 APR 2013,1,816,ST,62,114,68
716-1189,V201,08 APR 2013,2,817,ST,60,116,66
716-1189,V3,09 OCT 2012,0,815,SU,66,138,72
716-1189,V3,09 OCT 2012,1,816,ST,68,124,72
716-1189,V3,09 OCT 2012,2,817,ST,68,118,72
716-1189,V3E,23 OCT 2012,0,815,SU,69,118,70
716-1189,V3E,23 OCT 2012,1,816,ST,72,112,66
716-1189,V3E,23 OCT 2012,2,817,ST,72,120,70
716-1189,V4,24 OCT 2012,0,815,SU,63,120,60
716-1189,V4,24 OCT 2012,1,816,ST,72,118,72
716-1189,V4,24 OCT 2012,2,817,ST,72,118,70
716-1189,V5,11 NOV 2012,0,815,SU,60,120,64
716-1189,V5,11 NOV 2012,1,816,ST,64,124,68
716-1189,V5,11 NOV 2012,2,817,ST,68,124,68
716-1189,V6,13 NOV 2012,0,815,SU,60,118,70
716-1189,V6,13 NOV 2012,1,816,ST,64,108,66
716-1189,V6,13 NOV 2012,2,817,ST,64,108,68
716-1189,V7,27 NOV 2012,0,815,SU,74,120,70
716-1189,V7,27 NOV 2012,1,816,ST,74,120,68
716-1189,V7,27 NOV 2012,2,817,ST,74,124,72
716-1189,V8,08 DEC 2012,0,815,SU,72,128,68
716-1189,V8,08 DEC 2012,1,816,ST,70,130,70
716-1189,V8,08 DEC 2012,2,817,ST,70,132,70
716-1189,V9,05 JAN 2013,0,815,SU,70,118,70
716-1189,V9,05 JAN 2013,1,816,ST,70,120,72
716-1189,V9,05 JAN 2013,2,817,ST,70,120,70
716-1229,ET,02 APR 2013,0,815,SU,60,130,80
716-1229,ET,02 APR 2013,1,816,ST,64,124,72
716-1229,ET,02 APR 2013,2,817,ST,68,130,70
716-1229,V1,14 FEB 2013,0,815,SU,64,158,80
716-1229,V1,14 FEB 2013,1,816,ST,62,152,76
716-1229,V1,14 FEB 2013,2,817,ST,64,150,82
716-1229,V2,18 FEB 2013,0,815,SU,70,140,90
716-1229,V2,18 FEB 2013,1,816,ST,70,142,88
716-1229,V2,18 FEB 2013,2,817,ST,70,142,88
716-1229,V3,20 FEB 2013,0,815,SU,64,142,76
716-1229,V3,20 FEB 2013,1,816,ST,64,140,70
716-1229,V3,20 FEB 2013,2,817,ST,60,140,74
716-1229,V3E,05 MAR 2013,0,815,SU,60,146,78
716-1229,V3E,05 MAR 2013,1,816,ST,65,138,74
716-1229,V3E,05 MAR 2013,2,817,ST,68,130,72
716-1229,V4,06 MAR 2013,0,815,SU,60,142,82
716-1229,V4,06 MAR 2013,1,816,ST,64,140,80
716-1229,V4,06 MAR 2013,2,817,ST,68,130,90
716-1229,V5,18 MAR 2013,0,815,SU,72,154,82
716-1229,V5,18 MAR 2013,1,816,ST,68,142,90
716-1229,V5,18 MAR 2013,2,817,ST,68,152,82
716-1229,V6,19 MAR 2013,0,815,SU,60,132,72
716-1229,V6,19 MAR 2013,1,816,ST,64,130,82
716-1229,V6,19 MAR 2013,2,817,ST,64,128,80
716-1298,ET,06 JUL 2013,0,815,SU,76,150,80
716-1298,ET,06 JUL 2013,1,816,ST,76,152,84
716-1298,ET,06 JUL 2013,2,817,ST,76,150,82
716-1298,V1,04 APR 2013,0,815,SU,64,143,74
716-1298,V1,04 APR 2013,1,816,ST,64,152,78
716-1298,V1,04 APR 2013,2,817,ST,64,150,74
716-1298,V2,07 APR 2013,0,815,SU,96,150,78
716-1298,V2,07 APR 2013,1,816,ST,96,154,82
716-1298,V2,07 APR 2013,2,817,ST,98,158,78
716-1298,V201,07 OCT 2013,0,815,SU,80,140,70
716-1298,V201,07 OCT 2013,1,816,ST,84,140,68
716-1298,V201,07 OCT 2013,2,817,ST,92,148,72
716-1298,V3,08 APR 2013,0,815,SU,68,156,82
716-1298,V3,08 APR 2013,1,816,ST,66,160,80
716-1298,V3,08 APR 2013,2,817,ST,68,162,82
716-1298,V4,22 APR 2013,0,815,SU,68,160,72
716-1298,V4,22 APR 2013,1,816,ST,68,162,72
716-1298,V4,22 APR 2013,2,817,ST,68,160,72
716-1298,V5,06 MAY 2013,0,815,SU,68,138,74
716-1298,V5,06 MAY 2013,1,816,ST,68,140,80
716-1298,V5,06 MAY 2013,2,817,ST,68,140,80
716-1298,V7,23 MAY 2013,0,815,SU,76,130,60
716-1298,V7,23 MAY 2013,1,816,ST,78,148,70
716-1298,V7,23 MAY 2013,2,817,ST,78,150,70
716-1298,V8,07 JUN 2013,0,815,SU,72,132,80
716-1298,V8,07 JUN 2013,1,816,ST,84,150,90
716-1298,V8,07 JUN 2013,2,817,ST,84,150,88
716-1308,ET,07 OCT 2013,0,815,SU,70,142,70
716-1308,ET,07 OCT 2013,1,816,ST,74,130,80
716-1308,ET,07 OCT 2013,2,817,ST,74,130,72
716-1308,V1,23 AUG 2013,0,815,SU,60,150,82
716-1308,V1,23 AUG 2013,1,816,ST,68,138,80
716-1308,V1,23 AUG 2013,2,817,ST,64,130,76
716-1308,V2,26 AUG 2013,0,815,SU,68,130,72
716-1308,V2,26 AUG 2013,1,816,ST,68,132,74
716-1308,V2,26 AUG 2013,2,817,ST,68,134,72
716-1308,V3,28 AUG 2013,0,815,SU,82,160,88
716-1308,V3,28 AUG 2013,1,816,ST,82,164,88
716-1308,V3,28 AUG 2013,2,817,ST,82,164,84
716-1308,V3E,11 SEP 2013,0,815,SU,74,130,74
716-1308,V3E,11 SEP 2013,1,816,ST,74,134,74
716-1308,V3E,11 SEP 2013,2,817,ST,74,132,74
716-1308,V4,12 SEP 2013,0,815,SU,64,130,78
716-1308,V4,12 SEP 2013,1,816,ST,64,148,74
716-1308,V4,12 SEP 2013,2,817,ST,64,140,72
716-1308,V5,23 SEP 2013,0,815,SU,72,140,70
716-1308,V5,23 SEP 2013,1,816,ST,80,132,70
716-1308,V5,23 SEP 2013,2,817,ST,80,134,70
716-1308,V6,25 SEP 2013,0,815,SU,72,130,70
716-1308,V6,25 SEP 2013,1,816,ST,80,120,72
716-1308,V6,25 SEP 2013,2,817,ST,80,120,76
716-1311,V1,08 MAY 2014,0,815,SU,68,130,80
716-1311,V1,08 MAY 2014,1,816,ST,68,132,82
716-1311,V1,08 MAY 2014,2,817,ST,68,130,80
716-1311,V10,10 SEP 2014,0,815,SU,88,110,70
716-1311,V10,10 SEP 2014,1,816,ST,104,130,90
716-1311,V10,10 SEP 2014,2,817,ST,92,120,70
716-1311,V2,13 MAY 2014,0,815,SU,70,120,72
716-1311,V2,13 MAY 2014,1,816,ST,70,124,74
716-1311,V2,13 MAY 2014,2,817,ST,70,120,72
716-1311,V201,15 NOV 2014,0,815,SU,76,120,60
716-1311,V201,15 NOV 2014,1,816,ST,78,116,66
716-1311,V201,15 NOV 2014,2,817,ST,78,118,70
716-1311,V3,14 MAY 2014,0,815,SU,70,120,72
716-1311,V3,14 MAY 2014,1,816,ST,70,120,78
716-1311,V3,14 MAY 2014,2,817,ST,70,120,74
716-1311,V4,28 MAY 2014,0,815,SU,82,118,78
716-1311,V4,28 MAY 2014,1,816,ST,84,138,80
716-1311,V4,28 MAY 2014,2,817,ST,86,142,78
716-1311,V5,11 JUN 2014,0,815,SU,68,124,66
716-1311,V5,11 JUN 2014,1,816,ST,74,130,80
716-1311,V5,11 JUN 2014,2,817,ST,74,136,78
716-1311,V7,26 JUN 2014,0,815,SU,72,120,70
716-1311,V7,26 JUN 2014,1,816,ST,74,122,70
716-1311,V7,26 JUN 2014,2,817,ST,74,114,70
716-1311,V8,08 JUL 2014,0,815,SU,80,138,80
716-1311,V8,08 JUL 2014,1,816,ST,82,140,80
716-1311,V8,08 JUL 2014,2,817,ST,82,142,80
716-1311,V9,07 AUG 2014,0,815,SU,72,108,58
716-1311,V9,07 AUG 2014,1,816,ST,74,110,60
716-1311,V9,07 AUG 2014,2,817,ST,74,130,66
716-1364,V1,27 JUN 2013,0,815,SU,68,190,88
716-1364,V1,27 JUN 2013,1,816,ST,68,190,90
716-1364,V1,27 JUN 2013,2,817,ST,68,184,92
716-1364,V10,07 NOV 2013,0,815,SU,54,138,60
716-1364,V10,07 NOV 2013,1,816,ST,56,140,70
716-1364,V10,07 NOV 2013,2,817,ST,58,142,70
716-1364,V11,05 DEC 2013,0,815,SU,60,120,60
716-1364,V11,05 DEC 2013,1,816,ST,64,110,72
716-1364,V11,05 DEC 2013,2,817,ST,60,120,80
716-1364,V12,23 DEC 2013,0,815,SU,68,160,90
716-1364,V12,23 DEC 2013,1,816,ST,66,160,90
716-1364,V12,23 DEC 2013,2,817,ST,66,150,88
716-1364,V13,09 JAN 2014,0,815,SU,66,120,80
716-1364,V13,09 JAN 2014,1,816,ST,76,130,88
716-1364,V13,09 JAN 2014,2,817,ST,76,132,88
716-1364,V2,03 JUL 2013,0,815,SU,68,146,78
716-1364,V2,03 JUL 2013,1,816,ST,70,140,80
716-1364,V2,03 JUL 2013,2,817,ST,68,142,90
716-1364,V3,04 JUL 2013,0,815,SU,68,156,96
716-1364,V3,04 JUL 2013,1,816,ST,72,192,108
716-1364,V3,04 JUL 2013,2,817,ST,72,180,102
716-1364,V4,17 JUL 2013,0,815,SU,70,140,80
716-1364,V4,17 JUL 2013,1,816,ST,70,142,82
716-1364,V4,17 JUL 2013,2,817,ST,70,140,82
716-1364,V5,31 JUL 2013,0,815,SU,72,168,70
716-1364,V5,31 JUL 2013,1,816,ST,76,142,78
716-1364,V5,31 JUL 2013,2,817,ST,76,160,76
716-1364,V7,18 AUG 2013,0,815,SU,74,114,70
716-1364,V7,18 AUG 2013,1,816,ST,78,120,84
716-1364,V7,18 AUG 2013,2,817,ST,78,148,84
716-1364,V8,02 SEP 2013,0,815,SU,60,113,80
716-1364,V8,02 SEP 2013,1,816,ST,68,160,88
716-1364,V8,02 SEP 2013,2,817,ST,68,170,90
716-1364,V9,06 OCT 2013,0,815,SU,62,138,60
716-1364,V9,06 OCT 2013,1,816,ST,64,140,62
716-1364,V9,06 OCT 2013,2,817,ST,64,152,62
716-1373,ET,28 FEB 2013,0,815,SU,58,116,70
716-1373,ET,28 FEB 2013,1,816,ST,60,116,76
716-1373,ET,28 FEB 2013,2,817,ST,58,114,76
716-1373,V1,24 NOV 2012,0,815,SU,58,110,60
716-1373,V1,24 NOV 2012,1,816,ST,64,110,60
716-1373,V1,24 NOV 2012,2,817,ST,68,112,60
716-1373,V2,12 DEC 2012,0,815,SU,74,100,60
716-1373,V2,12 DEC 2012,1,816,ST,80,100,76
716-1373,V2,12 DEC 2012,2,817,ST,76,110,64
716-1373,V3,14 DEC 2012,0,815,SU,60,126,68
716-1373,V3,14 DEC 2012,1,816,ST,68,124,70
716-1373,V3,14 DEC 2012,2,817,ST,64,120,68
716-1373,V3E,29 DEC 2012,0,815,SU,74,120,62
716-1373,V3E,29 DEC 2012,1,816,ST,70,110,68
716-1373,V3E,29 DEC 2012,2,817,ST,72,112,68
716-1373,V4,30 DEC 2012,0,815,SU,73,128,68
716-1373,V4,30 DEC 2012,1,816,ST,74,130,70
716-1373,V4,30 DEC 2012,2,817,ST,74,132,74
716-1373,V5,10 JAN 2013,0,815,SU,60,112,62
716-1373,V5,10 JAN 2013,1,816,ST,64,108,60
716-1373,V5,10 JAN 2013,2,817,ST,68,118,68
716-1373,V6,12 JAN 2013,0,815,SU,64,122,70
716-1373,V6,12 JAN 2013,1,816,ST,68,110,70
716-1373,V6,12 JAN 2013,2,817,ST,64,108,70
716-1373,V7,26 JAN 2013,0,815,SU,70,120,62
716-1373,V7,26 JAN 2013,1,816,ST,68,120,62
716-1373,V7,26 JAN 2013,2,817,ST,70,120,60
716-1373,V8,09 FEB 2013,0,815,SU,62,130,70
716-1373,V8,09 FEB 2013,1,816,ST,64,126,74
716-1373,V8,09 FEB 2013,2,817,ST,64,130,80
716-1418,V1,27 APR 2013,0,815,SU,68,124,82
716-1418,V1,27 APR 2013,1,816,ST,72,130,80
716-1418,V1,27 APR 2013,2,817,ST,72,134,80
716-1418,V10,05 SEP 2013,0,815,SU,68,140,72
716-1418,V10,05 SEP 2013,1,816,ST,82,130,72
716-1418,V10,05 SEP 2013,2,817,ST,82,142,72
716-1418,V11,05 OCT 2013,0,815,SU,64,134,54
716-1418,V11,05 OCT 2013,1,816,ST,72,122,58
716-1418,V11,05 OCT 2013,2,817,ST,80,118,60
716-1418,V12,06 NOV 2013,0,815,SU,64,160,74
716-1418,V12,06 NOV 2013,1,816,ST,62,158,72
716-1418,V12,06 NOV 2013,2,817,ST,62,152,72
716-1418,V13,20 NOV 2013,0,815,SU,68,154,80
716-1418,V13,20 NOV 2013,1,816,ST,66,150,78
716-1418,V13,20 NOV 2013,2,817,ST,66,150,70
716-1418,V2,03 MAY 2013,0,815,SU,90,130,70
716-1418,V2,03 MAY 2013,1,816,ST,88,132,70
716-1418,V2,03 MAY 2013,2,817,ST,88,130,68
716-1418,V3,05 MAY 2013,0,815,SU,73,134,80
716-1418,V3,05 MAY 2013,1,816,ST,73,116,74
716-1418,V3,05 MAY 2013,2,817,ST,73,122,80
716-1418,V4,19 MAY 2013,0,815,SU,68,150,80
716-1418,V4,19 MAY 2013,1,816,ST,68,150,90
716-1418,V4,19 MAY 2013,2,817,ST,68,144,90
716-1418,V5,05 JUN 2013,0,815,SU,60,150,78
716-1418,V5,05 JUN 2013,1,816,ST,68,126,76
716-1418,V5,05 JUN 2013,2,817,ST,84,130,82
716-1418,V6,08 JUN 2013,0,815,SU,70,140,80
716-1418,V6,08 JUN 2013,1,816,ST,70,142,80
716-1418,V6,08 JUN 2013,2,817,ST,70,140,80
716-1418,V7,22 JUN 2013,0,815,SU,60,140,70
716-1418,V7,22 JUN 2013,1,816,ST,64,132,70
716-1418,V7,22 JUN 2013,2,817,ST,62,136,72
716-1418,V8,11 JUL 2013,0,815,SU,78,154,84
716-1418,V8,11 JUL 2013,1,816,ST,78,126,80
716-1418,V8,11 JUL 2013,2,817,ST,80,130,82
716-1418,V9,03 AUG 2013,0,815,SU,72,142,80
716-1418,V9,03 AUG 2013,1,816,ST,88,122,82
716-1418,V9,03 AUG 2013,2,817,ST,80,130,84
716-1441,V1,13 JAN 2014,0,815,SU,68,140,68
716-1441,V1,13 JAN 2014,1,816,ST,72,110,60
716-1441,V1,13 JAN 2014,2,817,ST,72,122,70
716-1441,V10,19 MAY 2014,0,815,SU,64,110,60
716-1441,V10,19 MAY 2014,1,816,ST,66,112,60
716-1441,V10,19 MAY 2014,2,817,ST,66,120,66
716-1441,V11,05 JUN 2014,0,815,SU,80,124,70
716-1441,V11,05 JUN 2014,1,816,ST,80,110,62
716-1441,V11,05 JUN 2014,2,817,ST,84,94,70
716-1441,V12,08 JUL 2014,0,815,SU,70,134,60
716-1441,V12,08 JUL 2014,1,816,ST,74,128,60
716-1441,V12,08 JUL 2014,2,817,ST,74,126,62
716-1441,V13,22 JUL 2014,0,815,SU,70,110,62
716-1441,V13,22 JUL 2014,1,816,ST,84,100,62
716-1441,V13,22 JUL 2014,2,817,ST,80,112,62
716-1441,V2,20 JAN 2014,0,815,SU,70,122,72
716-1441,V2,20 JAN 2014,1,816,ST,70,120,62
716-1441,V2,20 JAN 2014,2,817,ST,72,120,70
716-1441,V3,22 JAN 2014,0,815,SU,76,130,68
716-1441,V3,22 JAN 2014,1,816,ST,88,120,70
716-1441,V3,22 JAN 2014,2,817,ST,88,132,66
716-1441,V3E,05 FEB 2014,0,815,SU,80,138,74
716-1441,V3E,05 FEB 2014,1,816,ST,88,112,66
716-1441,V3E,05 FEB 2014,2,817,ST,80,130,70
716-1441,V4,06 FEB 2014,0,815,SU,70,132,68
716-1441,V4,06 FEB 2014,1,816,ST,80,110,60
716-1441,V4,06 FEB 2014,2,817,ST,80,122,68
716-1441,V5,18 FEB 2014,0,815,SU,68,130,72
716-1441,V5,18 FEB 2014,1,816,ST,68,138,64
716-1441,V5,18 FEB 2014,2,817,ST,68,134,72
716-1441,V6,20 FEB 2014,0,815,SU,70,132,80
716-1441,V6,20 FEB 2014,1,816,ST,70,140,72
716-1441,V6,20 FEB 2014,2,817,ST,70,130,70
716-1441,V7,05 MAR 2014,0,815,SU,64,125,80
716-1441,V7,05 MAR 2014,1,816,ST,68,124,82
716-1441,V7,05 MAR 2014,2,817,ST,68,122,80
716-1441,V8,19 MAR 2014,0,815,SU,74,130,78
716-1441,V8,19 MAR 2014,1,816,ST,74,132,80
716-1441,V8,19 MAR 2014,2,817,ST,74,130,80
716-1441,V9,18 APR 2014,0,815,SU,84,122,60
716-1441,V9,18 APR 2014,1,816,ST,82,112,60
716-1441,V9,18 APR 2014,2,817,ST,82,118,58
716-1447,V1,10 DEC 2013,0,815,SU,64,130,74
716-1447,V1,10 DEC 2013,1,816,ST,68,130,80
716-1447,V1,10 DEC 2013,2,817,ST,64,126,72
716-1447,V10,12 APR 2014,0,815,SU,68,160,70
716-1447,V10,12 APR 2014,1,816,ST,72,124,72
716-1447,V10,12 APR 2014,2,817,ST,72,138,78
716-1447,V11,09 MAY 2014,0,815,SU,82,124,64
716-1447,V11,09 MAY 2014,1,816,ST,84,118,60
716-1447,V11,09 MAY 2014,2,817,ST,84,120,62
716-1447,V12,07 JUN 2014,0,815,SU,60,114,62
716-1447,V12,07 JUN 2014,1,816,ST,68,104,64
716-1447,V12,07 JUN 2014,2,817,ST,68,110,70
716-1447,V13,17 JUN 2014,0,815,SU,60,122,70
716-1447,V13,17 JUN 2014,1,816,ST,68,112,72
716-1447,V13,17 JUN 2014,2,817,ST,68,120,70
716-1447,V2,14 DEC 2013,0,815,SU,60,166,80
716-1447,V2,14 DEC 2013,1,816,ST,68,140,80
716-1447,V2,14 DEC 2013,2,817,ST,68,148,74
716-1447,V3,16 DEC 2013,0,815,SU,68,148,68
716-1447,V3,16 DEC 2013,1,816,ST,72,138,66
716-1447,V3,16 DEC 2013,2,817,ST,72,138,70
716-1447,V3E,30 DEC 2013,0,815,SU,81,118,72
716-1447,V3E,30 DEC 2013,1,816,ST,80,120,70
716-1447,V3E,30 DEC 2013,2,817,ST,80,120,70
716-1447,V4,31 DEC 2013,0,815,SU,76,122,60
716-1447,V4,31 DEC 2013,1,816,ST,80,112,64
716-1447,V4,31 DEC 2013,2,817,ST,80,96,62
716-1447,V5,11 JAN 2014,0,815,SU,70,162,90
716-1447,V5,11 JAN 2014,1,816,ST,72,150,92
716-1447,V5,11 JAN 2014,2,817,ST,72,150,88
716-1447,V6,13 JAN 2014,0,815,SU,68,132,68
716-1447,V6,13 JAN 2014,1,816,ST,68,128,68
716-1447,V6,13 JAN 2014,2,817,ST,70,128,70
716-1447,V7,27 JAN 2014,0,815,SU,64,102,60
716-1447,V7,27 JAN 2014,1,816,ST,76,102,62
716-1447,V7,27 JAN 2014,2,817,ST,70,110,62
716-1447,V8,10 FEB 2014,0,815,SU,68,140,70
716-1447,V8,10 FEB 2014,1,816,ST,68,142,72
716-1447,V8,10 FEB 2014,2,817,ST,68,138,72
716-1447,V9,14 MAR 2014,0,815,SU,63,148,74
716-1447,V9,14 MAR 2014,1,816,ST,68,124,62
716-1447,V9,14 MAR 2014,2,817,ST,72,130,68
717-1004,V1,01 JAN 2014,0,815,SU,60,136,64
717-1004,V1,01 JAN 2014,1,816,ST,72,130,74
717-1004,V1,01 JAN 2014,2,817,ST,66,132,68
717-1004,V10,06 MAY 2014,0,815,SU,52,138,80
717-1004,V10,06 MAY 2014,1,816,ST,60,126,74
717-1004,V10,06 MAY 2014,2,817,ST,58,124,74
717-1004,V11,03 JUN 2014,0,815,SU,64,110,72
717-1004,V11,03 JUN 2014,1,816,ST,70,118,78
717-1004,V11,03 JUN 2014,2,817,ST,72,124,78
717-1004,V12,01 JUL 2014,0,815,SU,59,128,80
717-1004,V12,01 JUL 2014,1,816,ST,60,126,72
717-1004,V12,01 JUL 2014,2,817,ST,60,124,70
717-1004,V13,16 JUL 2014,0,815,SU,60,136,68
717-1004,V13,16 JUL 2014,1,816,ST,64,132,72
717-1004,V13,16 JUL 2014,2,817,ST,64,128,78
717-1004,V2,12 JAN 2014,0,815,SU,60,134,82
717-1004,V2,12 JAN 2014,1,816,ST,64,128,76
717-1004,V2,12 JAN 2014,2,817,ST,64,126,78
717-1004,V3,14 JAN 2014,0,815,SU,72,132,64
717-1004,V3,14 JAN 2014,1,816,ST,78,122,72
717-1004,V3,14 JAN 2014,2,817,ST,72,120,74
717-1004,V3E,27 JAN 2014,0,815,SU,60,136,80
717-1004,V3E,27 JAN 2014,1,816,ST,72,134,80
717-1004,V3E,27 JAN 2014,2,817,ST,64,128,78
717-1004,V4,28 JAN 2014,0,815,SU,80,130,76
717-1004,V4,28 JAN 2014,1,816,ST,82,128,78
717-1004,V4,28 JAN 2014,2,817,ST,78,130,76
717-1004,V5,09 FEB 2014,0,815,SU,72,128,68
717-1004,V5,09 FEB 2014,1,816,ST,72,126,74
717-1004,V5,09 FEB 2014,2,817,ST,68,124,66
717-1004,V6,11 FEB 2014,0,815,SU,76,128,72
717-1004,V6,11 FEB 2014,1,816,ST,70,124,68
717-1004,V6,11 FEB 2014,2,817,ST,72,124,64
717-1004,V7,25 FEB 2014,0,815,SU,72,130,78
717-1004,V7,25 FEB 2014,1,816,ST,72,118,64
717-1004,V7,25 FEB 2014,2,817,ST,72,116,68
717-1004,V8,11 MAR 2014,0,815,SU,64,138,72
717-1004,V8,11 MAR 2014,1,816,ST,60,122,76
717-1004,V8,11 MAR 2014,2,817,ST,62,120,72
717-1004,V9,08 APR 2014,0,815,SU,58,142,70
717-1004,V9,08 APR 2014,1,816,ST,64,138,68
717-1004,V9,08 APR 2014,2,817,ST,66,126,70
717-1109,V1,20 JAN 2014,0,815,SU,64,134,76
717-1109,V1,20 JAN 2014,1,816,ST,62,128,74
717-1109,V1,20 JAN 2014,2,817,ST,60,126,74
717-1109,V10,19 MAY 2014,0,815,SU,64,128,82
717-1109,V10,19 MAY 2014,1,816,ST,68,128,80
717-1109,V10,19 MAY 2014,2,817,ST,70,118,70
717-1109,V11,16 JUN 2014,0,815,SU,68,122,78
717-1109,V11,16 JUN 2014,1,816,ST,64,118,62
717-1109,V11,16 JUN 2014,2,817,ST,66,120,60
717-1109,V12,18 JUL 2014,0,815,SU,70,130,74
717-1109,V12,18 JUL 2014,1,816,ST,72,124,70
717-1109,V12,18 JUL 2014,2,817,ST,60,126,68
717-1109,V13,28 JUL 2014,0,815,SU,64,122,70
717-1109,V13,28 JUL 2014,1,816,ST,60,108,68
717-1109,V13,28 JUL 2014,2,817,ST,62,120,72
717-1109,V2,25 JAN 2014,0,815,SU,60,134,80
717-1109,V2,25 JAN 2014,1,816,ST,64,126,78
717-1109,V2,25 JAN 2014,2,817,ST,64,124,78
717-1109,V3,27 JAN 2014,0,815,SU,66,132,82
717-1109,V3,27 JAN 2014,1,816,ST,64,122,80
717-1109,V3,27 JAN 2014,2,817,ST,62,124,78
717-1109,V3E,09 FEB 2014,0,815,SU,78,122,66
717-1109,V3E,09 FEB 2014,1,816,ST,72,102,54
717-1109,V3E,09 FEB 2014,2,817,ST,66,112,68
717-1109,V4,10 FEB 2014,0,815,SU,68,118,74
717-1109,V4,10 FEB 2014,1,816,ST,59,102,60
717-1109,V4,10 FEB 2014,2,817,ST,56,106,58
717-1109,V5,23 FEB 2014,0,815,SU,66,118,70
717-1109,V5,23 FEB 2014,1,816,ST,58,112,68
717-1109,V5,23 FEB 2014,2,817,ST,60,110,66
717-1109,V6,25 FEB 2014,0,815,SU,68,132,74
717-1109,V6,25 FEB 2014,1,816,ST,64,124,72
717-1109,V6,25 FEB 2014,2,817,ST,60,122,70
717-1109,V7,10 MAR 2014,0,815,SU,76,102,70
717-1109,V7,10 MAR 2014,1,816,ST,70,98,62
717-1109,V7,10 MAR 2014,2,817,ST,72,96,62
717-1109,V8,24 MAR 2014,0,815,SU,70,120,82
717-1109,V8,24 MAR 2014,1,816,ST,64,118,80
717-1109,V8,24 MAR 2014,2,817,ST,56,115,78
717-1109,V9,18 APR 2014,0,815,SU,60,130,80
717-1109,V9,18 APR 2014,1,816,ST,52,132,82
717-1109,V9,18 APR 2014,2,817,ST,56,120,79
717-1174,V1,16 JAN 2013,0,815,SU,80,112,72
717-1174,V1,16 JAN 2013,1,816,ST,80,110,72
717-1174,V1,16 JAN 2013,2,817,ST,78,110,70
717-1174,V10,18 MAY 2013,0,815,SU,72,118,72
717-1174,V10,18 MAY 2013,1,816,ST,84,116,70
717-1174,V10,18 MAY 2013,2,817,ST,82,116,68
717-1174,V11,12 JUN 2013,0,815,SU,84,108,72
717-1174,V11,12 JUN 2013,1,816,ST,86,98,66
717-1174,V11,12 JUN 2013,2,817,ST,92,108,72
717-1174,V12,07 JUL 2013,0,815,SU,64,110,64
717-1174,V12,07 JUL 2013,1,816,ST,64,102,62
717-1174,V12,07 JUL 2013,2,817,ST,68,114,70
717-1174,V13,24 JUL 2013,0,815,SU,90,118,70
717-1174,V13,24 JUL 2013,1,816,ST,100,122,72
717-1174,V13,24 JUL 2013,2,817,ST,100,108,68
717-1174,V2,20 JAN 2013,0,815,SU,64,112,76
717-1174,V2,20 JAN 2013,1,816,ST,64,110,70
717-1174,V2,20 JAN 2013,2,817,ST,60,110,68
717-1174,V3,22 JAN 2013,0,815,SU,66,118,72
717-1174,V3,22 JAN 2013,1,816,ST,80,116,74
717-1174,V3,22 JAN 2013,2,817,ST,78,116,72
717-1174,V3E,03 FEB 2013,0,815,SU,80,112,72
717-1174,V3E,03 FEB 2013,1,816,ST,84,110,70
717-1174,V3E,03 FEB 2013,2,817,ST,88,108,68
717-1174,V4,04 FEB 2013,0,815,SU,86,112,70
717-1174,V4,04 FEB 2013,1,816,ST,90,110,70
717-1174,V4,04 FEB 2013,2,817,ST,90,110,68
717-1174,V5,18 FEB 2013,0,815,SU,86,104,74
717-1174,V5,18 FEB 2013,1,816,ST,96,102,70
717-1174,V5,18 FEB 2013,2,817,ST,86,108,70
717-1174,V7,04 MAR 2013,0,815,SU,90,120,80
717-1174,V7,04 MAR 2013,1,816,ST,85,118,84
717-1174,V7,04 MAR 2013,2,817,ST,90,116,82
717-1174,V8,19 MAR 2013,0,815,SU,80,118,80
717-1174,V8,19 MAR 2013,1,816,ST,90,122,82
717-1174,V8,19 MAR 2013,2,817,ST,88,116,78
717-1174,V9,15 APR 2013,0,815,SU,56,120,62
717-1174,V9,15 APR 2013,1,816,ST,70,118,64
717-1174,V9,15 APR 2013,2,817,ST,70,112,62
717-1201,ET,21 FEB 2014,0,815,SU,66,134,84
717-1201,ET,21 FEB 2014,1,816,ST,82,132,80
717-1201,ET,21 FEB 2014,2,817,ST,76,138,84
717-1201,V1,12 DEC 2013,0,815,SU,64,132,72
717-1201,V1,12 DEC 2013,1,816,ST,66,136,80
717-1201,V1,12 DEC 2013,2,817,ST,62,134,78
717-1201,V2,17 DEC 2013,0,815,SU,70,134,72
717-1201,V2,17 DEC 2013,1,816,ST,74,126,70
717-1201,V2,17 DEC 2013,2,817,ST,72,124,68
717-1201,V3,19 DEC 2013,0,815,SU,60,132,80
717-1201,V3,19 DEC 2013,1,816,ST,64,126,78
717-1201,V3,19 DEC 2013,2,817,ST,64,124,76
717-1201,V3E,02 JAN 2014,0,815,SU,64,128,88
717-1201,V3E,02 JAN 2014,1,816,ST,70,124,86
717-1201,V3E,02 JAN 2014,2,817,ST,72,126,80
717-1201,V4,03 JAN 2014,0,815,SU,68,134,72
717-1201,V4,03 JAN 2014,1,816,ST,72,130,70
717-1201,V4,03 JAN 2014,2,817,ST,74,130,66
717-1201,V5,17 JAN 2014,0,815,SU,60,132,78
717-1201,V5,17 JAN 2014,1,816,ST,62,122,74
717-1201,V5,17 JAN 2014,2,817,ST,62,124,76
717-1201,V6,19 JAN 2014,0,815,SU,62,136,72
717-1201,V6,19 JAN 2014,1,816,ST,68,132,70
717-1201,V6,19 JAN 2014,2,817,ST,70,130,70
717-1201,V7,30 JAN 2014,0,815,SU,60,132,78
717-1201,V7,30 JAN 2014,1,816,ST,62,128,76
717-1201,V7,30 JAN 2014,2,817,ST,62,122,76
717-1344,ET,14 MAR 2014,0,815,SU,88,124,78
717-1344,ET,14 MAR 2014,1,816,ST,96,118,84
717-1344,ET,14 MAR 2014,2,817,ST,98,116,86
717-1344,V1,01 JAN 2014,0,815,SU,84,124,86
717-1344,V1,01 JAN 2014,1,816,ST,90,116,84
717-1344,V1,01 JAN 2014,2,817,ST,84,112,84
717-1344,V2,09 JAN 2014,0,815,SU,84,128,84
717-1344,V2,09 JAN 2014,1,816,ST,90,122,82
717-1344,V2,09 JAN 2014,2,817,ST,96,124,84
717-1344,V3,11 JAN 2014,0,815,SU,84,132,88
717-1344,V3,11 JAN 2014,1,816,ST,96,128,86
717-1344,V3,11 JAN 2014,2,817,ST,90,130,86
717-1344,V3E,23 JAN 2014,0,815,SU,90,162,94
717-1344,V3E,23 JAN 2014,1,816,ST,84,148,92
717-1344,V3E,23 JAN 2014,2,817,ST,90,132,90
717-1344,V4,24 JAN 2014,0,815,SU,84,132,84
717-1344,V4,24 JAN 2014,1,816,ST,90,124,82
717-1344,V4,24 JAN 2014,2,817,ST,90,122,80
717-1344,V5,07 FEB 2014,0,815,SU,90,132,88
717-1344,V5,07 FEB 2014,1,816,ST,96,122,94
717-1344,V5,07 FEB 2014,2,817,ST,92,126,96
717-1344,V6,09 FEB 2014,0,815,SU,84,132,84
717-1344,V6,09 FEB 2014,1,816,ST,90,122,92
717-1344,V6,09 FEB 2014,2,817,ST,96,126,88
717-1344,V7,19 FEB 2014,0,815,SU,90,112,76
717-1344,V7,19 FEB 2014,1,816,ST,86,114,80
717-1344,V7,19 FEB 2014,2,817,ST,90,110,78
717-1357,ET,20 OCT 2013,0,815,SU,47,120,70
717-1357,ET,20 OCT 2013,1,816,ST,56,120,80
717-1357,ET,20 OCT 2013,2,817,ST,54,120,80
717-1357,V1,21 APR 2013,0,815,SU,54,112,72
717-1357,V1,21 APR 2013,1,816,ST,60,122,76
717-1357,V1,21 APR 2013,2,817,ST,60,116,68
717-1357,V10,21 AUG 2013,0,815,SU,72,110,72
717-1357,V10,21 AUG 2013,1,816,ST,76,112,70
717-1357,V10,21 AUG 2013,2,817,ST,68,102,70
717-1357,V11,18 SEP 2013,0,815,SU,60,120,70
717-1357,V11,18 SEP 2013,1,816,ST,71,119,68
717-1357,V11,18 SEP 2013,2,817,ST,68,122,81
717-1357,V2,30 APR 2013,0,815,SU,60,118,68
717-1357,V2,30 APR 2013,1,816,ST,60,108,68
717-1357,V2,30 APR 2013,2,817,ST,62,112,70
717-1357,V3,01 MAY 2013,0,815,SU,52,110,70
717-1357,V3,01 MAY 2013,1,816,ST,58,104,64
717-1357,V3,01 MAY 2013,2,817,ST,54,118,68
717-1357,V4,15 MAY 2013,0,815,SU,68,114,70
717-1357,V4,15 MAY 2013,1,816,ST,70,118,72
717-1357,V4,15 MAY 2013,2,817,ST,74,120,74
717-1357,V5,29 MAY 2013,0,815,SU,68,118,80
717-1357,V5,29 MAY 2013,1,816,ST,66,112,78
717-1357,V5,29 MAY 2013,2,817,ST,68,114,80
717-1357,V7,13 JUN 2013,0,815,SU,66,100,60
717-1357,V7,13 JUN 2013,1,816,ST,54,94,62
717-1357,V7,13 JUN 2013,2,817,ST,64,98,70
717-1357,V8,19 JUN 2013,0,815,SU,50,122,72
717-1357,V8,19 JUN 2013,1,816,ST,60,118,78
717-1357,V8,19 JUN 2013,2,817,ST,68,124,78
717-1357,V9,24 JUL 2013,0,815,SU,54,118,64
717-1357,V9,24 JUL 2013,1,816,ST,50,110,60
717-1357,V9,24 JUL 2013,2,817,ST,56,112,70
717-1446,V1,20 AUG 2013,0,815,SU,56,142,80
717-1446,V1,20 AUG 2013,1,816,ST,60,136,76
717-1446,V1,20 AUG 2013,2,817,ST,58,134,78
717-1446,V10,29 DEC 2013,0,815,SU,58,132,76
717-1446,V10,29 DEC 2013,1,816,ST,62,140,86
717-1446,V10,29 DEC 2013,2,817,ST,64,138,84
717-1446,V11,19 JAN 2014,0,815,SU,60,122,64
717-1446,V11,19 JAN 2014,1,816,ST,64,118,60
717-1446,V11,19 JAN 2014,2,817,ST,64,116,60
717-1446,V12,16 FEB 2014,0,815,SU,68,142,70
717-1446,V12,16 FEB 2014,1,816,ST,74,160,78
717-1446,V12,16 FEB 2014,2,817,ST,72,144,76
717-1446,V13,04 MAR 2014,0,815,SU,80,148,74
717-1446,V13,04 MAR 2014,1,816,ST,80,132,70
717-1446,V13,04 MAR 2014,2,817,ST,82,138,68
717-1446,V2,30 AUG 2013,0,815,SU,54,152,74
717-1446,V2,30 AUG 2013,1,816,ST,68,138,76
717-1446,V2,30 AUG 2013,2,817,ST,62,132,78
717-1446,V3,01 SEP 2013,0,815,SU,60,130,76
717-1446,V3,01 SEP 2013,1,816,ST,62,112,72
717-1446,V3,01 SEP 2013,2,817,ST,64,114,70
717-1446,V3E,15 SEP 2013,0,815,SU,64,134,88
717-1446,V3E,15 SEP 2013,1,816,ST,62,128,86
717-1446,V3E,15 SEP 2013,2,817,ST,60,126,86
717-1446,V4,16 SEP 2013,0,815,SU,68,148,88
717-1446,V4,16 SEP 2013,1,816,ST,80,146,72
717-1446,V4,16 SEP 2013,2,817,ST,78,140,70
717-1446,V5,06 OCT 2013,0,815,SU,56,134,72
717-1446,V5,06 OCT 2013,1,816,ST,60,124,70
717-1446,V5,06 OCT 2013,2,817,ST,64,126,68
717-1446,V6,08 OCT 2013,0,815,SU,64,132,70
717-1446,V6,08 OCT 2013,1,816,ST,74,126,70
717-1446,V6,08 OCT 2013,2,817,ST,72,124,68
717-1446,V7,16 OCT 2013,0,815,SU,60,128,80
717-1446,V7,16 OCT 2013,1,816,ST,62,126,78
717-1446,V7,16 OCT 2013,2,817,ST,62,124,78
717-1446,V8,30 OCT 2013,0,815,SU,66,156,84
717-1446,V8,30 OCT 2013,1,816,ST,78,158,88
717-1446,V8,30 OCT 2013,2,817,ST,84,156,86
717-1446,V9,24 NOV 2013,0,815,SU,60,146,80
717-1446,V9,24 NOV 2013,1,816,ST,74,124,80
717-1446,V9,24 NOV 2013,2,817,ST,75,130,88
718-1066,ET,30 JUL 2013,0,815,SU,74,122,45
718-1066,ET,30 JUL 2013,1,816,ST,89,152,73
718-1066,ET,30 JUL 2013,2,817,ST,86,130,60
718-1066,V1,28 JUN 2013,0,815,SU,60,145,75
718-1066,V1,28 JUN 2013,1,816,ST,75,115,80
718-1066,V1,28 JUN 2013,2,817,ST,72,168,81
718-1066,V2,05 JUL 2013,0,815,SU,70,130,64
718-1066,V2,05 JUL 2013,1,816,ST,76,170,78
718-1066,V2,05 JUL 2013,2,817,ST,74,159,74
718-1066,V3,07 JUL 2013,0,815,SU,74,116,57
718-1066,V3,07 JUL 2013,1,816,ST,95,124,72
718-1066,V3,07 JUL 2013,2,817,ST,88,123,61
718-1079,ET,06 NOV 2012,0,815,SU,83,146,73
718-1079,ET,06 NOV 2012,1,816,ST,82,145,72
718-1079,ET,06 NOV 2012,2,817,ST,86,146,77
718-1079,V1,11 SEP 2012,0,815,SU,86,145,66
718-1079,V1,11 SEP 2012,1,816,ST,100,159,79
718-1079,V1,11 SEP 2012,2,817,ST,100,146,84
718-1079,V2,17 SEP 2012,0,815,SU,86,153,67
718-1079,V2,17 SEP 2012,1,816,ST,90,161,68
718-1079,V2,17 SEP 2012,2,817,ST,94,153,83
718-1079,V201,05 MAR 2013,0,815,SU,74,154,64
718-1079,V201,05 MAR 2013,1,816,ST,68,158,68
718-1079,V201,05 MAR 2013,2,817,ST,74,158,65
718-1079,V3,19 SEP 2012,0,815,SU,81,145,72
718-1079,V3,19 SEP 2012,1,816,ST,94,146,69
718-1079,V3,19 SEP 2012,2,817,ST,87,153,69
718-1079,V3E,02 OCT 2012,0,815,SU,77,154,76
718-1079,V3E,02 OCT 2012,1,816,ST,80,183,74
718-1079,V3E,02 OCT 2012,2,817,ST,82,172,82
718-1079,V4,03 OCT 2012,0,815,SU,84,139,57
718-1079,V4,03 OCT 2012,1,816,ST,93,137,64
718-1079,V4,03 OCT 2012,2,817,ST,89,129,66
718-1079,V5,15 OCT 2012,0,815,SU,76,131,57
718-1079,V5,15 OCT 2012,1,816,ST,76,139,65
718-1079,V5,15 OCT 2012,2,817,ST,86,147,69
718-1079,V6,17 OCT 2012,0,815,SU,80,130,64
718-1079,V6,17 OCT 2012,1,816,ST,81,139,69
718-1079,V6,17 OCT 2012,2,817,ST,86,153,75
718-1101,ET,02 AUG 2013,0,815,SU,55,122,60
718-1101,ET,02 AUG 2013,1,816,ST,89,131,63
718-1101,ET,02 AUG 2013,2,817,ST,74,123,57
718-1101,V1,01 FEB 2013,0,815,SU,56,142,70
718-1101,V1,01 FEB 2013,1,816,ST,80,140,80
718-1101,V1,01 FEB 2013,2,817,ST,76,142,78
718-1101,V10,14 JUN 2013,0,815,SU,61,125,69
718-1101,V10,14 JUN 2013,1,816,ST,78,131,72
718-1101,V10,14 JUN 2013,2,817,ST,75,130,72
718-1101,V11,06 JUL 2013,0,815,SU,78,123,69
718-1101,V11,06 JUL 2013,1,816,ST,89,115,76
718-1101,V11,06 JUL 2013,2,817,ST,87,122,68
718-1101,V2,15 FEB 2013,0,815,SU,61,123,64
718-1101,V2,15 FEB 2013,1,816,ST,75,117,61
718-1101,V2,15 FEB 2013,2,817,ST,71,123,68
718-1101,V3,17 FEB 2013,0,815,SU,65,126,71
718-1101,V3,17 FEB 2013,1,816,ST,69,146,77
718-1101,V3,17 FEB 2013,2,817,ST,70,139,75
718-1101,V3E,02 MAR 2013,0,815,SU,56,124,65
718-1101,V3E,02 MAR 2013,1,816,ST,71,138,73
718-1101,V3E,02 MAR 2013,2,817,ST,69,146,68
718-1101,V4,03 MAR 2013,0,815,SU,59,131,78
718-1101,V4,03 MAR 2013,1,816,ST,72,138,69
718-1101,V4,03 MAR 2013,2,817,ST,72,146,80
718-1101,V5,14 MAR 2013,0,815,SU,68,133,71
718-1101,V5,14 MAR 2013,1,816,ST,83,123,76
718-1101,V5,14 MAR 2013,2,817,ST,77,153,68
718-1101,V6,16 MAR 2013,0,815,SU,62,123,57
718-1101,V6,16 MAR 2013,1,816,ST,80,139,69
718-1101,V6,16 MAR 2013,2,817,ST,79,130,68
718-1101,V7,30 MAR 2013,0,815,SU,74,123,68
718-1101,V7,30 MAR 2013,1,816,ST,87,130,72
718-1101,V7,30 MAR 2013,2,817,ST,88,122,76
718-1101,V8,13 APR 2013,0,815,SU,58,123,60
718-1101,V8,13 APR 2013,1,816,ST,78,116,73
718-1101,V8,13 APR 2013,2,817,ST,74,132,74
718-1101,V9,12 MAY 2013,0,815,SU,68,123,68
718-1101,V9,12 MAY 2013,1,816,ST,72,138,71
718-1101,V9,12 MAY 2013,2,817,ST,73,145,73
718-1139,V1,03 MAY 2013,0,815,SU,60,144,84
718-1139,V1,03 MAY 2013,1,816,ST,68,164,92
718-1139,V1,03 MAY 2013,2,817,ST,67,158,90
718-1139,V10,08 SEP 2013,0,815,SU,55,144,71
718-1139,V10,08 SEP 2013,1,816,ST,71,150,86
718-1139,V10,08 SEP 2013,2,817,ST,64,161,75
718-1139,V11,06 OCT 2013,0,815,SU,61,144,78
718-1139,V11,06 OCT 2013,1,816,ST,69,146,78
718-1139,V11,06 OCT 2013,2,817,ST,68,121,78
718-1139,V12,03 NOV 2013,0,815,SU,58,138,83
718-1139,V12,03 NOV 2013,1,816,ST,68,139,79
718-1139,V12,03 NOV 2013,2,817,ST,65,142,74
718-1139,V13,17 NOV 2013,0,815,SU,56,145,71
718-1139,V13,17 NOV 2013,1,816,ST,58,148,68
718-1139,V13,17 NOV 2013,2,817,ST,64,145,73
718-1139,V2,17 MAY 2013,0,815,SU,62,139,79
718-1139,V2,17 MAY 2013,1,816,ST,72,139,91
718-1139,V2,17 MAY 2013,2,817,ST,72,147,89
718-1139,V3,19 MAY 2013,0,815,SU,67,132,82
718-1139,V3,19 MAY 2013,1,816,ST,72,151,87
718-1139,V3,19 MAY 2013,2,817,ST,72,154,87
718-1139,V3E,01 JUN 2013,0,815,SU,61,145,86
718-1139,V3E,01 JUN 2013,1,816,ST,71,142,86
718-1139,V3E,01 JUN 2013,2,817,ST,70,155,89
718-1139,V4,02 JUN 2013,0,815,SU,64,144,84
718-1139,V4,02 JUN 2013,1,816,ST,72,152,84
718-1139,V4,02 JUN 2013,2,817,ST,71,162,84
718-1139,V5,15 JUN 2013,0,815,SU,64,136,70
718-1139,V5,15 JUN 2013,1,816,ST,74,137,78
718-1139,V5,15 JUN 2013,2,817,ST,72,137,74
718-1139,V6,17 JUN 2013,0,815,SU,66,132,63
718-1139,V6,17 JUN 2013,1,816,ST,74,137,74
718-1139,V6,17 JUN 2013,2,817,ST,70,139,80
718-1139,V7,30 JUN 2013,0,815,SU,62,114,64
718-1139,V7,30 JUN 2013,1,816,ST,72,150,84
718-1139,V7,30 JUN 2013,2,817,ST,68,130,76
718-1139,V8,14 JUL 2013,0,815,SU,62,139,73
718-1139,V8,14 JUL 2013,1,816,ST,72,146,88
718-1139,V8,14 JUL 2013,2,817,ST,69,139,81
718-1139,V9,15 AUG 2013,0,815,SU,57,132,73
718-1139,V9,15 AUG 2013,1,816,ST,68,122,79
718-1139,V9,15 AUG 2013,2,817,ST,64,145,83
718-1150,V1,12 JAN 2013,0,815,SU,60,142,73
718-1150,V1,12 JAN 2013,1,816,ST,57,153,87
718-1150,V1,12 JAN 2013,2,817,ST,55,161,77
718-1150,V10,10 MAY 2013,0,815,SU,61,130,64
718-1150,V10,10 MAY 2013,1,816,ST,61,137,59
718-1150,V10,10 MAY 2013,2,817,ST,62,145,60
718-1150,V11,07 JUN 2013,0,815,SU,64,144,64
718-1150,V11,07 JUN 2013,1,816,ST,70,171,73
718-1150,V11,07 JUN 2013,2,817,ST,67,171,65
718-1150,V12,07 JUL 2013,0,815,SU,62,131,57
718-1150,V12,07 JUL 2013,1,816,ST,58,134,59
718-1150,V12,07 JUL 2013,2,817,ST,60,130,67
718-1150,V13,31 JUL 2013,0,815,SU,57,140,68
718-1150,V13,31 JUL 2013,1,816,ST,54,152,62
718-1150,V13,31 JUL 2013,2,817,ST,57,148,72
718-1150,V3E,01 FEB 2013,0,815,SU,60,140,84
718-1150,V3E,01 FEB 2013,1,816,ST,60,148,84
718-1150,V3E,01 FEB 2013,2,817,ST,56,148,80
718-1150,V4,02 FEB 2013,0,815,SU,67,147,65
718-1150,V4,02 FEB 2013,1,816,ST,63,146,80
718-1150,V4,02 FEB 2013,2,817,ST,66,136,58
718-1150,V5,16 FEB 2013,0,815,SU,57,144,72
718-1150,V5,16 FEB 2013,1,816,ST,60,133,68
718-1150,V5,16 FEB 2013,2,817,ST,62,145,71
718-1150,V6,18 FEB 2013,0,815,SU,68,160,82
718-1150,V6,18 FEB 2013,1,816,ST,64,176,82
718-1150,V6,18 FEB 2013,2,817,ST,60,160,90
718-1150,V7,01 MAR 2013,0,815,SU,67,138,64
718-1150,V7,01 MAR 2013,1,816,ST,62,146,69
718-1150,V7,01 MAR 2013,2,817,ST,59,146,61
718-1150,V8,17 MAR 2013,0,815,SU,80,140,78
718-1150,V8,17 MAR 2013,1,816,ST,68,138,70
718-1150,V8,17 MAR 2013,2,817,ST,72,130,72
718-1150,V9,12 APR 2013,0,815,SU,66,161,68
718-1150,V9,12 APR 2013,1,816,ST,70,152,75
718-1150,V9,12 APR 2013,2,817,ST,68,168,67
718-1170,ET,03 NOV 2013,0,815,SU,62,176,79
718-1170,ET,03 NOV 2013,1,816,ST,74,158,68
718-1170,ET,03 NOV 2013,2,817,ST,78,144,67
718-1170,V1,25 AUG 2013,0,815,SU,76,170,90
718-1170,V1,25 AUG 2013,1,816,ST,76,134,64
718-1170,V1,25 AUG 2013,2,817,ST,88,164,90
718-1170,V2,14 SEP 2013,0,815,SU,72,160,82
718-1170,V2,14 SEP 2013,1,816,ST,88,126,70
718-1170,V2,14 SEP 2013,2,817,ST,94,126,80
718-1170,V201,15 MAR 2014,0,815,SU,79,162,75
718-1170,V201,15 MAR 2014,1,816,ST,79,135,67
718-1170,V201,15 MAR 2014,2,817,ST,86,138,67
718-1170,V3,16 SEP 2013,0,815,SU,74,160,82
718-1170,V3,16 SEP 2013,1,816,ST,91,154,76
718-1170,V3,16 SEP 2013,2,817,ST,90,147,73
718-1170,V3E,28 SEP 2013,0,815,SU,80,138,90
718-1170,V3E,28 SEP 2013,1,816,ST,96,150,88
718-1170,V3E,28 SEP 2013,2,817,ST,80,154,90
718-1170,V4,29 SEP 2013,0,815,SU,68,190,92
718-1170,V4,29 SEP 2013,1,816,ST,76,150,90
718-1170,V4,29 SEP 2013,2,817,ST,80,160,88
718-1172,ET,29 NOV 2013,0,815,SU,59,163,99
718-1172,ET,29 NOV 2013,1,816,ST,62,156,92
718-1172,ET,29 NOV 2013,2,817,ST,59,162,100
718-1172,V1,15 SEP 2013,0,815,SU,67,170,95
718-1172,V1,15 SEP 2013,1,816,ST,68,162,88
718-1172,V1,15 SEP 2013,2,817,ST,69,154,100
718-1172,V2,19 SEP 2013,0,815,SU,68,134,90
718-1172,V2,19 SEP 2013,1,816,ST,68,140,92
718-1172,V2,19 SEP 2013,2,817,ST,68,140,92
718-1172,V201,21 MAR 2014,0,815,SU,59,147,85
718-1172,V201,21 MAR 2014,1,816,ST,70,139,92
718-1172,V201,21 MAR 2014,2,817,ST,66,155,89
718-1172,V3,21 SEP 2013,0,815,SU,65,147,99
718-1172,V3,21 SEP 2013,1,816,ST,72,138,91
718-1172,V3,21 SEP 2013,2,817,ST,67,162,95
718-1172,V3E,04 OCT 2013,0,815,SU,60,143,90
718-1172,V3E,04 OCT 2013,1,816,ST,66,133,86
718-1172,V3E,04 OCT 2013,2,817,ST,62,159,89
718-1172,V4,05 OCT 2013,0,815,SU,68,160,90
718-1172,V4,05 OCT 2013,1,816,ST,76,170,94
718-1172,V4,05 OCT 2013,2,817,ST,64,168,90
718-1172,V5,17 OCT 2013,0,815,SU,67,150,87
718-1172,V5,17 OCT 2013,1,816,ST,73,154,95
718-1172,V5,17 OCT 2013,2,817,ST,71,147,91
718-1172,V6,19 OCT 2013,0,815,SU,65,132,77
718-1172,V6,19 OCT 2013,1,816,ST,68,138,84
718-1172,V6,19 OCT 2013,2,817,ST,70,135,85
718-1172,V7,02 NOV 2013,0,815,SU,68,140,84
718-1172,V7,02 NOV 2013,1,816,ST,72,140,80
718-1172,V7,02 NOV 2013,2,817,ST,74,142,80
718-1172,V8,16 NOV 2013,0,815,SU,67,140,85
718-1172,V8,16 NOV 2013,1,816,ST,69,139,83
718-1172,V8,16 NOV 2013,2,817,ST,70,146,92
718-1250,ET,08 FEB 2014,0,815,SU,55,131,64
718-1250,ET,08 FEB 2014,1,816,ST,67,113,51
718-1250,ET,08 FEB 2014,2,817,ST,61,123,61
718-1250,V1,21 AUG 2013,0,815,SU,68,129,58
718-1250,V1,21 AUG 2013,1,816,ST,88,122,60
718-1250,V1,21 AUG 2013,2,817,ST,88,123,61
718-1250,V10,11 JAN 2014,0,815,SU,57,122,56
718-1250,V10,11 JAN 2014,1,816,ST,72,113,55
718-1250,V10,11 JAN 2014,2,817,ST,69,106,56
718-1250,V2,19 SEP 2013,0,815,SU,66,120,62
718-1250,V2,19 SEP 2013,1,816,ST,72,116,60
718-1250,V2,19 SEP 2013,2,817,ST,70,112,64
718-1250,V201,08 MAR 2014,0,815,SU,58,99,42
718-1250,V201,08 MAR 2014,1,816,ST,71,99,52
718-1250,V201,08 MAR 2014,2,817,ST,73,100,50
718-1250,V3,21 SEP 2013,0,815,SU,60,122,59
718-1250,V3,21 SEP 2013,1,816,ST,71,126,63
718-1250,V3,21 SEP 2013,2,817,ST,64,119,62
718-1250,V3E,02 OCT 2013,0,815,SU,72,120,70
718-1250,V3E,02 OCT 2013,1,816,ST,72,116,70
718-1250,V3E,02 OCT 2013,2,817,ST,76,110,68
718-1250,V4,03 OCT 2013,0,815,SU,63,144,64
718-1250,V4,03 OCT 2013,1,816,ST,70,138,64
718-1250,V4,03 OCT 2013,2,817,ST,70,139,61
718-1250,V5,17 OCT 2013,0,815,SU,61,113,59
718-1250,V5,17 OCT 2013,1,816,ST,72,122,56
718-1250,V5,17 OCT 2013,2,817,ST,70,122,56
718-1250,V6,19 OCT 2013,0,815,SU,59,122,56
718-1250,V6,19 OCT 2013,1,816,ST,82,122,53
718-1250,V6,19 OCT 2013,2,817,ST,81,122,56
718-1250,V7,02 NOV 2013,0,815,SU,61,122,60
718-1250,V7,02 NOV 2013,1,816,ST,80,130,60
718-1250,V7,02 NOV 2013,2,817,ST,69,114,52
718-1250,V8,16 NOV 2013,0,815,SU,63,131,64
718-1250,V8,16 NOV 2013,1,816,ST,73,127,62
718-1250,V8,16 NOV 2013,2,817,ST,72,122,62
718-1250,V9,14 DEC 2013,0,815,SU,59,130,63
718-1250,V9,14 DEC 2013,1,816,ST,86,128,55
718-1250,V9,14 DEC 2013,2,817,ST,70,130,66
718-1254,V1,28 JUN 2013,0,815,SU,50,131,67
718-1254,V1,28 JUN 2013,1,816,ST,53,124,61
718-1254,V1,28 JUN 2013,2,817,ST,54,153,81
718-1254,V10,31 OCT 2013,0,815,SU,52,145,64
718-1254,V10,31 OCT 2013,1,816,ST,58,153,59
718-1254,V10,31 OCT 2013,2,817,ST,58,137,61
718-1254,V11,26 NOV 2013,0,815,SU,53,139,77
718-1254,V11,26 NOV 2013,1,816,ST,55,137,71
718-1254,V11,26 NOV 2013,2,817,ST,60,123,76
718-1254,V12,26 DEC 2013,0,815,SU,76,130,79
718-1254,V12,26 DEC 2013,1,816,ST,58,139,69
718-1254,V12,26 DEC 2013,2,817,ST,56,135,64
718-1254,V13,09 JAN 2014,0,815,SU,55,139,72
718-1254,V13,09 JAN 2014,1,816,ST,55,164,69
718-1254,V13,09 JAN 2014,2,817,ST,53,140,80
718-1254,V2,02 JUL 2013,0,815,SU,54,178,71
718-1254,V2,02 JUL 2013,1,816,ST,54,155,79
718-1254,V2,02 JUL 2013,2,817,ST,55,166,75
718-1254,V3,10 JUL 2013,0,815,SU,51,178,87
718-1254,V3,10 JUL 2013,1,816,ST,53,153,68
718-1254,V3,10 JUL 2013,2,817,ST,51,138,58
718-1254,V3E,24 JUL 2013,0,815,SU,56,154,74
718-1254,V3E,24 JUL 2013,1,816,ST,60,148,64
718-1254,V3E,24 JUL 2013,2,817,ST,64,150,66
718-1254,V4,25 JUL 2013,0,815,SU,54,130,64
718-1254,V4,25 JUL 2013,1,816,ST,57,130,66
718-1254,V4,25 JUL 2013,2,817,ST,55,130,68
718-1254,V5,06 AUG 2013,0,815,SU,52,135,73
718-1254,V5,06 AUG 2013,1,816,ST,55,139,55
718-1254,V5,06 AUG 2013,2,817,ST,52,146,66
718-1254,V6,08 AUG 2013,0,815,SU,55,130,68
718-1254,V6,08 AUG 2013,1,816,ST,62,122,61
718-1254,V6,08 AUG 2013,2,817,ST,57,123,57
718-1254,V7,20 AUG 2013,0,815,SU,52,123,58
718-1254,V7,20 AUG 2013,1,816,ST,59,130,68
718-1254,V7,20 AUG 2013,2,817,ST,57,131,65
718-1254,V8,05 SEP 2013,0,815,SU,49,138,64
718-1254,V8,05 SEP 2013,1,816,ST,51,149,54
718-1254,V8,05 SEP 2013,2,817,ST,54,131,64
718-1254,V9,03 OCT 2013,0,815,SU,78,135,70
718-1254,V9,03 OCT 2013,1,816,ST,78,140,75
718-1254,V9,03 OCT 2013,2,817,ST,76,128,71
718-1328,ET,01 MAY 2013,0,815,SU,52,176,70
718-1328,ET,01 MAY 2013,1,816,ST,56,153,68
718-1328,ET,01 MAY 2013,2,817,ST,69,153,75
718-1328,V1,28 JAN 2013,0,815,SU,62,180,81
718-1328,V1,28 JAN 2013,1,816,ST,67,180,79
718-1328,V1,28 JAN 2013,2,817,ST,70,160,78
718-1328,V2,30 JAN 2013,0,815,SU,61,138,61
718-1328,V2,30 JAN 2013,1,816,ST,68,135,60
718-1328,V2,30 JAN 2013,2,817,ST,67,143,60
718-1328,V201,24 JUL 2013,0,815,SU,62,147,73
718-1328,V201,24 JUL 2013,1,816,ST,69,158,83
718-1328,V201,24 JUL 2013,2,817,ST,70,147,73
718-1328,V3,01 FEB 2013,0,815,SU,66,147,69
718-1328,V3,01 FEB 2013,1,816,ST,72,145,61
718-1328,V3,01 FEB 2013,2,817,ST,72,147,73
718-1328,V3E,13 FEB 2013,0,815,SU,67,140,65
718-1328,V3E,13 FEB 2013,1,816,ST,70,139,73
718-1328,V3E,13 FEB 2013,2,817,ST,69,139,73
718-1328,V4,14 FEB 2013,0,815,SU,68,146,76
718-1328,V4,14 FEB 2013,1,816,ST,80,150,66
718-1328,V4,14 FEB 2013,2,817,ST,68,138,60
718-1328,V5,07 MAR 2013,0,815,SU,61,123,65
718-1328,V5,07 MAR 2013,1,816,ST,66,112,56
718-1328,V5,07 MAR 2013,2,817,ST,65,124,61
718-1328,V7,20 MAR 2013,0,815,SU,67,138,74
718-1328,V7,20 MAR 2013,1,816,ST,74,138,68
718-1328,V7,20 MAR 2013,2,817,ST,72,139,66
718-1328,V8,04 APR 2013,0,815,SU,62,130,64
718-1328,V8,04 APR 2013,1,816,ST,72,131,80
718-1328,V8,04 APR 2013,2,817,ST,66,133,57
718-1355,V1,12 FEB 2013,0,815,SU,68,180,85
718-1355,V1,12 FEB 2013,1,816,ST,84,169,89
718-1355,V1,12 FEB 2013,2,817,ST,81,178,90
718-1355,V10,20 JUN 2013,0,815,SU,81,150,83
718-1355,V10,20 JUN 2013,1,816,ST,82,155,86
718-1355,V10,20 JUN 2013,2,817,ST,77,154,79
718-1355,V11,18 JUL 2013,0,815,SU,83,147,81
718-1355,V11,18 JUL 2013,1,816,ST,95,137,79
718-1355,V11,18 JUL 2013,2,817,ST,76,148,79
718-1355,V12,15 AUG 2013,0,815,SU,86,176,109
718-1355,V12,15 AUG 2013,1,816,ST,88,199,117
718-1355,V12,15 AUG 2013,2,817,ST,83,186,96
718-1355,V13,29 AUG 2013,0,815,SU,65,130,71
718-1355,V13,29 AUG 2013,1,816,ST,74,126,66
718-1355,V13,29 AUG 2013,2,817,ST,76,145,67
718-1355,V2,26 FEB 2013,0,815,SU,75,155,74
718-1355,V2,26 FEB 2013,1,816,ST,80,148,86
718-1355,V2,26 FEB 2013,2,817,ST,79,157,76
718-1355,V3,28 FEB 2013,0,815,SU,71,150,68
718-1355,V3,28 FEB 2013,1,816,ST,80,159,93
718-1355,V3,28 FEB 2013,2,817,ST,76,153,77
718-1355,V3E,15 MAR 2013,0,815,SU,68,168,92
718-1355,V3E,15 MAR 2013,1,816,ST,72,160,88
718-1355,V3E,15 MAR 2013,2,817,ST,80,156,84
718-1355,V4,16 MAR 2013,0,815,SU,77,152,72
718-1355,V4,16 MAR 2013,1,816,ST,79,173,92
718-1355,V4,16 MAR 2013,2,817,ST,74,155,92
718-1355,V5,28 MAR 2013,0,815,SU,65,174,98
718-1355,V5,28 MAR 2013,1,816,ST,80,202,96
718-1355,V5,28 MAR 2013,2,817,ST,76,165,100
718-1355,V6,30 MAR 2013,0,815,SU,84,150,90
718-1355,V6,30 MAR 2013,1,816,ST,80,150,90
718-1355,V6,30 MAR 2013,2,817,ST,80,150,90
718-1355,V7,13 APR 2013,0,815,SU,77,183,94
718-1355,V7,13 APR 2013,1,816,ST,84,178,94
718-1355,V7,13 APR 2013,2,817,ST,88,177,98
718-1355,V8,25 APR 2013,0,815,SU,64,189,91
718-1355,V8,25 APR 2013,1,816,ST,80,183,101
718-1355,V8,25 APR 2013,2,817,ST,81,175,101
718-1355,V9,23 MAY 2013,0,815,SU,69,137,85
718-1355,V9,23 MAY 2013,1,816,ST,83,142,72
718-1355,V9,23 MAY 2013,2,817,ST,77,146,84
718-1371,ET,08 AUG 2013,0,815,SU,66,144,70
718-1371,ET,08 AUG 2013,1,816,ST,83,159,72
718-1371,ET,08 AUG 2013,2,817,ST,76,153,86
718-1371,V1,11 APR 2013,0,815,SU,73,145,71
718-1371,V1,11 APR 2013,1,816,ST,83,138,57
718-1371,V1,11 APR 2013,2,817,ST,80,139,72
718-1371,V2,24 APR 2013,0,815,SU,80,138,88
718-1371,V2,24 APR 2013,1,816,ST,84,130,88
718-1371,V2,24 APR 2013,2,817,ST,80,124,86
718-1371,V3,26 APR 2013,0,815,SU,74,138,56
718-1371,V3,26 APR 2013,1,816,ST,84,124,73
718-1371,V3,26 APR 2013,2,817,ST,90,152,104
718-1371,V3E,07 MAY 2013,0,815,SU,80,129,56
718-1371,V3E,07 MAY 2013,1,816,ST,89,143,69
718-1371,V3E,07 MAY 2013,2,817,ST,85,139,61
718-1371,V4,08 MAY 2013,0,815,SU,80,144,74
718-1371,V4,08 MAY 2013,1,816,ST,78,136,83
718-1371,V4,08 MAY 2013,2,817,ST,81,134,70
718-1371,V5,24 MAY 2013,0,815,SU,99,121,69
718-1371,V5,24 MAY 2013,1,816,ST,91,138,76
718-1371,V5,24 MAY 2013,2,817,ST,97,124,93
718-1371,V6,26 MAY 2013,2,817,ST,97,131,70
718-1371,V7,20 JUN 2013,0,815,SU,65,129,53
718-1371,V7,20 JUN 2013,1,816,ST,71,137,52
718-1371,V7,20 JUN 2013,2,817,ST,72,123,54
718-1371,V8,04 JUL 2013,0,815,SU,72,147,61
718-1371,V8,04 JUL 2013,1,816,ST,81,138,64
718-1371,V8,04 JUL 2013,2,817,ST,83,146,59
718-1427,ET,18 FEB 2013,0,815,SU,66,162,68
718-1427,ET,18 FEB 2013,1,816,ST,74,164,98
718-1427,ET,18 FEB 2013,2,817,ST,70,147,80
718-1427,V1,13 DEC 2012,0,815,SU,61,167,77
718-1427,V1,13 DEC 2012,1,816,ST,74,154,91
718-1427,V1,13 DEC 2012,2,817,ST,73,164,89
718-1427,V2,15 DEC 2012,0,815,SU,64,138,73
718-1427,V2,15 DEC 2012,1,816,ST,80,136,70
718-1427,V2,15 DEC 2012,2,817,ST,76,138,72
718-1427,V201,03 JUN 2013,0,815,SU,56,131,64
718-1427,V201,03 JUN 2013,1,816,ST,70,129,67
718-1427,V201,03 JUN 2013,2,817,ST,65,136,67
718-1427,V3,17 DEC 2012,0,815,SU,65,153,79
718-1427,V3,17 DEC 2012,1,816,ST,70,153,76
718-1427,V3,17 DEC 2012,2,817,ST,67,147,73
718-1427,V3E,30 DEC 2012,0,815,SU,64,148,78
718-1427,V3E,30 DEC 2012,1,816,ST,83,136,79
718-1427,V3E,30 DEC 2012,2,817,ST,77,136,73
718-1427,V4,31 DEC 2012,0,815,SU,66,138,72
718-1427,V4,31 DEC 2012,1,816,ST,86,138,76
718-1427,V4,31 DEC 2012,2,817,ST,83,131,77
718-1427,V5,17 JAN 2013,0,815,SU,66,155,80
718-1427,V5,17 JAN 2013,1,816,ST,69,146,79
718-1427,V5,17 JAN 2013,2,817,ST,73,154,83
718-1427,V6,19 JAN 2013,0,815,SU,62,131,64
718-1427,V6,19 JAN 2013,1,816,ST,77,138,72
718-1427,V6,19 JAN 2013,2,817,ST,74,146,80
718-1427,V7,28 JAN 2013,0,815,SU,61,170,87
718-1427,V7,28 JAN 2013,1,816,ST,70,146,86
718-1427,V7,28 JAN 2013,2,817,ST,62,163,87
